#include <fel.h>

static int chip_detect(struct xfel_ctx_t * ctx, uint32_t id)
{
	if(id == 0x00193700)
		return 1;
	return 0;
}

static uint32_t payload_read32(struct xfel_ctx_t * ctx, uint32_t addr)
{
	static const uint8_t payload[] = {
		0x37, 0x03, 0x40, 0x00, 0x73, 0x20, 0x03, 0x7c, 0x0f, 0x10, 0x00, 0x00,
		0x09, 0xa0, 0x97, 0x02, 0x00, 0x00, 0x93, 0x82, 0xe2, 0x01, 0x83, 0xa2,
		0x02, 0x00, 0x83, 0xa2, 0x02, 0x00, 0x17, 0x03, 0x00, 0x00, 0x13, 0x03,
		0x23, 0x01, 0x23, 0x20, 0x53, 0x00, 0x82, 0x80,
	};
	uint32_t adr = cpu_to_le32(addr);
	uint32_t val;

	fel_write(ctx, ctx->version.scratchpad, (void *)payload, sizeof(payload));
	fel_write(ctx, ctx->version.scratchpad + sizeof(payload), (void *)&adr, sizeof(adr));
	fel_exec(ctx, ctx->version.scratchpad);
	fel_read(ctx, ctx->version.scratchpad + sizeof(payload) + sizeof(adr), (void *)&val, sizeof(val));
	return le32_to_cpu(val);
}

static void payload_write32(struct xfel_ctx_t * ctx, uint32_t addr, uint32_t val)
{
	static const uint8_t payload[] = {
		0x37, 0x03, 0x40, 0x00, 0x73, 0x20, 0x03, 0x7c, 0x0f, 0x10, 0x00, 0x00,
		0x09, 0xa0, 0x97, 0x02, 0x00, 0x00, 0x93, 0x82, 0xe2, 0x01, 0x83, 0xa2,
		0x02, 0x00, 0x17, 0x03, 0x00, 0x00, 0x13, 0x03, 0x63, 0x01, 0x03, 0x23,
		0x03, 0x00, 0x23, 0xa0, 0x62, 0x00, 0x82, 0x80,
	};
	uint32_t params[2] = {
		cpu_to_le32(addr),
		cpu_to_le32(val),
	};

	fel_write(ctx, ctx->version.scratchpad, (void *)payload, sizeof(payload));
	fel_write(ctx, ctx->version.scratchpad + sizeof(payload), (void *)params, sizeof(params));
	fel_exec(ctx, ctx->version.scratchpad);
}

enum {
	SID_PRCTL		= 0x03006000 + 0x00,
	SID_PR_ADDR		= 0x03006000 + 0x04,
	SID_PRKEY		= 0x03006000 + 0x08,
	SID_RDKEY		= 0x03006000 + 0x0C,
	EFUSE_HV_SWITCH	= 0x03090000 + 0x204,
};

static uint32_t efuse_read(struct xfel_ctx_t * ctx, uint32_t offset)
{
	uint32_t val;

	payload_write32(ctx, SID_PR_ADDR, offset / 4);
	val = payload_read32(ctx, SID_PRCTL);
	val &= ~((0xffff << 16) | 0x3);
	val |= (0xadbf << 16) | 0x2;
	payload_write32(ctx, SID_PRCTL, val);
	while(payload_read32(ctx, SID_PRCTL) & 0x2);
	val &= ~((0xffff << 16) | 0x3);
	payload_write32(ctx, SID_PRCTL, val);
	val = payload_read32(ctx, SID_RDKEY);

	return val;
}

static void efuse_write(struct xfel_ctx_t * ctx, uint32_t offset, uint32_t value)
{
	uint32_t val;

	payload_write32(ctx, EFUSE_HV_SWITCH, 0x1);
	payload_write32(ctx, SID_PRKEY, value);
	payload_write32(ctx, SID_PR_ADDR, offset / 4);
	val = payload_read32(ctx, SID_PRCTL);
	val &= ~((0xffff << 16) | 0x3);
	val |= (0xe0c9 << 16) | 0x1;
	payload_write32(ctx, SID_PRCTL, val);
	while(payload_read32(ctx, SID_PRCTL) & 0x1);
	val &= ~((0xffff << 16) | 0x3);
	payload_write32(ctx, SID_PRCTL, val);
	payload_write32(ctx, EFUSE_HV_SWITCH, 0x0);
}

static int chip_reset(struct xfel_ctx_t * ctx)
{
	payload_write32(ctx, 0x020500a0 + 0x08, (0x16aa << 16) | (0x1 << 0));
	return 1;
}

static int chip_sid(struct xfel_ctx_t * ctx, char * sid)
{
	uint32_t id[4];

	id[0] = efuse_read(ctx, 0x0);
	id[1] = efuse_read(ctx, 0x4);
	id[2] = efuse_read(ctx, 0x8);
	id[3] = efuse_read(ctx, 0xc);
	sprintf(sid, "%08x%08x%08x%08x", id[0], id[1], id[2], id[3]);
	return 1;
}

static int chip_jtag(struct xfel_ctx_t * ctx)
{
	uint32_t addr;
	uint32_t val;

	/* Config GPIOF0, GPIOF1, GPIOF3 and GPIOF5 to JTAG mode */
	addr = 0x020000f0 + 0x00;
	val = payload_read32(ctx, addr);
	val &= ~(0xf << ((0 & 0x7) << 2));
	val |= ((0x4 & 0xf) << ((0 & 0x7) << 2));
	payload_write32(ctx, addr, val);

	val = payload_read32(ctx, addr);
	val &= ~(0xf << ((1 & 0x7) << 2));
	val |= ((0x4 & 0xf) << ((1 & 0x7) << 2));
	payload_write32(ctx, addr, val);

	val = payload_read32(ctx, addr);
	val &= ~(0xf << ((3 & 0x7) << 2));
	val |= ((0x4 & 0xf) << ((3 & 0x7) << 2));
	payload_write32(ctx, addr, val);

	val = payload_read32(ctx, addr);
	val &= ~(0xf << ((5 & 0x7) << 2));
	val |= ((0x4 & 0xf) << ((5 & 0x7) << 2));
	payload_write32(ctx, addr, val);

	return 1;
}

static int chip_ddr(struct xfel_ctx_t * ctx, const char * type)
{
	static const uint8_t f101_s2_payload[] = {
		0x6f, 0x00, 0x80, 0x3c, 0x65, 0x47, 0x4f, 0x4e, 0x2e, 0x42, 0x54, 0x30,
		0xaf, 0xbd, 0x8e, 0x7a, 0x80, 0x48, 0x00, 0x00, 0x30, 0x00, 0x00, 0x00,
		0xff, 0xff, 0xff, 0xff, 0x40, 0x83, 0x02, 0x00, 0x00, 0x80, 0x02, 0x00,
		0x00, 0x00, 0x00, 0x00, 0x00, 0x00, 0x33, 0x2e, 0x30, 0x2e, 0x30, 0x00,
		0x00, 0x00, 0x00, 0x00, 0x00, 0x00, 0x00, 0x00, 0xe4, 0x00, 0x00, 0x00,
		0x01, 0x00, 0x00, 0x00, 0xfb, 0xfb, 0x7b, 0x00, 0x00, 0x00, 0x00, 0x00,
		0x08, 0x00, 0x00, 0x00, 0x00, 0x00, 0x00, 0x00, 0x00, 0x00, 0x00, 0x00,
		0x00, 0x00, 0x00, 0x00, 0x00, 0x00, 0x00, 0x00, 0x00, 0x00, 0x00, 0x00,
		0x00, 0x00, 0x00, 0x00, 0x00, 0x00, 0x00, 0x00, 0x00, 0x00, 0x00, 0x00,
		0x00, 0x00, 0x00, 0x00, 0x00, 0x00, 0x00, 0x00, 0x00, 0x00, 0x00, 0x00,
		0x00, 0x00, 0x00, 0x00, 0x00, 0x00, 0x00, 0x00, 0x00, 0x00, 0x00, 0x00,
		0x00, 0x00, 0x00, 0x00, 0x00, 0x00, 0x00, 0x00, 0x00, 0x00, 0x00, 0x00,
		0x00, 0x00, 0x00, 0x00, 0x00, 0x00, 0x00, 0x00, 0x00, 0x00, 0x00, 0x00,
		0x00, 0x00, 0x00, 0x00, 0x00, 0x00, 0x00, 0x00, 0x00, 0x00, 0x00, 0x00,
		0x00, 0x00, 0x00, 0x00, 0x00, 0x00, 0x00, 0x00, 0x00, 0x00, 0x00, 0x00,
		0x00, 0x00, 0x00, 0x00, 0x03, 0x00, 0x00, 0x00, 0x05, 0x08, 0x06, 0x01,
		0xff, 0xff, 0x00, 0x00, 0x05, 0x09, 0x06, 0x01, 0xff, 0xff, 0x00, 0x00,
		0x01, 0x00, 0x00, 0x00, 0x06, 0x00, 0x04, 0xff, 0xff, 0xff, 0x00, 0x00,
		0x06, 0x05, 0x04, 0xff, 0xff, 0xff, 0x00, 0x00, 0x06, 0x03, 0x04, 0xff,
		0xff, 0xff, 0x00, 0x00, 0x06, 0x01, 0x04, 0xff, 0xff, 0xff, 0x00, 0x00,
		0x00, 0x00, 0x00, 0x00, 0x00, 0x00, 0x00, 0x00, 0x06, 0x00, 0x02, 0x01,
		0x02, 0x00, 0x00, 0x00, 0x06, 0x01, 0x02, 0x01, 0x02, 0x00, 0x00, 0x00,
		0x06, 0x02, 0x02, 0x01, 0x02, 0x00, 0x00, 0x00, 0x06, 0x03, 0x02, 0x01,
		0x02, 0x00, 0x00, 0x00, 0x06, 0x04, 0x02, 0x01, 0x02, 0x00, 0x00, 0x00,
		0x06, 0x05, 0x02, 0x01, 0x02, 0x00, 0x00, 0x00, 0x00, 0x00, 0x00, 0x00,
		0x00, 0x00, 0x00, 0x00, 0x00, 0x00, 0x00, 0x00, 0x00, 0x00, 0x00, 0x00,
		0x00, 0x00, 0x00, 0x00, 0x00, 0x00, 0x00, 0x00, 0x00, 0x00, 0x00, 0x00,
		0x00, 0x00, 0x00, 0x00, 0x00, 0x00, 0x00, 0x00, 0x00, 0x00, 0x00, 0x00,
		0x00, 0x00, 0x00, 0x00, 0x00, 0x00, 0x00, 0x00, 0x00, 0x00, 0x00, 0x00,
		0x00, 0x00, 0x00, 0x00, 0x00, 0x00, 0x00, 0x00, 0x00, 0x00, 0x00, 0x00,
		0x00, 0x00, 0x00, 0x00, 0x00, 0x00, 0x00, 0x00, 0x00, 0x00, 0x00, 0x00,
		0x00, 0x00, 0x00, 0x00, 0x00, 0x00, 0x00, 0x00, 0x00, 0x00, 0x00, 0x00,
		0x00, 0x00, 0x00, 0x00, 0x00, 0x00, 0x00, 0x00, 0x00, 0x00, 0x00, 0x00,
		0x00, 0x00, 0x00, 0x00, 0x00, 0x00, 0x00, 0x00, 0x00, 0x00, 0x00, 0x00,
		0x00, 0x00, 0x00, 0x00, 0x00, 0x00, 0x00, 0x00, 0x00, 0x00, 0x00, 0x00,
		0x00, 0x00, 0x00, 0x00, 0x00, 0x00, 0x00, 0x00, 0x00, 0x00, 0x00, 0x00,
		0x00, 0x00, 0x00, 0x00, 0x00, 0x00, 0x00, 0x00, 0x00, 0x00, 0x00, 0x00,
		0x00, 0x00, 0x00, 0x00, 0x00, 0x00, 0x00, 0x00, 0x00, 0x00, 0x00, 0x00,
		0x00, 0x00, 0x00, 0x00, 0x00, 0x00, 0x00, 0x00, 0x00, 0x00, 0x00, 0x00,
		0x00, 0x00, 0x00, 0x00, 0x00, 0x00, 0x00, 0x00, 0x00, 0x00, 0x00, 0x00,
		0x00, 0x00, 0x00, 0x00, 0x00, 0x00, 0x00, 0x00, 0x00, 0x00, 0x00, 0x00,
		0x00, 0x00, 0x00, 0x00, 0x00, 0x00, 0x00, 0x00, 0x00, 0x00, 0x00, 0x00,
		0x00, 0x00, 0x00, 0x00, 0x00, 0x00, 0x00, 0x00, 0x00, 0x00, 0x00, 0x00,
		0x00, 0x00, 0x00, 0x00, 0x00, 0x00, 0x00, 0x00, 0x00, 0x00, 0x00, 0x00,
		0x00, 0x00, 0x00, 0x00, 0x00, 0x00, 0x00, 0x00, 0x00, 0x00, 0x00, 0x00,
		0x00, 0x00, 0x00, 0x00, 0x00, 0x00, 0x00, 0x00, 0x00, 0x00, 0x00, 0x00,
		0x00, 0x00, 0x00, 0x00, 0x00, 0x00, 0x00, 0x00, 0x00, 0x00, 0x00, 0x00,
		0x00, 0x00, 0x00, 0x00, 0x00, 0x00, 0x00, 0x00, 0x00, 0x00, 0x00, 0x00,
		0x00, 0x00, 0x00, 0x00, 0x00, 0x00, 0x00, 0x00, 0x00, 0x00, 0x00, 0x00,
		0x00, 0x00, 0x00, 0x00, 0x00, 0x00, 0x00, 0x00, 0x00, 0x00, 0x00, 0x00,
		0x00, 0x00, 0x00, 0x00, 0x00, 0x00, 0x00, 0x00, 0x00, 0x00, 0x00, 0x00,
		0x00, 0x00, 0x00, 0x00, 0x00, 0x00, 0x00, 0x00, 0x00, 0x00, 0x00, 0x00,
		0x00, 0x00, 0x00, 0x00, 0x00, 0x00, 0x00, 0x00, 0x00, 0x00, 0x00, 0x00,
		0x00, 0x00, 0x00, 0x00, 0x00, 0x00, 0x00, 0x00, 0x00, 0x00, 0x00, 0x00,
		0x00, 0x00, 0x00, 0x00, 0x00, 0x00, 0x00, 0x00, 0x00, 0x00, 0x00, 0x00,
		0x00, 0x00, 0x00, 0x00, 0x00, 0x00, 0x00, 0x00, 0x00, 0x00, 0x00, 0x00,
		0x00, 0x00, 0x00, 0x00, 0x00, 0x00, 0x00, 0x00, 0x00, 0x00, 0x00, 0x00,
		0x00, 0x00, 0x00, 0x00, 0x00, 0x00, 0x00, 0x00, 0x00, 0x00, 0x00, 0x00,
		0x00, 0x00, 0x00, 0x00, 0x00, 0x00, 0x00, 0x00, 0x00, 0x00, 0x00, 0x00,
		0x00, 0x00, 0x00, 0x00, 0x00, 0x00, 0x00, 0x00, 0x00, 0x00, 0x00, 0x00,
		0x00, 0x00, 0x00, 0x00, 0x00, 0x00, 0x00, 0x00, 0x00, 0x00, 0x00, 0x00,
		0x00, 0x00, 0x00, 0x00, 0x00, 0x00, 0x00, 0x00, 0x00, 0x00, 0x00, 0x00,
		0x00, 0x00, 0x00, 0x00, 0x00, 0x00, 0x00, 0x00, 0x00, 0x00, 0x00, 0x00,
		0x00, 0x00, 0x00, 0x00, 0x7b, 0x32, 0x65, 0x63, 0x36, 0x62, 0x65, 0x61,
		0x36, 0x7d, 0x00, 0x00, 0x00, 0x00, 0x00, 0x00, 0x00, 0x00, 0x00, 0x00,
		0x00, 0x00, 0x00, 0x00, 0x00, 0x00, 0x00, 0x00, 0x00, 0x00, 0x00, 0x00,
		0x00, 0x00, 0x00, 0x00, 0x00, 0x00, 0x00, 0x00, 0x00, 0x00, 0x00, 0x00,
		0x00, 0x00, 0x00, 0x00, 0x00, 0x00, 0x00, 0x00, 0x00, 0x00, 0x00, 0x00,
		0x00, 0x00, 0x00, 0x00, 0x00, 0x00, 0x00, 0x00, 0x00, 0x00, 0x00, 0x00,
		0x00, 0x00, 0x00, 0x00, 0x00, 0x00, 0x00, 0x00, 0x00, 0x00, 0x00, 0x00,
		0x00, 0x00, 0x00, 0x00, 0x00, 0x00, 0x00, 0x00, 0x00, 0x00, 0x00, 0x00,
		0x00, 0x00, 0x00, 0x00, 0x00, 0x00, 0x00, 0x00, 0x00, 0x00, 0x00, 0x00,
		0x00, 0x00, 0x00, 0x00, 0x00, 0x00, 0x00, 0x00, 0x00, 0x00, 0x00, 0x00,
		0x00, 0x00, 0x00, 0x00, 0x00, 0x00, 0x00, 0x00, 0x00, 0x00, 0x00, 0x00,
		0x00, 0x00, 0x00, 0x00, 0x00, 0x00, 0x00, 0x00, 0x00, 0x00, 0x00, 0x00,
		0x00, 0x00, 0x00, 0x00, 0x00, 0x00, 0x00, 0x00, 0x00, 0x00, 0x00, 0x00,
		0x00, 0x00, 0x00, 0x00, 0x00, 0x00, 0x00, 0x00, 0x00, 0x00, 0x00, 0x00,
		0x00, 0x00, 0x00, 0x00, 0x00, 0x00, 0x00, 0x00, 0x00, 0x00, 0x00, 0x00,
		0x00, 0x00, 0x00, 0x00, 0x00, 0x00, 0x00, 0x00, 0x00, 0x00, 0x00, 0x00,
		0x00, 0x00, 0x00, 0x00, 0x00, 0x00, 0x00, 0x00, 0x00, 0x00, 0x00, 0x00,
		0x00, 0x00, 0x00, 0x00, 0x00, 0x00, 0x00, 0x00, 0x01, 0x11, 0x22, 0xc4,
		0x26, 0xc8, 0x06, 0xcc, 0x2a, 0x84, 0x01, 0x28, 0xef, 0x30, 0x40, 0x35,
		0xe2, 0x40, 0x22, 0x44, 0xc2, 0x44, 0x05, 0x61, 0x82, 0x80, 0x97, 0x42,
		0x00, 0x00, 0x93, 0x82, 0xe2, 0x49, 0x17, 0x53, 0x00, 0x00, 0x13, 0x03,
		0xe3, 0xe1, 0x23, 0xa0, 0x02, 0x00, 0x91, 0x02, 0xe3, 0xcd, 0x62, 0xfe,
		0x82, 0x80, 0xf3, 0x27, 0x10, 0xc8, 0x73, 0x25, 0x10, 0xc0, 0x73, 0x27,
		0x10, 0xc8, 0xe3, 0x9a, 0xe7, 0xfe, 0x93, 0x07, 0x80, 0x3e, 0x17, 0x47,
		0x00, 0x00, 0x03, 0x27, 0xe7, 0x44, 0xb3, 0x87, 0xe7, 0x02, 0x33, 0x55,
		0xf5, 0x02, 0x82, 0x80, 0x73, 0x27, 0x10, 0xc8, 0xf3, 0x27, 0x10, 0xc0,
		0xf3, 0x26, 0x10, 0xc8, 0xe3, 0x1a, 0xd7, 0xfe, 0x97, 0x46, 0x00, 0x00,
		0x83, 0xa6, 0xc6, 0x42, 0x33, 0x05, 0xd5, 0x02, 0xaa, 0x97, 0x33, 0xb5,
		0xa7, 0x00, 0x3a, 0x95, 0x73, 0x27, 0x10, 0xc8, 0xf3, 0x26, 0x10, 0xc0,
		0x73, 0x26, 0x10, 0xc8, 0xe3, 0x1a, 0xc7, 0xfe, 0x63, 0x66, 0xe5, 0x00,
		0xe3, 0x16, 0xa7, 0xfe, 0xe3, 0xf4, 0xd7, 0xfe, 0x82, 0x80, 0x93, 0x07,
		0x80, 0x3e, 0x33, 0x05, 0xf5, 0x02, 0x5d, 0xbf, 0x0f, 0x10, 0x00, 0x00,
		0x82, 0x80, 0x41, 0x11, 0x06, 0xc6, 0x21, 0x28, 0x17, 0x35, 0x00, 0x00,
		0x13, 0x05, 0x85, 0x59, 0x51, 0x29, 0xb2, 0x40, 0x01, 0x45, 0x41, 0x01,
		0x82, 0x80, 0x01, 0x45, 0x82, 0x80, 0x41, 0x11, 0x4a, 0xc0, 0x17, 0x35,
		0x00, 0x00, 0x13, 0x05, 0x25, 0x59, 0x26, 0xc2, 0x22, 0xc4, 0x06, 0xc6,
		0x95, 0x29, 0x37, 0x05, 0x09, 0x03, 0x13, 0x05, 0x45, 0x1f, 0x85, 0x2b,
		0x1c, 0x41, 0x0f, 0x00, 0xa0, 0x0a, 0x0f, 0x00, 0x50, 0x05, 0xf9, 0x9b,
		0x1c, 0xc1, 0x37, 0x05, 0x00, 0x03, 0x13, 0x05, 0x05, 0x15, 0xa1, 0x2b,
		0x1c, 0x41, 0x0f, 0x00, 0xa0, 0x0a, 0x0f, 0x00, 0x50, 0x05, 0x37, 0x07,
		0x00, 0xe9, 0x7d, 0x17, 0xf9, 0x8f, 0x37, 0x07, 0x00, 0x0a, 0xd9, 0x8f,
		0xb7, 0x14, 0x00, 0x02, 0x1c, 0xc1, 0x9c, 0x40, 0x0f, 0x00, 0xa0, 0x0a,
		0x37, 0x07, 0xc8, 0xff, 0x13, 0x07, 0x07, 0x0f, 0xf9, 0x8f, 0x0f, 0x00,
		0x50, 0x05, 0x09, 0x67, 0x13, 0x07, 0x07, 0x90, 0xd9, 0x8f, 0x29, 0x45,
		0x9c, 0xc0, 0x39, 0x3f, 0x80, 0x40, 0x0f, 0x00, 0xa0, 0x0a, 0x13, 0x14,
		0xd4, 0x49, 0x0f, 0x00, 0x50, 0x05, 0x29, 0x45, 0x80, 0xc0, 0x29, 0x37,
		0x0f, 0x00, 0x50, 0x05, 0x93, 0x17, 0xd4, 0x29, 0x9c, 0xc0, 0x0f, 0x00,
		0xa0, 0x0a, 0x0f, 0x00, 0x50, 0x05, 0xb7, 0x07, 0x00, 0x24, 0x5d, 0x8c,
		0xb7, 0x16, 0x00, 0x02, 0xb7, 0x07, 0x00, 0x04, 0x80, 0xc0, 0x98, 0x42,
		0x0f, 0x00, 0xa0, 0x0a, 0x7d, 0x8f, 0x65, 0xff, 0x37, 0x14, 0x00, 0x02,
		0x37, 0x06, 0x00, 0x10, 0x89, 0x46, 0x1c, 0x40, 0x0f, 0x00, 0xa0, 0x0a,
		0xf1, 0x8f, 0xd1, 0xcb, 0x93, 0x07, 0x17, 0x00, 0x63, 0xf7, 0xf6, 0x08,
		0x51, 0x45, 0x7d, 0x3d, 0xb7, 0x24, 0x00, 0x02, 0x93, 0x84, 0x04, 0xd0,
		0x9c, 0x40, 0x0f, 0x00, 0xa0, 0x0a, 0x0f, 0x00, 0x50, 0x05, 0x93, 0xf7,
		0x07, 0xce, 0x29, 0x45, 0x9c, 0xc0, 0x4d, 0x35, 0x98, 0x40, 0x0f, 0x00,
		0xa0, 0x0a, 0xb7, 0x07, 0x00, 0xf9, 0x13, 0x89, 0xf7, 0xff, 0x33, 0x77,
		0x27, 0x01, 0x0f, 0x00, 0x50, 0x05, 0xb7, 0x07, 0x00, 0x05, 0x5d, 0x8f,
		0x98, 0xc0, 0x29, 0x45, 0x41, 0x35, 0x13, 0x04, 0x04, 0x50, 0x78, 0x40,
		0x0f, 0x00, 0xa0, 0x0a, 0x01, 0x9b, 0x0f, 0x00, 0x50, 0x05, 0x13, 0x67,
		0x17, 0x00, 0x29, 0x45, 0x78, 0xc0, 0x9d, 0x35, 0x7c, 0x40, 0x0f, 0x00,
		0xa0, 0x0a, 0xb3, 0xf7, 0x27, 0x01, 0x0f, 0x00, 0x50, 0x05, 0x37, 0x07,
		0x00, 0x03, 0xd9, 0x8f, 0x29, 0x45, 0x7c, 0xc0, 0xb1, 0x35, 0x22, 0x44,
		0xb2, 0x40, 0x02, 0x49, 0x92, 0x44, 0x17, 0x35, 0x00, 0x00, 0x13, 0x05,
		0x65, 0x45, 0x41, 0x01, 0x35, 0xa6, 0x3e, 0x87, 0x8d, 0xb7, 0xb7, 0x27,
		0x00, 0x02, 0x93, 0x87, 0x07, 0x90, 0xd8, 0x47, 0x0f, 0x00, 0xa0, 0x0a,
		0x13, 0x06, 0x05, 0x01, 0xb3, 0x16, 0xc0, 0x28, 0x33, 0x17, 0xc7, 0x48,
		0x0f, 0x00, 0x50, 0x05, 0xd8, 0xc7, 0x55, 0x8f, 0x0f, 0x00, 0x50, 0x05,
		0xd8, 0xc7, 0x0f, 0x00, 0xa0, 0x0a, 0xb3, 0x16, 0xa0, 0x28, 0x33, 0x17,
		0xa7, 0x48, 0x0f, 0x00, 0x50, 0x05, 0xd8, 0xc7, 0x0f, 0x00, 0x50, 0x05,
		0x55, 0x8f, 0xd8, 0xc7, 0x82, 0x80, 0x81, 0x47, 0x0b, 0xc7, 0xf5, 0x80,
		0x0b, 0x57, 0xf5, 0x00, 0x85, 0x07, 0x7d, 0xfb, 0x82, 0x80, 0x81, 0x47,
		0x98, 0x41, 0x63, 0x78, 0xc7, 0x02, 0x03, 0x47, 0x45, 0x00, 0x5d, 0x8f,
		0x15, 0xc3, 0x25, 0x47, 0x93, 0x06, 0x00, 0x03, 0x63, 0x74, 0xf7, 0x00,
		0x93, 0x06, 0x70, 0x05, 0x18, 0x41, 0xb6, 0x97, 0x13, 0x06, 0x17, 0x00,
		0x10, 0xc1, 0x23, 0x00, 0xf7, 0x00, 0x85, 0x47, 0x23, 0x02, 0xf5, 0x00,
		0x82, 0x80, 0x11, 0x8f, 0x85, 0x07, 0x93, 0xf7, 0xf7, 0x0f, 0x98, 0xc1,
		0xd1, 0xb7, 0x1c, 0x45, 0x13, 0x87, 0x17, 0x00, 0x18, 0xc5, 0x23, 0x80,
		0xb7, 0x00, 0x82, 0x80, 0x2e, 0x85, 0xad, 0xab, 0x1d, 0x71, 0x6e, 0xd6,
		0x6a, 0xd8, 0x66, 0xda, 0x62, 0xdc, 0x5e, 0xde, 0xda, 0xc0, 0xd6, 0xc2,
		0xd2, 0xc4, 0xce, 0xc6, 0xca, 0xc8, 0xa6, 0xca, 0xa2, 0xcc, 0x86, 0xce,
		0xaa, 0x84, 0x2e, 0x84, 0x32, 0x89, 0x13, 0x0b, 0x50, 0x02, 0x93, 0x0b,
		0xd0, 0x02, 0x13, 0x0c, 0x00, 0x03, 0x13, 0x0a, 0x41, 0x01, 0x17, 0x3d,
		0x00, 0x00, 0x13, 0x0d, 0x6d, 0x10, 0x93, 0x0a, 0x51, 0x01, 0xa2, 0x8c,
		0x8b, 0xc9, 0x1c, 0x98, 0x63, 0x92, 0x09, 0x02, 0xd6, 0x44, 0x66, 0x44,
		0xf6, 0x40, 0xb2, 0x5d, 0x42, 0x5d, 0xd2, 0x5c, 0x62, 0x5c, 0xf2, 0x5b,
		0x06, 0x4b, 0x96, 0x4a, 0x26, 0x4a, 0xb6, 0x49, 0x46, 0x49, 0x01, 0x45,
		0x25, 0x61, 0x82, 0x80, 0x63, 0x8f, 0x69, 0x01, 0xa9, 0x47, 0x63, 0x96,
		0xf9, 0x00, 0xdc, 0x44, 0xb5, 0x45, 0x26, 0x85, 0x82, 0x97, 0xdc, 0x44,
		0xce, 0x85, 0x26, 0x85, 0x66, 0x84, 0x82, 0x97, 0x6d, 0xbf, 0x83, 0x47,
		0x14, 0x00, 0x63, 0x86, 0x77, 0x07, 0x09, 0x04, 0x81, 0x4c, 0x63, 0x95,
		0x87, 0x01, 0x8b, 0x47, 0x14, 0x98, 0x85, 0x4c, 0x13, 0x87, 0x07, 0xfd,
		0x13, 0x77, 0xf7, 0x0f, 0xa5, 0x46, 0x81, 0x4d, 0x63, 0xef, 0xe6, 0x00,
		0x29, 0x46, 0x8b, 0x97, 0xcd, 0x20, 0x93, 0x8d, 0x07, 0xfd, 0x8b, 0x47,
		0x14, 0x98, 0x13, 0x87, 0x07, 0xfd, 0x13, 0x77, 0xf7, 0x0f, 0xe3, 0xf6,
		0xe6, 0xfe, 0x93, 0x06, 0xc0, 0x06, 0x63, 0x94, 0xd7, 0x00, 0x8b, 0x47,
		0x14, 0x98, 0x23, 0x82, 0x04, 0x00, 0x93, 0x06, 0x00, 0x07, 0x23, 0xa0,
		0x44, 0x01, 0x63, 0x82, 0xd7, 0x14, 0x63, 0xe3, 0xf6, 0x06, 0x63, 0x89,
		0x67, 0x15, 0x63, 0x6a, 0xfb, 0x00, 0xe3, 0x8d, 0x07, 0xf4, 0xd2, 0x89,
		0x85, 0xa8, 0x83, 0x47, 0x24, 0x00, 0x0d, 0x04, 0x51, 0xbf, 0x93, 0x06,
		0x30, 0x06, 0x63, 0x89, 0xd7, 0x10, 0x93, 0x06, 0x40, 0x06, 0xe3, 0x94,
		0xd7, 0xfe, 0x03, 0x27, 0x09, 0x00, 0x13, 0x06, 0x40, 0x06, 0x3a, 0xc8,
		0x93, 0x06, 0x49, 0x00, 0x63, 0x88, 0xc7, 0x08, 0xc2, 0x47, 0xd9, 0xcf,
		0x37, 0xd9, 0x9a, 0x3b, 0xa9, 0x49, 0x13, 0x09, 0x09, 0xa0, 0x4a, 0x86,
		0x0c, 0x08, 0x26, 0x85, 0x36, 0xc6, 0xa5, 0x3d, 0xa9, 0x47, 0x33, 0x59,
		0xf9, 0x02, 0xb2, 0x46, 0xfd, 0x19, 0xe3, 0x96, 0x09, 0xfe, 0x71, 0xa0,
		0x93, 0x06, 0x50, 0x07, 0xe3, 0x81, 0xd7, 0xfc, 0x93, 0x06, 0x80, 0x07,
		0x63, 0x81, 0xd7, 0x08, 0x13, 0x07, 0x30, 0x07, 0xe3, 0x9b, 0xe7, 0xf8,
		0x8b, 0x49, 0x49, 0x58, 0x9c, 0x40, 0x23, 0x80, 0x07, 0x00, 0x23, 0xa0,
		0x34, 0x01, 0x9c, 0x40, 0x13, 0x87, 0x17, 0x00, 0x98, 0xc0, 0x83, 0xc7,
		0x07, 0x00, 0x99, 0xc3, 0x63, 0x93, 0x0d, 0x0c, 0x93, 0x05, 0x00, 0x02,
		0x63, 0x84, 0x0c, 0x00, 0x93, 0x05, 0x00, 0x03, 0x93, 0xfc, 0xf5, 0x0f,
		0xfd, 0x57, 0xfd, 0x1d, 0x63, 0x99, 0xfd, 0x0a, 0xe3, 0x83, 0x09, 0xea,
		0x8b, 0xc5, 0x19, 0x98, 0xe3, 0x8f, 0x05, 0xe8, 0xdc, 0x44, 0x26, 0x85,
		0x82, 0x97, 0xcd, 0xbf, 0xe3, 0x5a, 0x07, 0xf6, 0x33, 0x07, 0xe0, 0x40,
		0x23, 0x0a, 0x71, 0x01, 0x3a, 0xc8, 0x23, 0xa0, 0x54, 0x01, 0x9d, 0xb7,
		0x9c, 0x40, 0x13, 0x87, 0x17, 0x00, 0x98, 0xc0, 0x23, 0x80, 0x87, 0x01,
		0x85, 0x47, 0x23, 0x82, 0xf4, 0x00, 0x36, 0x89, 0x39, 0xbf, 0x03, 0x27,
		0x09, 0x00, 0x3a, 0xc8, 0x42, 0x47, 0x93, 0x07, 0x49, 0x00, 0x11, 0xeb,
		0x05, 0x47, 0x23, 0x0a, 0x81, 0x01, 0x23, 0x82, 0xe4, 0x00, 0x23, 0xa0,
		0x54, 0x01, 0x3e, 0x89, 0xfd, 0xbd, 0x21, 0x49, 0xb7, 0x09, 0x00, 0x10,
		0x4e, 0x86, 0x0c, 0x08, 0x26, 0x85, 0x3e, 0xc6, 0x6d, 0x33, 0xb2, 0x47,
		0x93, 0xd9, 0x49, 0x00, 0x7d, 0x19, 0xe3, 0x17, 0x09, 0xfe, 0xc5, 0xb7,
		0x8b, 0x47, 0x49, 0x98, 0x23, 0x0a, 0xf1, 0x00, 0x23, 0xa0, 0x54, 0x01,
		0xc9, 0xbd, 0x11, 0x09, 0x22, 0x87, 0x83, 0x47, 0x07, 0x00, 0x3a, 0x84,
		0x05, 0x07, 0x8b, 0x47, 0xfd, 0x80, 0x9d, 0x8b, 0xed, 0xfb, 0x75, 0xbd,
		0x23, 0x0a, 0x61, 0x01, 0x23, 0xa0, 0x54, 0x01, 0x4d, 0xbd, 0xfd, 0x1d,
		0x2d, 0xb7, 0xd8, 0x44, 0xe6, 0x85, 0x26, 0x85, 0x02, 0x97, 0x89, 0xb7,
		0x5d, 0x71, 0x06, 0xd6, 0x32, 0xdc, 0x36, 0xde, 0xba, 0xc0, 0xbe, 0xc2,
		0x2a, 0xcc, 0x30, 0x18, 0x97, 0x07, 0x00, 0x00, 0x93, 0x87, 0xe7, 0xd8,
		0x08, 0x08, 0x3e, 0xce, 0xc2, 0xc4, 0xc6, 0xc6, 0x32, 0xc6, 0x79, 0x33,
		0xe2, 0x47, 0x23, 0x80, 0x07, 0x00, 0xb2, 0x50, 0x61, 0x61, 0x82, 0x80,
		0x1d, 0x71, 0x4e, 0xd6, 0x4a, 0xd8, 0x26, 0xda, 0x22, 0xdc, 0x06, 0xde,
		0xae, 0xc2, 0xb2, 0xc4, 0xb6, 0xc6, 0xba, 0xc8, 0xbe, 0xca, 0xc2, 0xcc,
		0xc6, 0xce, 0x2a, 0x89, 0x44, 0x00, 0xe1, 0x34, 0x2a, 0x86, 0x97, 0x35,
		0x00, 0x00, 0x93, 0x85, 0xe5, 0x10, 0x26, 0x85, 0x55, 0x37, 0x01, 0x44,
		0xb1, 0x49, 0x0b, 0xc5, 0x84, 0x80, 0x09, 0xc5, 0xc1, 0x24, 0x05, 0x04,
		0xe3, 0x1b, 0x34, 0xff, 0xd0, 0x00, 0x97, 0x07, 0x00, 0x00, 0x93, 0x87,
		0xa7, 0xd3, 0xca, 0x85, 0x08, 0x08, 0x32, 0xc0, 0x3e, 0xce, 0x3d, 0x33,
		0xd2, 0x54, 0x62, 0x54, 0xf2, 0x50, 0xb2, 0x59, 0x42, 0x59, 0x25, 0x61,
		0x82, 0x80, 0x89, 0x81, 0x0a, 0x06, 0x01, 0x47, 0x0d, 0x48, 0x8b, 0x47,
		0x15, 0xe1, 0x91, 0x8d, 0xc6, 0x97, 0x83, 0x28, 0x85, 0x00, 0xc6, 0x97,
		0x41, 0x05, 0x83, 0x28, 0xc5, 0xff, 0xc6, 0x97, 0x3e, 0x97, 0xe3, 0x44,
		0xb8, 0xfe, 0x81, 0x47, 0x33, 0x86, 0xf5, 0x40, 0x63, 0x49, 0xc0, 0x00,
		0x37, 0x75, 0x0a, 0x5f, 0x13, 0x05, 0x95, 0xc3, 0x15, 0x8d, 0x3a, 0x95,
		0x82, 0x80, 0x0b, 0x46, 0xf5, 0x44, 0x85, 0x07, 0x32, 0x97, 0xcd, 0xb7,
		0x01, 0x45, 0x82, 0x80, 0x17, 0xf5, 0xff, 0xff, 0x13, 0x05, 0x45, 0x67,
		0x82, 0x80, 0x17, 0x45, 0x00, 0x00, 0x13, 0x05, 0x25, 0x33, 0x82, 0x80,
		0x01, 0x45, 0x82, 0x80, 0x41, 0x11, 0x22, 0xc4, 0x17, 0x44, 0x00, 0x00,
		0x13, 0x04, 0x04, 0xf2, 0x1c, 0x4c, 0x13, 0x06, 0x00, 0x08, 0x97, 0xf5,
		0xff, 0xff, 0x93, 0x85, 0xa5, 0x64, 0x93, 0xe7, 0x17, 0x00, 0x17, 0x45,
		0x00, 0x00, 0x13, 0x05, 0x65, 0x30, 0x06, 0xc6, 0x1c, 0xcc, 0x45, 0x20,
		0x22, 0x85, 0x97, 0x35, 0x00, 0x00, 0x93, 0x85, 0xe5, 0x25, 0x15, 0x31,
		0x22, 0x44, 0xb2, 0x40, 0x01, 0x45, 0x41, 0x01, 0x82, 0x80, 0x82, 0x80,
		0xaa, 0x87, 0x13, 0xf8, 0x37, 0x00, 0x63, 0x1c, 0x08, 0x04, 0x0d, 0x47,
		0x63, 0x76, 0xc7, 0x04, 0x93, 0xf6, 0xf5, 0x0f, 0x13, 0x97, 0x86, 0x00,
		0xd9, 0x8e, 0x13, 0x97, 0x06, 0x01, 0x55, 0x8f, 0x33, 0x8e, 0xc7, 0x00,
		0xbe, 0x86, 0xbd, 0x48, 0x33, 0x03, 0xde, 0x40, 0x63, 0xee, 0x68, 0x02,
		0x93, 0x56, 0x46, 0x00, 0xc1, 0x58, 0x0b, 0x96, 0x16, 0x21, 0x92, 0x06,
		0xb6, 0x97, 0x8d, 0x48, 0x81, 0x46, 0x33, 0x03, 0xd6, 0x40, 0x63, 0xe8,
		0x68, 0x02, 0x13, 0x57, 0x26, 0x00, 0xf1, 0x56, 0x0b, 0x16, 0xd7, 0x20,
		0x8b, 0x97, 0xe7, 0x04, 0x63, 0x13, 0x06, 0x03, 0x82, 0x80, 0x7d, 0xde,
		0x8b, 0xd5, 0x17, 0x18, 0x7d, 0x16, 0x71, 0xbf, 0x0b, 0xd7, 0xe6, 0xe0,
		0x98, 0xc6, 0xc1, 0x06, 0x23, 0xae, 0xe6, 0xfe, 0x55, 0xbf, 0x0b, 0xd7,
		0xd7, 0x40, 0x91, 0x06, 0xd9, 0xb7, 0x8b, 0xd5, 0x07, 0x01, 0x05, 0x08,
		0xd1, 0xbf, 0x3d, 0x47, 0xaa, 0x87, 0x63, 0x76, 0xc7, 0x00, 0x33, 0xe7,
		0xa5, 0x00, 0x0d, 0x8b, 0x09, 0xc7, 0x01, 0x47, 0x63, 0x19, 0xe6, 0x06,
		0x82, 0x80, 0xae, 0x86, 0x33, 0x03, 0xc5, 0x00, 0x3d, 0x48, 0x83, 0xa8,
		0x06, 0x00, 0x23, 0xa0, 0x17, 0x01, 0x83, 0xa8, 0x46, 0x00, 0x23, 0xa2,
		0x17, 0x01, 0x83, 0xa8, 0x86, 0x00, 0xc1, 0x06, 0x23, 0xa4, 0x17, 0x01,
		0xc1, 0x07, 0x83, 0xa8, 0xc6, 0xff, 0x23, 0xae, 0x17, 0xff, 0xb3, 0x08,
		0xf3, 0x40, 0xe3, 0x6c, 0x18, 0xfd, 0x93, 0x07, 0x06, 0xff, 0xc1, 0x9b,
		0xc1, 0x07, 0xbe, 0x95, 0x3d, 0x8a, 0xaa, 0x97, 0x8d, 0x46, 0x33, 0x08,
		0xe6, 0x40, 0x63, 0xec, 0x06, 0x01, 0x13, 0x57, 0x26, 0x00, 0xf1, 0x56,
		0x0b, 0x16, 0xd7, 0x20, 0x8b, 0x97, 0xe7, 0x04, 0x8b, 0x95, 0xe5, 0x04,
		0x69, 0xbf, 0x0b, 0xc8, 0xe5, 0x40, 0x0b, 0xd8, 0xe7, 0x40, 0x11, 0x07,
		0xe9, 0xbf, 0x8b, 0xc6, 0xe5, 0x80, 0x8b, 0xd6, 0xe7, 0x00, 0x05, 0x07,
		0x51, 0xb7, 0x41, 0x11, 0x4a, 0xc0, 0x26, 0xc2, 0x22, 0xc4, 0x85, 0x64,
		0x17, 0x44, 0x00, 0x00, 0x13, 0x04, 0x04, 0xdc, 0x54, 0x44, 0x2a, 0x89,
		0x93, 0x85, 0x04, 0x80, 0x05, 0x46, 0x22, 0x85, 0x06, 0xc6, 0x15, 0x35,
		0x13, 0x86, 0x04, 0x80, 0x48, 0xc4, 0xa2, 0x85, 0x4a, 0x85, 0x91, 0x37,
		0x22, 0x44, 0xb2, 0x40, 0x02, 0x49, 0x92, 0x44, 0x01, 0x45, 0x41, 0x01,
		0x82, 0x80, 0x79, 0x71, 0x32, 0xc6, 0x4a, 0xd0, 0x26, 0xd2, 0xaa, 0x84,
		0x37, 0x05, 0x50, 0x02, 0x52, 0xcc, 0x4e, 0xce, 0x22, 0xd4, 0x06, 0xd6,
		0xae, 0x89, 0x36, 0x8a, 0x49, 0x3d, 0x32, 0x46, 0x2a, 0x89, 0x7d, 0x16,
		0x13, 0x76, 0xf6, 0x0f, 0x99, 0x47, 0x63, 0xe7, 0xc7, 0x06, 0x97, 0x37,
		0x00, 0x00, 0x93, 0x87, 0x27, 0xd5, 0x0b, 0xc4, 0xc7, 0x44, 0x26, 0x85,
		0x99, 0x34, 0x05, 0x46, 0xd2, 0x85, 0x4e, 0x85, 0x85, 0x28, 0xaa, 0x04,
		0xb3, 0x07, 0x99, 0x00, 0x17, 0x47, 0x00, 0x00, 0x23, 0x22, 0xf7, 0x54,
		0x0d, 0x46, 0x62, 0x4a, 0xf2, 0x49, 0x37, 0xc7, 0x2d, 0x00, 0x13, 0x07,
		0x07, 0x6c, 0x22, 0x97, 0x0e, 0x07, 0x12, 0x04, 0x33, 0x57, 0x87, 0x02,
		0x22, 0x54, 0xb2, 0x50, 0x90, 0xcb, 0xd4, 0x47, 0x93, 0xe6, 0x06, 0x08,
		0xd4, 0xc7, 0x23, 0xa2, 0x07, 0x00, 0x0b, 0x57, 0x99, 0x40, 0x02, 0x59,
		0x92, 0x54, 0xd8, 0x47, 0x13, 0x77, 0xf7, 0xf7, 0xd8, 0xc7, 0xd0, 0xc7,
		0x1d, 0x47, 0x98, 0xc7, 0x45, 0x61, 0x82, 0x80, 0x71, 0x64, 0x13, 0x04,
		0x04, 0x20, 0x71, 0xbf, 0x17, 0x47, 0x00, 0x00, 0x03, 0x27, 0x07, 0x4f,
		0x5c, 0x4b, 0x93, 0xf7, 0x07, 0x04, 0xed, 0xdf, 0x08, 0xc3, 0x82, 0x80,
		0x01, 0x4e, 0x63, 0x14, 0xbe, 0x00, 0x7d, 0x55, 0x82, 0x80, 0x8b, 0x43,
		0xc5, 0x87, 0x8b, 0x1f, 0xc5, 0x07, 0x05, 0x0e, 0xe3, 0x87, 0x03, 0xfe,
		0x93, 0x07, 0x00, 0x03, 0x39, 0x71, 0x6e, 0xc8, 0x6a, 0xca, 0x66, 0xcc,
		0x62, 0xce, 0x5e, 0xd0, 0x5a, 0xd2, 0x56, 0xd4, 0x52, 0xd6, 0x4e, 0xd8,
		0x4a, 0xda, 0x26, 0xdc, 0x22, 0xde, 0x83, 0xc2, 0x1f, 0x00, 0xb3, 0x87,
		0xf3, 0x02, 0xad, 0x46, 0x13, 0xd4, 0x32, 0x00, 0x93, 0xd9, 0x42, 0x00,
		0x0b, 0x97, 0x87, 0x04, 0x93, 0x98, 0x29, 0x00, 0x37, 0x08, 0x00, 0x02,
		0x63, 0xe3, 0x76, 0x12, 0x13, 0x03, 0x48, 0xff, 0x3e, 0x93, 0x93, 0x06,
		0x08, 0xfd, 0x9a, 0x98, 0x13, 0x03, 0x48, 0xfe, 0xba, 0x96, 0x01, 0x18,
		0x1a, 0x97, 0x03, 0xaa, 0x06, 0x00, 0xc2, 0x97, 0x0f, 0x00, 0xa0, 0x0a,
		0x03, 0xaf, 0x08, 0x00, 0x0f, 0x00, 0xa0, 0x0a, 0x83, 0x2e, 0x07, 0x00,
		0x0f, 0x00, 0xa0, 0x0a, 0x03, 0xa3, 0x07, 0x00, 0x0f, 0x00, 0xa0, 0x0a,
		0x13, 0xf9, 0x72, 0x00, 0x0a, 0x09, 0x3d, 0x48, 0x33, 0x18, 0x28, 0x01,
		0x33, 0x78, 0x0a, 0x41, 0x01, 0xca, 0x83, 0xc4, 0x2f, 0x00, 0xbd, 0x88,
		0xb3, 0x94, 0x24, 0x01, 0x33, 0x68, 0x98, 0x00, 0x83, 0x84, 0x3f, 0x00,
		0x63, 0xc0, 0x04, 0x02, 0x93, 0xfa, 0xf2, 0x00, 0x86, 0x0a, 0x0d, 0x4a,
		0x33, 0x1a, 0x5a, 0x01, 0x33, 0x7a, 0x4f, 0x41, 0x13, 0xff, 0x34, 0x00,
		0x33, 0x1f, 0x5f, 0x01, 0x33, 0x6f, 0x4f, 0x01, 0x83, 0x84, 0x4f, 0x00,
		0x63, 0xcd, 0x04, 0x00, 0x0d, 0x4a, 0x33, 0x1a, 0x2a, 0x01, 0x33, 0xfa,
		0x4e, 0x41, 0x93, 0xfe, 0x34, 0x00, 0xb3, 0x9e, 0x2e, 0x01, 0xb3, 0xee,
		0x4e, 0x01, 0x03, 0x8a, 0x2f, 0x00, 0x05, 0x49, 0x81, 0x44, 0x63, 0x1f,
		0x2a, 0x01, 0x83, 0x8f, 0x5f, 0x00, 0x63, 0xcb, 0x0f, 0x00, 0x93, 0xff,
		0x1f, 0x00, 0x33, 0x13, 0x53, 0x48, 0xb3, 0x9f, 0x5f, 0x00, 0x33, 0xe3,
		0x6f, 0x00, 0x85, 0x44, 0xb7, 0x0f, 0x00, 0x02, 0x93, 0x8b, 0x0f, 0xdc,
		0x13, 0x8c, 0x0f, 0xfd, 0x93, 0x8c, 0x4f, 0xfe, 0x81, 0x1f, 0x0b, 0x15,
		0xc5, 0x07, 0x93, 0x0d, 0x00, 0x03, 0x0d, 0x4d, 0x7e, 0xc6, 0x63, 0x6f,
		0xbe, 0x04, 0x0f, 0x00, 0x50, 0x05, 0x23, 0xa0, 0x06, 0x01, 0x0f, 0x00,
		0x50, 0x05, 0x23, 0xa0, 0xe8, 0x01, 0x0f, 0x00, 0x50, 0x05, 0x23, 0x20,
		0xd7, 0x01, 0x89, 0xc4, 0x0f, 0x00, 0x50, 0x05, 0x23, 0xa0, 0x67, 0x00,
		0xe2, 0x54, 0x72, 0x54, 0xc2, 0x4d, 0x52, 0x4d, 0xe2, 0x4c, 0x72, 0x4c,
		0x82, 0x5b, 0x12, 0x5b, 0xa2, 0x5a, 0x32, 0x5a, 0xc2, 0x59, 0x52, 0x59,
		0x01, 0x45, 0x21, 0x61, 0x82, 0x80, 0x13, 0x03, 0x48, 0xde, 0x3e, 0x93,
		0x93, 0x06, 0x08, 0xdc, 0x9a, 0x98, 0x13, 0x03, 0x48, 0xdd, 0xba, 0x96,
		0x13, 0x08, 0x08, 0xdd, 0x1a, 0x97, 0xf1, 0xbd, 0x83, 0x4f, 0x05, 0x00,
		0x83, 0x42, 0x15, 0x00, 0xe3, 0x8f, 0x0f, 0xf8, 0x13, 0xda, 0x42, 0x00,
		0x13, 0xd9, 0x32, 0x00, 0x63, 0x94, 0x49, 0x01, 0x63, 0x8d, 0xf3, 0x11,
		0x0f, 0x00, 0x50, 0x05, 0x23, 0xa0, 0x06, 0x01, 0x0f, 0x00, 0x50, 0x05,
		0x23, 0xa0, 0xe8, 0x01, 0x0f, 0x00, 0x50, 0x05, 0x23, 0x20, 0xd7, 0x01,
		0x89, 0xc4, 0x0f, 0x00, 0x50, 0x05, 0x23, 0xa0, 0x67, 0x00, 0xb3, 0x87,
		0xbf, 0x03, 0x93, 0x18, 0x2a, 0x00, 0x0b, 0x97, 0x27, 0x05, 0xad, 0x46,
		0x63, 0xe4, 0xf6, 0x0d, 0x37, 0x04, 0x00, 0x02, 0x51, 0x14, 0x33, 0x88,
		0x87, 0x00, 0x32, 0x44, 0xb3, 0x06, 0x87, 0x01, 0xc2, 0x98, 0x66, 0x97,
		0xa2, 0x97, 0x03, 0xa8, 0x06, 0x00, 0x0f, 0x00, 0xa0, 0x0a, 0x03, 0xaf,
		0x08, 0x00, 0x0f, 0x00, 0xa0, 0x0a, 0x83, 0x2e, 0x07, 0x00, 0x0f, 0x00,
		0xa0, 0x0a, 0x03, 0xa3, 0x07, 0x00, 0x0f, 0x00, 0xa0, 0x0a, 0x81, 0x44,
		0x93, 0xf3, 0x72, 0x00, 0x83, 0x0a, 0x25, 0x00, 0x8a, 0x03, 0x63, 0xce,
		0x0a, 0x00, 0x3d, 0x44, 0x33, 0x14, 0x74, 0x00, 0x33, 0x78, 0x88, 0x40,
		0x19, 0xc6, 0x13, 0xf4, 0xfa, 0x00, 0x33, 0x14, 0x74, 0x00, 0x33, 0x68,
		0x88, 0x00, 0x03, 0x04, 0x35, 0x00, 0x63, 0x4e, 0x04, 0x00, 0x93, 0xf9,
		0xf2, 0x00, 0x86, 0x09, 0x33, 0x1b, 0x3d, 0x01, 0x0d, 0x88, 0x33, 0x7f,
		0x6f, 0x41, 0x33, 0x14, 0x34, 0x01, 0x33, 0x6f, 0xe4, 0x01, 0x03, 0x04,
		0x45, 0x00, 0x63, 0x4b, 0x04, 0x00, 0xb3, 0x19, 0x7d, 0x00, 0x0d, 0x88,
		0xb3, 0xfe, 0x3e, 0x41, 0x33, 0x14, 0x74, 0x00, 0xb3, 0x6e, 0xd4, 0x01,
		0x05, 0x44, 0x63, 0x9f, 0x8a, 0x00, 0x83, 0x03, 0x55, 0x00, 0x63, 0xcb,
		0x03, 0x00, 0x93, 0xf3, 0x13, 0x00, 0x33, 0x13, 0x53, 0x48, 0xb3, 0x93,
		0x53, 0x00, 0x33, 0xe3, 0x63, 0x00, 0x85, 0x44, 0x05, 0x0e, 0x21, 0x05,
		0xd2, 0x89, 0x4a, 0x84, 0xfe, 0x83, 0x41, 0xbd, 0x37, 0x04, 0x00, 0x02,
		0x93, 0x04, 0x44, 0xde, 0x33, 0x88, 0x97, 0x00, 0x93, 0x04, 0x44, 0xdd,
		0xb3, 0x06, 0x77, 0x01, 0xc2, 0x98, 0x26, 0x97, 0x13, 0x04, 0x04, 0xdd,
		0x15, 0xbf, 0xe3, 0x0b, 0x24, 0xf5, 0x0f, 0x00, 0x50, 0x05, 0x23, 0xa0,
		0x06, 0x01, 0xb3, 0x83, 0xbf, 0x03, 0x13, 0x14, 0x29, 0x00, 0xad, 0x46,
		0x63, 0xe5, 0xf6, 0x03, 0xb3, 0x86, 0x83, 0x01, 0xa2, 0x96, 0x03, 0xa8,
		0x06, 0x00, 0x0f, 0x00, 0xa0, 0x0a, 0x0f, 0x00, 0x50, 0x05, 0xe6, 0x93,
		0x23, 0x20, 0xd7, 0x01, 0x8b, 0xce, 0x23, 0x45, 0x33, 0x87, 0x83, 0x00,
		0x0f, 0x00, 0xa0, 0x0a, 0x21, 0xbf, 0xb3, 0x86, 0x73, 0x01, 0xe9, 0xbf,
		0x01, 0x11, 0x2e, 0xc6, 0x22, 0xcc, 0x06, 0xce, 0x2a, 0x84, 0x37, 0x05,
		0x09, 0x03, 0x13, 0x05, 0x05, 0x10, 0xf1, 0x3c, 0x0f, 0x00, 0x50, 0x05,
		0xb2, 0x45, 0xf2, 0x40, 0x8b, 0x55, 0x85, 0x44, 0x62, 0x44, 0x05, 0x61,
		0x82, 0x80, 0x41, 0x11, 0x22, 0xc4, 0x2a, 0x84, 0x37, 0x05, 0x09, 0x03,
		0x13, 0x05, 0x05, 0x10, 0x06, 0xc6, 0x65, 0x3c, 0x0b, 0x45, 0x85, 0x44,
		0x0f, 0x00, 0xa0, 0x0a, 0x22, 0x44, 0xb2, 0x40, 0x41, 0x01, 0x82, 0x80,
		0x41, 0x11, 0x22, 0xc4, 0x06, 0xc6, 0x2a, 0x84, 0x22, 0x85, 0x81, 0x45,
		0x75, 0x37, 0xef, 0xf0, 0xaf, 0xce, 0x22, 0x85, 0xe9, 0x37, 0x6d, 0xf9,
		0x22, 0x44, 0xb2, 0x40, 0x41, 0x01, 0x82, 0x80, 0x41, 0x11, 0x4a, 0xc0,
		0x26, 0xc2, 0x22, 0xc4, 0x06, 0xc6, 0x01, 0x44, 0x17, 0x39, 0x00, 0x00,
		0x13, 0x09, 0x09, 0xdb, 0xa1, 0x44, 0x22, 0x85, 0x5d, 0x37, 0x2a, 0x86,
		0x01, 0xc5, 0xa2, 0x85, 0x4a, 0x85, 0xb9, 0x3a, 0x05, 0x04, 0xe3, 0x18,
		0x94, 0xfe, 0x09, 0x45, 0x49, 0x3f, 0xb7, 0xa7, 0xa5, 0x5a, 0x93, 0x87,
		0xa7, 0x55, 0x63, 0x1f, 0xf5, 0x00, 0x17, 0x35, 0x00, 0x00, 0x13, 0x05,
		0xa5, 0xd9, 0x3d, 0x3a, 0x85, 0x47, 0x22, 0x44, 0xb2, 0x40, 0x02, 0x49,
		0x92, 0x44, 0x3e, 0x85, 0x41, 0x01, 0x82, 0x80, 0x37, 0x64, 0xa5, 0x5a,
		0x13, 0x07, 0x54, 0xaa, 0x81, 0x47, 0xe3, 0x14, 0xe5, 0xfe, 0x93, 0x05,
		0x64, 0xaa, 0x09, 0x45, 0x05, 0x3f, 0x13, 0x04, 0x74, 0xaa, 0x13, 0x05,
		0x60, 0x09, 0xef, 0xf0, 0xcf, 0xc5, 0x09, 0x45, 0x99, 0x37, 0xe3, 0x1a,
		0x85, 0xfe, 0x17, 0x35, 0x00, 0x00, 0x13, 0x05, 0x65, 0xd6, 0x75, 0xbf,
		0x09, 0x45, 0x99, 0xbf, 0x81, 0x47, 0x17, 0x37, 0x00, 0x00, 0x13, 0x07,
		0x67, 0x8e, 0xa1, 0x46, 0x0b, 0x46, 0xf7, 0x46, 0x63, 0x16, 0xa6, 0x00,
		0x8b, 0x17, 0xf7, 0x06, 0xc8, 0x43, 0x82, 0x80, 0x85, 0x07, 0xe3, 0x97,
		0xd7, 0xfe, 0x17, 0x35, 0x00, 0x00, 0x13, 0x05, 0x25, 0xd5, 0x82, 0x80,
		0xb7, 0x07, 0x09, 0x03, 0x37, 0x07, 0x00, 0x80, 0x23, 0xa8, 0xe7, 0x30,
		0x05, 0x47, 0x23, 0xa2, 0xe7, 0x20, 0x82, 0x80, 0x41, 0x11, 0x22, 0xc4,
		0x06, 0xc6, 0x13, 0x54, 0x25, 0x00, 0xcd, 0x37, 0xb7, 0x66, 0x00, 0x03,
		0xc0, 0xc2, 0x98, 0x42, 0xc1, 0x67, 0xf1, 0x17, 0x7d, 0x8f, 0xb7, 0x07,
		0xbf, 0xad, 0x89, 0x07, 0xd9, 0x8f, 0x9c, 0xc2, 0xb7, 0x67, 0x00, 0x03,
		0x94, 0x43, 0x89, 0x8a, 0xf5, 0xfe, 0x22, 0x44, 0xb2, 0x40, 0x98, 0xc3,
		0xc8, 0x47, 0x41, 0x01, 0x82, 0x80, 0x41, 0x11, 0x22, 0xc4, 0x01, 0x45,
		0x06, 0xc6, 0x7d, 0x3f, 0x0b, 0x34, 0x05, 0x3c, 0x71, 0x45, 0x5d, 0x3f,
		0x91, 0x67, 0x13, 0x87, 0x07, 0x10, 0x93, 0x55, 0xa5, 0x01, 0x63, 0x0c,
		0xe4, 0x00, 0x93, 0x87, 0x07, 0x30, 0x63, 0x0b, 0xf4, 0x02, 0xa2, 0x85,
		0x17, 0x35, 0x00, 0x00, 0x13, 0x05, 0x85, 0xd3, 0x29, 0xa8, 0x99, 0x47,
		0x05, 0x45, 0x63, 0x8d, 0xf5, 0x00, 0x9d, 0x47, 0x15, 0x45, 0x63, 0x89,
		0xf5, 0x00, 0x17, 0x35, 0x00, 0x00, 0x13, 0x05, 0xe5, 0xcb, 0xef, 0xf0,
		0xff, 0x82, 0x01, 0x45, 0x22, 0x44, 0xb2, 0x40, 0x41, 0x01, 0x82, 0x80,
		0x91, 0x47, 0x1d, 0x45, 0xe3, 0x8a, 0xf5, 0xfe, 0x93, 0x87, 0xd5, 0xff,
		0xf5, 0x9b, 0x0d, 0x45, 0xe5, 0xd7, 0x17, 0x35, 0x00, 0x00, 0x13, 0x05,
		0x65, 0xcc, 0xe1, 0xbf, 0x69, 0xc9, 0x18, 0x49, 0x4c, 0x41, 0x95, 0x46,
		0x8b, 0x37, 0x07, 0x3c, 0x63, 0x8b, 0xd5, 0x08, 0x63, 0xe4, 0xb6, 0x02,
		0x85, 0x46, 0x63, 0x83, 0xd5, 0x02, 0x8d, 0x46, 0x63, 0x8c, 0xd5, 0x04,
		0x41, 0x11, 0x06, 0xc6, 0x17, 0x35, 0x00, 0x00, 0x13, 0x05, 0x05, 0xce,
		0xef, 0xf0, 0x8f, 0xfd, 0xb2, 0x40, 0x05, 0x45, 0x41, 0x01, 0x82, 0x80,
		0x9d, 0x46, 0xcd, 0xb7, 0x14, 0x41, 0xfd, 0x16, 0x13, 0x06, 0x80, 0x0e,
		0x63, 0x75, 0xd6, 0x00, 0x93, 0x06, 0x90, 0x0e, 0x14, 0xc1, 0x14, 0x45,
		0x91, 0xe6, 0xb7, 0x86, 0x7b, 0x00, 0x93, 0x86, 0xb6, 0xbf, 0x14, 0xc5,
		0x93, 0x86, 0xf7, 0xff, 0x1d, 0x46, 0x63, 0x73, 0xd6, 0x00, 0xa1, 0x47,
		0xc1, 0x76, 0x75, 0x8f, 0xd9, 0x8f, 0x1c, 0xc9, 0x01, 0x45, 0x82, 0x80,
		0x14, 0x41, 0xfd, 0x16, 0x13, 0x06, 0xb0, 0x0f, 0x63, 0x75, 0xd6, 0x00,
		0x93, 0x06, 0xc0, 0x0f, 0x14, 0xc1, 0x14, 0x45, 0x91, 0xe6, 0xb7, 0x86,
		0x7b, 0x00, 0x93, 0x86, 0xb6, 0xbf, 0x14, 0xc5, 0x93, 0x86, 0xf7, 0xff,
		0x3d, 0x46, 0xe3, 0x77, 0xd6, 0xfc, 0xc1, 0x47, 0xe1, 0xb7, 0x14, 0x41,
		0xfd, 0x16, 0x13, 0x06, 0x80, 0x0e, 0x63, 0x75, 0xd6, 0x00, 0x93, 0x06,
		0x90, 0x0e, 0x14, 0xc1, 0x14, 0x45, 0x91, 0xe6, 0xb7, 0x86, 0x7b, 0x00,
		0x93, 0x86, 0xb6, 0xbf, 0x14, 0xc5, 0x10, 0x41, 0x93, 0x06, 0x80, 0x0c,
		0xe3, 0xfa, 0xc6, 0xf8, 0xb7, 0x06, 0x7c, 0x00, 0x59, 0xb7, 0x05, 0x45,
		0x82, 0x80, 0x83, 0x47, 0x45, 0x03, 0x91, 0xcb, 0xb7, 0x06, 0x00, 0x03,
		0x03, 0xa7, 0x06, 0x15, 0x13, 0x77, 0x07, 0xf0, 0xd9, 0x8f, 0x23, 0xa8,
		0xf6, 0x14, 0xb7, 0x07, 0x00, 0x03, 0x83, 0xa7, 0x07, 0x15, 0x82, 0x80,
		0xb7, 0x27, 0x10, 0x03, 0x7d, 0x57, 0x98, 0xd3, 0x13, 0x07, 0xf0, 0x0f,
		0xd8, 0xd3, 0x41, 0x67, 0x7d, 0x17, 0x98, 0xd7, 0x82, 0x80, 0xb7, 0x27,
		0x10, 0x03, 0x05, 0x47, 0x98, 0xd3, 0x23, 0xa2, 0x07, 0x02, 0x23, 0xa4,
		0x07, 0x02, 0x82, 0x80, 0xb7, 0x27, 0x05, 0x02, 0x13, 0x87, 0x07, 0x20,
		0x14, 0x4b, 0xc1, 0x76, 0x14, 0xcb, 0x58, 0x47, 0x23, 0xa6, 0x07, 0x20,
		0x93, 0x87, 0x07, 0x10, 0xd8, 0x43, 0x41, 0x9b, 0x13, 0x67, 0xd7, 0x00,
		0xd8, 0xc3, 0x82, 0x80, 0x5c, 0x41, 0x05, 0x47, 0x63, 0x9c, 0xe7, 0x02,
		0xb7, 0x07, 0x00, 0xc0, 0x93, 0xf5, 0xf5, 0x0f, 0xdd, 0x8d, 0xb7, 0x27,
		0x05, 0x02, 0x62, 0x06, 0x23, 0xa8, 0xb7, 0x20, 0x23, 0xa6, 0xc7, 0x20,
		0x37, 0x27, 0x05, 0x02, 0x83, 0x27, 0x47, 0x10, 0xc1, 0x9b, 0x93, 0xe7,
		0xd7, 0x00, 0x23, 0x22, 0xf7, 0x10, 0x83, 0x27, 0x87, 0x10, 0x85, 0x8b,
		0xed, 0xff, 0x82, 0x80, 0x13, 0x85, 0xe7, 0xff, 0x63, 0x64, 0xa7, 0x02,
		0x37, 0x27, 0x05, 0x02, 0xb7, 0x07, 0xc0, 0xc0, 0x23, 0x28, 0xf7, 0x20,
		0xc1, 0x67, 0xfd, 0x17, 0x22, 0x06, 0x7d, 0x8e, 0xc2, 0x05, 0xb7, 0x07,
		0xff, 0x00, 0xfd, 0x8d, 0x4d, 0x8e, 0x23, 0x26, 0xc7, 0x20, 0x6d, 0xbf,
		0x13, 0x87, 0xb7, 0xff, 0x0d, 0x45, 0x63, 0x69, 0xe5, 0x02, 0xb7, 0x07,
		0x00, 0x60, 0x37, 0x27, 0x05, 0x02, 0x93, 0x87, 0x07, 0x10, 0x23, 0x28,
		0xf7, 0x20, 0xc1, 0x67, 0xa2, 0x06, 0xfd, 0x17, 0x13, 0x76, 0xf6, 0x0f,
		0xfd, 0x8e, 0xd1, 0x8e, 0xc2, 0x05, 0x37, 0x06, 0xff, 0x00, 0xf1, 0x8d,
		0xcd, 0x8e, 0x23, 0x26, 0xd7, 0x20, 0x49, 0xb7, 0x11, 0x47, 0xe3, 0x9f,
		0xe7, 0xf6, 0x93, 0x97, 0x85, 0x01, 0x37, 0x07, 0x00, 0x07, 0xf9, 0x8f,
		0xc2, 0x05, 0x37, 0x07, 0x07, 0x00, 0xf9, 0x8d, 0x13, 0x76, 0xf6, 0x0f,
		0xcd, 0x8f, 0xd1, 0x8f, 0x37, 0x06, 0xc0, 0xc0, 0x37, 0x27, 0x05, 0x02,
		0xd1, 0x8f, 0x23, 0x28, 0xf7, 0x20, 0x23, 0x26, 0x07, 0x20, 0xb9, 0xb7,
		0x5c, 0x41, 0x05, 0x47, 0x63, 0x9d, 0xe7, 0x00, 0x93, 0xf5, 0xf5, 0x0f,
		0x93, 0x95, 0xe5, 0x29, 0xb7, 0x27, 0x05, 0x02, 0x23, 0xa8, 0xb7, 0x20,
		0x23, 0xa6, 0x07, 0x20, 0x0d, 0xa0, 0x93, 0x86, 0xe7, 0xff, 0x63, 0x6b,
		0xd7, 0x02, 0xb7, 0x27, 0x05, 0x02, 0x37, 0x07, 0x40, 0x40, 0x23, 0xa8,
		0xe7, 0x20, 0xc2, 0x05, 0x37, 0x07, 0xff, 0x00, 0xf9, 0x8d, 0x23, 0xa6,
		0xb7, 0x20, 0x37, 0x27, 0x05, 0x02, 0x83, 0x27, 0x47, 0x10, 0x93, 0xe7,
		0xf7, 0x00, 0x23, 0x22, 0xf7, 0x10, 0x83, 0x27, 0x87, 0x10, 0x85, 0x8b,
		0xed, 0xff, 0x82, 0x80, 0x13, 0x87, 0xb7, 0xff, 0x8d, 0x46, 0x63, 0xe1,
		0xe6, 0x02, 0xb7, 0x07, 0x00, 0xe0, 0x37, 0x27, 0x05, 0x02, 0x93, 0x87,
		0x07, 0x10, 0x23, 0x28, 0xf7, 0x20, 0xc2, 0x05, 0xb7, 0x07, 0xff, 0x00,
		0xfd, 0x8d, 0x23, 0x26, 0xb7, 0x20, 0xc1, 0xb7, 0x11, 0x47, 0xe3, 0x9e,
		0xe7, 0xfa, 0x93, 0x97, 0x85, 0x01, 0x37, 0x07, 0x00, 0x07, 0xf9, 0x8f,
		0xc2, 0x05, 0x37, 0x07, 0x07, 0x00, 0xf9, 0x8d, 0xdd, 0x8d, 0xb7, 0x07,
		0x40, 0x40, 0xdd, 0x8d, 0x85, 0xbf, 0x93, 0x07, 0x80, 0x0c, 0x63, 0xfc,
		0xa7, 0x06, 0xe1, 0x47, 0x33, 0x55, 0xf5, 0x02, 0x37, 0x17, 0x00, 0x02,
		0x14, 0x4b, 0x37, 0x06, 0xff, 0xf7, 0x13, 0x06, 0xc6, 0x0f, 0xf1, 0x8e,
		0x37, 0x06, 0x00, 0x10, 0x93, 0x07, 0xf5, 0xff, 0xa2, 0x07, 0xd5, 0x8f,
		0xb7, 0x06, 0x00, 0xc0, 0xd5, 0x8f, 0x1c, 0xcb, 0x1c, 0x4b, 0xb7, 0x16,
		0x00, 0x02, 0x93, 0x97, 0xd7, 0x49, 0x1c, 0xcb, 0x1c, 0x4b, 0x93, 0x97,
		0xd7, 0x29, 0x1c, 0xcb, 0x9c, 0x4a, 0x13, 0x87, 0x06, 0x01, 0xf1, 0x8f,
		0xe5, 0xdf, 0x1c, 0x43, 0xb7, 0x26, 0x00, 0x02, 0x93, 0x97, 0xb7, 0x29,
		0x1c, 0xc3, 0x83, 0xa7, 0x06, 0x80, 0x37, 0x07, 0x00, 0xf9, 0x13, 0x07,
		0xc7, 0xcf, 0xf9, 0x8f, 0x37, 0x07, 0x00, 0x81, 0xd9, 0x8f, 0x23, 0xa0,
		0xf6, 0x80, 0xe1, 0x47, 0x33, 0x05, 0xf5, 0x02, 0x82, 0x80, 0xb7, 0x27,
		0x00, 0x02, 0x03, 0xa7, 0x07, 0x80, 0x7d, 0x57, 0x23, 0xa0, 0xe7, 0x80,
		0x02, 0x90, 0x01, 0x11, 0x52, 0xc4, 0x4e, 0xc6, 0x4a, 0xc8, 0x37, 0x09,
		0x00, 0x03, 0x83, 0x27, 0x09, 0x1f, 0x26, 0xca, 0x22, 0xcc, 0x06, 0xce,
		0x93, 0xe7, 0x17, 0x00, 0x2a, 0x8a, 0x37, 0x24, 0x00, 0x02, 0x08, 0x41,
		0x23, 0x28, 0xf9, 0x1e, 0x05, 0x09, 0x13, 0x04, 0x04, 0x80, 0x1c, 0x44,
		0x41, 0x77, 0x7d, 0x17, 0xf9, 0x8f, 0x1c, 0xc4, 0xb7, 0x14, 0x00, 0x02,
		0x93, 0x84, 0x04, 0x50, 0xfc, 0x40, 0xb7, 0x09, 0x00, 0x80, 0x06, 0x05,
		0xb3, 0xf7, 0x37, 0x41, 0xfc, 0xc0, 0xb4, 0x40, 0xb7, 0x07, 0x00, 0xc0,
		0xfd, 0x17, 0xfd, 0x8e, 0xb4, 0xc0, 0x54, 0x44, 0xf9, 0x9a, 0x54, 0xc4,
		0x54, 0x44, 0x75, 0x8f, 0x58, 0xc4, 0x18, 0x40, 0xf9, 0x8f, 0x1c, 0xc0,
		0x1c, 0x40, 0xb3, 0xf7, 0x37, 0x41, 0x1c, 0xc0, 0x1c, 0x40, 0x93, 0x97,
		0xb7, 0x29, 0x1c, 0xc0, 0xed, 0x3d, 0x05, 0x81, 0x23, 0x20, 0xaa, 0x00,
		0x99, 0x33, 0xfc, 0x40, 0x22, 0x4a, 0xf2, 0x40, 0x33, 0xe9, 0x27, 0x01,
		0x23, 0xa2, 0x24, 0x05, 0x5c, 0x44, 0x42, 0x49, 0x37, 0x37, 0x10, 0x03,
		0x93, 0x97, 0x07, 0x29, 0x5c, 0xc4, 0xbc, 0x40, 0x93, 0x97, 0xe7, 0x29,
		0xbc, 0xc0, 0x1c, 0x40, 0x93, 0x97, 0xe7, 0x29, 0x1c, 0xc0, 0x1c, 0x44,
		0x93, 0x97, 0x07, 0x29, 0x1c, 0xc4, 0x5c, 0x44, 0x93, 0xe7, 0x17, 0x00,
		0x5c, 0xc4, 0xfc, 0x40, 0xb3, 0xe7, 0x37, 0x01, 0xfc, 0xc0, 0x1c, 0x40,
		0xd2, 0x44, 0xb3, 0xe9, 0x37, 0x01, 0x23, 0x20, 0x34, 0x01, 0x1c, 0x40,
		0xb2, 0x49, 0x93, 0x97, 0xb7, 0x29, 0x1c, 0xc0, 0x5c, 0x47, 0x62, 0x44,
		0x93, 0xf7, 0xf7, 0xfd, 0x93, 0xe7, 0x07, 0x04, 0x5c, 0xc7, 0x5c, 0x47,
		0x93, 0x97, 0xf7, 0x28, 0x5c, 0xc7, 0x05, 0x61, 0x82, 0x80, 0x37, 0x37,
		0x10, 0x03, 0x83, 0x27, 0x07, 0x10, 0x34, 0x49, 0x41, 0x11, 0x22, 0xc4,
		0x93, 0x97, 0xa7, 0x49, 0x06, 0xc6, 0x23, 0x20, 0xf7, 0x10, 0x37, 0x07,
		0x10, 0x00, 0x7c, 0x49, 0x2c, 0x4d, 0x2a, 0x84, 0x17, 0x4e, 0x00, 0x00,
		0x13, 0x0e, 0x0e, 0xb9, 0x97, 0x48, 0x00, 0x00, 0x93, 0x88, 0x88, 0xc0,
		0x75, 0x8f, 0x13, 0x08, 0x00, 0x02, 0x63, 0x0a, 0x07, 0x16, 0x01, 0x47,
		0x13, 0x03, 0x05, 0x08, 0x13, 0x08, 0x05, 0x06, 0x13, 0x06, 0x00, 0x02,
		0x0b, 0x45, 0xe3, 0x80, 0x0b, 0x55, 0xee, 0x44, 0x0b, 0x45, 0xe8, 0x80,
		0x0b, 0xd5, 0xe8, 0x44, 0x05, 0x07, 0xe3, 0x17, 0xc7, 0xfe, 0x37, 0x38,
		0x10, 0x03, 0x71, 0x7f, 0x89, 0x6e, 0x01, 0x47, 0x13, 0x08, 0x08, 0x31,
		0x13, 0x0f, 0x0f, 0x0c, 0x93, 0x8e, 0x0e, 0xe0, 0x93, 0x0f, 0x00, 0x02,
		0x0b, 0x46, 0x07, 0x41, 0x0b, 0xc5, 0xe8, 0x40, 0x33, 0x73, 0xe6, 0x01,
		0x0b, 0x46, 0xee, 0x40, 0x06, 0x05, 0x79, 0x89, 0x26, 0x06, 0x33, 0x76,
		0xd6, 0x01, 0x49, 0x8e, 0x33, 0x66, 0x66, 0x00, 0x0b, 0x56, 0x07, 0x41,
		0x11, 0x07, 0xe3, 0x1d, 0xf7, 0xfd, 0xb7, 0x3e, 0x10, 0x03, 0x71, 0x76,
		0x09, 0x68, 0x93, 0x8f, 0x0e, 0x37, 0x13, 0x06, 0x06, 0x0c, 0x13, 0x03,
		0x08, 0xe0, 0x93, 0x02, 0x00, 0x04, 0x0b, 0x45, 0xf7, 0x41, 0x0b, 0xc8,
		0xe8, 0x40, 0x33, 0x7f, 0xc5, 0x00, 0x0b, 0x45, 0xee, 0x40, 0x06, 0x08,
		0x13, 0x78, 0xe8, 0x01, 0x26, 0x05, 0x33, 0x75, 0x65, 0x00, 0x33, 0x65,
		0x05, 0x01, 0x33, 0x65, 0xe5, 0x01, 0x0b, 0x55, 0xf7, 0x41, 0x11, 0x07,
		0xe3, 0x1b, 0x57, 0xfc, 0x13, 0x85, 0x0e, 0x10, 0x18, 0x41, 0x93, 0x98,
		0x97, 0x00, 0xb3, 0xf8, 0x68, 0x00, 0x13, 0x17, 0xa7, 0x49, 0x18, 0xc1,
		0x13, 0x85, 0x0e, 0x30, 0x03, 0x28, 0x45, 0x03, 0x33, 0x78, 0xc8, 0x00,
		0x33, 0xe8, 0x08, 0x01, 0x23, 0x2a, 0x05, 0x03, 0x18, 0x5d, 0x13, 0x98,
		0x57, 0x00, 0x33, 0x78, 0x68, 0x00, 0x71, 0x8f, 0xb3, 0xe8, 0xe8, 0x00,
		0x23, 0x2c, 0x15, 0x03, 0x13, 0x87, 0x0e, 0x38, 0x83, 0x28, 0x47, 0x03,
		0xb3, 0xf8, 0xc8, 0x00, 0xb3, 0x68, 0x18, 0x01, 0x23, 0x2a, 0x17, 0x03,
		0x83, 0x28, 0x87, 0x03, 0xb3, 0xf8, 0xc8, 0x00, 0x33, 0x68, 0x18, 0x01,
		0x23, 0x2c, 0x07, 0x03, 0x83, 0x28, 0x45, 0x03, 0x13, 0xd8, 0xf5, 0x00,
		0x13, 0x78, 0xe8, 0x01, 0xb3, 0xf8, 0xc8, 0x00, 0xb3, 0x68, 0x18, 0x01,
		0x23, 0x2a, 0x15, 0x03, 0x83, 0x28, 0x85, 0x03, 0xcd, 0x81, 0xf9, 0x89,
		0xb3, 0xf8, 0xc8, 0x00, 0x33, 0x68, 0x18, 0x01, 0x23, 0x2c, 0x05, 0x03,
		0x48, 0x5b, 0x71, 0x8d, 0x4d, 0x8d, 0x48, 0xdb, 0x08, 0x5f, 0x69, 0x8e,
		0xd1, 0x8d, 0x0c, 0xdf, 0x15, 0x46, 0x58, 0x40, 0x63, 0x05, 0xc7, 0x12,
		0x63, 0x60, 0xe6, 0x04, 0x05, 0x46, 0x63, 0x00, 0xc7, 0x12, 0x0d, 0x46,
		0x63, 0x0e, 0xc7, 0x02, 0x17, 0x25, 0x00, 0x00, 0x13, 0x05, 0x05, 0x75,
		0xef, 0xf0, 0x0f, 0xa2, 0x85, 0xa0, 0x13, 0x56, 0x37, 0x00, 0x0a, 0x06,
		0x33, 0xd5, 0xc7, 0x00, 0x33, 0xd6, 0xc5, 0x00, 0x3d, 0x89, 0x3d, 0x8a,
		0x0b, 0x55, 0xee, 0x44, 0x0b, 0xd6, 0xe8, 0x44, 0x05, 0x07, 0xe3, 0x12,
		0x07, 0xff, 0x51, 0xbd, 0x65, 0x17, 0x05, 0x46, 0xe3, 0x66, 0xe6, 0xfc,
		0x05, 0x66, 0x13, 0xd7, 0x87, 0x00, 0x13, 0x06, 0x06, 0xf0, 0x37, 0x35,
		0x05, 0x02, 0xb2, 0x06, 0x37, 0x08, 0xf0, 0x00, 0x71, 0x8f, 0x2c, 0x4d,
		0xb3, 0xf6, 0x06, 0x01, 0xd9, 0x8e, 0x37, 0x07, 0x00, 0x80, 0x13, 0x07,
		0xf7, 0x07, 0xd1, 0x83, 0xa2, 0x07, 0x6d, 0x8f, 0xf1, 0x8f, 0xd9, 0x8e,
		0xd5, 0x8f, 0x3c, 0xcd, 0x7c, 0x48, 0x37, 0x37, 0x10, 0x03, 0x93, 0x05,
		0x07, 0x30, 0xc8, 0x5d, 0x37, 0x06, 0x00, 0x1e, 0x93, 0x96, 0x97, 0x00,
		0xf1, 0x8e, 0xc9, 0x8e, 0xd4, 0xdd, 0x93, 0x06, 0x07, 0x38, 0xcc, 0x5e,
		0x96, 0x07, 0xf1, 0x8f, 0xcd, 0x8f, 0xdc, 0xde, 0x93, 0x06, 0x07, 0x10,
		0x9c, 0x42, 0x37, 0x06, 0x00, 0x06, 0x13, 0x07, 0x07, 0x24, 0xd1, 0x8f,
		0x9c, 0xc2, 0x3c, 0x48, 0x85, 0x66, 0x93, 0x86, 0x06, 0xf0, 0x13, 0x96,
		0x47, 0x00, 0x75, 0x8e, 0xb7, 0x36, 0x10, 0x03, 0x13, 0x85, 0xc6, 0x27,
		0x0c, 0x43, 0xd1, 0x8d, 0x8b, 0x55, 0x47, 0x58, 0xe3, 0x1c, 0xa7, 0xfe,
		0x13, 0x87, 0x86, 0x22, 0xb7, 0x36, 0x10, 0x03, 0x13, 0x85, 0x06, 0x24,
		0x0c, 0x43, 0xd1, 0x8d, 0x8b, 0x55, 0x47, 0x58, 0xe3, 0x1c, 0xa7, 0xfe,
		0x93, 0x85, 0x06, 0x20, 0x88, 0x4d, 0x05, 0x67, 0x13, 0x07, 0x07, 0xf0,
		0x13, 0x96, 0x87, 0x00, 0x79, 0x8e, 0x49, 0x8e, 0x22, 0x44, 0xb2, 0x40,
		0x90, 0xcd, 0xc8, 0x4d, 0x33, 0xf6, 0xe7, 0x00, 0x91, 0x83, 0x49, 0x8e,
		0xd0, 0xcd, 0x93, 0x86, 0x06, 0x28, 0x90, 0x42, 0xf9, 0x8f, 0xd1, 0x8f,
		0x9c, 0xc2, 0x41, 0x01, 0x82, 0x80, 0x37, 0x35, 0x05, 0x02, 0x38, 0x4d,
		0x37, 0x06, 0x00, 0x80, 0x13, 0x06, 0xf6, 0x07, 0x85, 0x65, 0x79, 0x8e,
		0x93, 0x85, 0x05, 0xf0, 0x13, 0xd7, 0x87, 0x00, 0x6d, 0x8f, 0x37, 0x08,
		0xf0, 0x00, 0x93, 0x95, 0xc6, 0x00, 0xb3, 0xf5, 0x05, 0x01, 0x4d, 0x8f,
		0x51, 0x8f, 0x99, 0x83, 0x37, 0xc6, 0x03, 0x00, 0xf1, 0x8f, 0xd9, 0x8f,
		0xba, 0x06, 0x37, 0x07, 0x00, 0x3c, 0xf9, 0x8e, 0x11, 0xbf, 0x78, 0x4d,
		0xb7, 0x07, 0x02, 0x00, 0xf9, 0x8f, 0xb9, 0xe7, 0xb7, 0x37, 0x10, 0x03,
		0x83, 0xa7, 0x07, 0x11, 0xb7, 0x86, 0x80, 0x80, 0x93, 0x86, 0x06, 0x08,
		0xfd, 0x8e, 0x5c, 0x5d, 0x89, 0xe7, 0xb7, 0x57, 0x48, 0x48, 0x93, 0x87,
		0x87, 0x84, 0xd5, 0x8f, 0xb7, 0x36, 0x10, 0x03, 0x23, 0xa8, 0xf6, 0x10,
		0xc1, 0x67, 0x7d, 0x8f, 0x05, 0xe3, 0x83, 0xa7, 0x46, 0x11, 0x38, 0x41,
		0x93, 0xf7, 0x07, 0xf8, 0x13, 0x77, 0xf7, 0x07, 0x19, 0xe3, 0x13, 0x07,
		0x80, 0x04, 0xd9, 0x8f, 0x37, 0x37, 0x10, 0x03, 0x23, 0x2a, 0xf7, 0x10,
		0x82, 0x80, 0x37, 0x27, 0x10, 0x03, 0x13, 0x07, 0x07, 0x51, 0x81, 0x47,
		0x91, 0x46, 0x33, 0x58, 0xf5, 0x48, 0x63, 0x0a, 0x08, 0x00, 0x0b, 0xc8,
		0xf5, 0x44, 0x23, 0x20, 0x07, 0x01, 0x0b, 0x48, 0xf6, 0x44, 0x23, 0x22,
		0x07, 0x01, 0x85, 0x07, 0x21, 0x07, 0xe3, 0x92, 0xd7, 0xfe, 0x37, 0x27,
		0x10, 0x03, 0x83, 0x27, 0x07, 0x50, 0x06, 0x05, 0x79, 0x89, 0x85, 0x9b,
		0x5d, 0x8d, 0x23, 0x20, 0xa7, 0x50, 0x82, 0x80, 0xb7, 0x26, 0x10, 0x03,
		0x9c, 0x46, 0x71, 0x77, 0x13, 0x07, 0xf7, 0x0f, 0xf9, 0x8f, 0x79, 0x71,
		0x26, 0xd2, 0x22, 0xd4, 0x06, 0xd6, 0xaa, 0x84, 0x93, 0x97, 0xc7, 0x28,
		0xd8, 0x48, 0x9c, 0xc6, 0xdc, 0x4a, 0x09, 0x65, 0x93, 0x07, 0x05, 0x02,
		0xdc, 0xca, 0xb7, 0x37, 0x10, 0x03, 0xd0, 0x47, 0xa9, 0x65, 0x93, 0x85,
		0x05, 0x02, 0x4d, 0x8e, 0xd0, 0xc7, 0xd0, 0x46, 0xfd, 0x77, 0x7d, 0x8e,
		0x13, 0x66, 0xf6, 0x18, 0xd0, 0xc6, 0x9c, 0x42, 0xe5, 0x76, 0xfd, 0x16,
		0xf5, 0x8f, 0x93, 0x76, 0x07, 0x01, 0x63, 0x8d, 0x06, 0x14, 0x05, 0x8b,
		0x89, 0x66, 0x11, 0xe3, 0x8d, 0x66, 0xd5, 0x8f, 0x93, 0x97, 0xb7, 0x29,
		0x37, 0x27, 0x10, 0x03, 0x1c, 0xc3, 0x37, 0x34, 0x10, 0x03, 0x7c, 0x40,
		0x37, 0x07, 0xf8, 0xff, 0x13, 0x07, 0x77, 0x03, 0x93, 0xf7, 0x07, 0xfc,
		0x93, 0xe7, 0x37, 0x0c, 0x7c, 0xc0, 0x93, 0x06, 0x04, 0x20, 0x9c, 0x46,
		0x26, 0x85, 0xf9, 0x8f, 0x93, 0x97, 0x07, 0x29, 0x9c, 0xc6, 0xc5, 0x36,
		0x13, 0x07, 0x04, 0x10, 0x1c, 0x47, 0xfd, 0x76, 0x93, 0x86, 0xf6, 0x03,
		0xf5, 0x8f, 0x93, 0xe7, 0x07, 0x38, 0x1c, 0xc7, 0x13, 0x04, 0x04, 0x08,
		0x5c, 0x5c, 0xe1, 0x9b, 0x93, 0xe7, 0x47, 0x10, 0x5c, 0xdc, 0x50, 0x4f,
		0xb7, 0x07, 0x00, 0x01, 0x93, 0x86, 0xf7, 0xff, 0xb3, 0x77, 0xd6, 0x00,
		0x5c, 0xcf, 0x3c, 0x43, 0x98, 0x44, 0x37, 0x06, 0x00, 0xf8, 0x7d, 0x8e,
		0xb3, 0x77, 0xd7, 0x00, 0x89, 0xe7, 0xb7, 0x47, 0x3b, 0x00, 0x93, 0x87,
		0xb7, 0xbb, 0xd1, 0x8f, 0x37, 0x37, 0x10, 0x03, 0x93, 0x97, 0x97, 0x29,
		0x23, 0x20, 0xf7, 0x14, 0x23, 0x22, 0x07, 0x44, 0x23, 0x22, 0x07, 0x4c,
		0x9d, 0x47, 0xd8, 0x40, 0x63, 0x16, 0xf7, 0x02, 0x41, 0x46, 0x97, 0x25,
		0x00, 0x00, 0x93, 0x85, 0xe5, 0xf6, 0x0a, 0x85, 0xef, 0xf0, 0xef, 0x8b,
		0x41, 0x46, 0x97, 0x25, 0x00, 0x00, 0x93, 0x85, 0xe5, 0xf6, 0x08, 0x08,
		0xef, 0xf0, 0xef, 0x8a, 0x10, 0x08, 0x8a, 0x85, 0x05, 0x45, 0x71, 0x3d,
		0xd8, 0x40, 0xa1, 0x47, 0x63, 0x16, 0xf7, 0x02, 0x41, 0x46, 0x97, 0x25,
		0x00, 0x00, 0x93, 0x85, 0xe5, 0xf5, 0x0a, 0x85, 0xef, 0xf0, 0xef, 0x88,
		0x41, 0x46, 0x97, 0x25, 0x00, 0x00, 0x93, 0x85, 0xe5, 0xf3, 0x08, 0x08,
		0xef, 0xf0, 0xef, 0x87, 0x10, 0x08, 0x8a, 0x85, 0x0d, 0x45, 0xb5, 0x35,
		0xb7, 0x37, 0x10, 0x03, 0x03, 0xa7, 0x07, 0x0c, 0xb7, 0x06, 0x00, 0xf0,
		0x75, 0x8f, 0xb7, 0x36, 0x00, 0x01, 0x93, 0x86, 0x76, 0x08, 0x55, 0x8f,
		0x23, 0xa0, 0xe7, 0x0c, 0x98, 0x43, 0x93, 0x66, 0x27, 0x06, 0x94, 0xc3,
		0x13, 0x67, 0x37, 0x06, 0x98, 0xc3, 0x88, 0x4b, 0x05, 0x89, 0x75, 0xdd,
		0x9c, 0x4b, 0x0b, 0xb7, 0x47, 0x6d, 0x0d, 0xc7, 0x37, 0x05, 0x10, 0x00,
		0x7d, 0x8d, 0x0d, 0xc1, 0x17, 0x25, 0x00, 0x00, 0x13, 0x05, 0x05, 0x3f,
		0xef, 0xe0, 0xdf, 0xe9, 0x01, 0x45, 0x92, 0x54, 0x22, 0x54, 0xb2, 0x50,
		0x45, 0x61, 0x82, 0x80, 0x36, 0x07, 0x69, 0x8f, 0xd9, 0x8f, 0x7d, 0xb5,
		0xb7, 0x37, 0x10, 0x03, 0x98, 0x4f, 0x05, 0x8b, 0x75, 0xdf, 0x13, 0x87,
		0x07, 0x08, 0x54, 0x47, 0x37, 0x06, 0x00, 0x80, 0xd1, 0x8e, 0x54, 0xc7,
		0x54, 0x47, 0xb3, 0xf6, 0xc6, 0x40, 0x54, 0xc7, 0x37, 0x27, 0x10, 0x03,
		0x54, 0x4b, 0xd1, 0x8e, 0x54, 0xcb, 0x93, 0x87, 0x07, 0x10, 0xd4, 0x47,
		0x37, 0x06, 0x00, 0xfa, 0x7d, 0x16, 0xf1, 0x8e, 0xd4, 0xc7, 0x34, 0x4b,
		0x1c, 0x43, 0xb1, 0x83, 0x89, 0x8b, 0xb3, 0xf7, 0xf6, 0x40, 0x3c, 0xcb,
		0x5d, 0xb7, 0xb7, 0x37, 0x05, 0x02, 0x03, 0xa7, 0xc7, 0x08, 0xf1, 0x76,
		0x93, 0x86, 0xf6, 0xbf, 0x41, 0x11, 0x4a, 0xc0, 0x75, 0x8f, 0x26, 0xc2,
		0x22, 0xc4, 0x06, 0xc6, 0x23, 0xa6, 0xe7, 0x08, 0x85, 0x46, 0x58, 0x41,
		0x2a, 0x84, 0x63, 0x1e, 0xd7, 0x10, 0x03, 0xa7, 0xc7, 0x08, 0xb7, 0x06,
		0x3f, 0xff, 0xb7, 0x24, 0x05, 0x02, 0x75, 0x8f, 0x13, 0x67, 0xf7, 0x0f,
		0x23, 0xa6, 0xe7, 0x08, 0x9c, 0x40, 0x37, 0x07, 0x00, 0x04, 0x7d, 0x17,
		0x93, 0xe7, 0x77, 0x00, 0x9c, 0xc0, 0xdc, 0x44, 0xb7, 0x06, 0x00, 0x10,
		0xfd, 0x16, 0xf9, 0x8f, 0x37, 0x07, 0x00, 0x90, 0xd9, 0x8f, 0xdc, 0xc4,
		0x93, 0x87, 0x04, 0x10, 0x98, 0x43, 0x37, 0x09, 0x00, 0x01, 0x7d, 0x19,
		0x13, 0x67, 0x27, 0x00, 0x98, 0xc3, 0x98, 0x4f, 0x75, 0x8f, 0xb7, 0x06,
		0x00, 0x80, 0x55, 0x8f, 0x98, 0xcf, 0xd8, 0x4f, 0xb7, 0x86, 0xff, 0x80,
		0x93, 0x86, 0xf6, 0x0f, 0x41, 0x9b, 0xd8, 0xcf, 0xd8, 0x53, 0x6d, 0x9b,
		0xd8, 0xd3, 0xb8, 0x4b, 0x75, 0x8f, 0xb7, 0x16, 0x00, 0x20, 0x93, 0x86,
		0x06, 0x80, 0x55, 0x8f, 0xb8, 0xcb, 0x93, 0x84, 0x04, 0x20, 0x98, 0x40,
		0xe1, 0x76, 0x93, 0x86, 0x06, 0x08, 0x33, 0x77, 0x27, 0x01, 0x13, 0x17,
		0xd7, 0x29, 0x98, 0xc0, 0xd8, 0x48, 0x75, 0x8f, 0x13, 0x67, 0xc7, 0x41,
		0xd8, 0xc8, 0x98, 0x5b, 0x41, 0x9b, 0x13, 0x67, 0x47, 0x00, 0x98, 0xdb,
		0xef, 0xf0, 0xcf, 0xe8, 0x81, 0x46, 0x13, 0x06, 0xf0, 0x03, 0x81, 0x45,
		0x22, 0x85, 0xef, 0xf0, 0x2f, 0xea, 0x81, 0x46, 0x13, 0x06, 0x00, 0x08,
		0x91, 0x45, 0x22, 0x85, 0xef, 0xf0, 0x4f, 0xe9, 0x9c, 0x40, 0x37, 0x07,
		0x00, 0x60, 0xb3, 0xf7, 0x27, 0x01, 0xd9, 0x8f, 0x9c, 0xc0, 0xb7, 0x27,
		0x05, 0x02, 0x03, 0xa7, 0xc7, 0x12, 0x5d, 0x9b, 0x23, 0xa6, 0xe7, 0x12,
		0x37, 0x07, 0x00, 0xff, 0x83, 0xa7, 0x47, 0x15, 0x7d, 0x8f, 0x1c, 0x58,
		0x8b, 0xb6, 0x87, 0x34, 0x63, 0x89, 0x06, 0x66, 0x8d, 0x66, 0x93, 0x86,
		0x06, 0xf0, 0xf5, 0x8f, 0xd9, 0x8f, 0x37, 0x07, 0x8f, 0x00, 0x22, 0x44,
		0xb2, 0x40, 0x15, 0x07, 0xd9, 0x8f, 0x37, 0x27, 0x05, 0x02, 0x02, 0x49,
		0x92, 0x44, 0x23, 0x2a, 0xf7, 0x14, 0x41, 0x01, 0x82, 0x80, 0x11, 0x46,
		0x63, 0x17, 0xc7, 0x1c, 0x03, 0xa7, 0xc7, 0x08, 0xb7, 0x06, 0xff, 0x00,
		0x37, 0x06, 0x00, 0x10, 0x75, 0x8f, 0xb7, 0x06, 0xc0, 0x00, 0x93, 0x86,
		0xf6, 0x0f, 0x55, 0x8f, 0x23, 0xa6, 0xe7, 0x08, 0xb7, 0x27, 0x05, 0x02,
		0x98, 0x43, 0xb7, 0x06, 0x00, 0x04, 0xfd, 0x16, 0x13, 0x67, 0x77, 0x00,
		0x98, 0xc3, 0xd8, 0x43, 0x7d, 0x16, 0x13, 0x77, 0xf7, 0xcf, 0x13, 0x67,
		0x07, 0x20, 0xd8, 0xc3, 0xd8, 0x47, 0x75, 0x8f, 0xb7, 0x06, 0x00, 0x84,
		0x55, 0x8f, 0xd8, 0xc7, 0x13, 0x87, 0x07, 0x10, 0x14, 0x43, 0x93, 0xe6,
		0x26, 0x00, 0x14, 0xc3, 0x14, 0x4f, 0xf1, 0x8e, 0x37, 0x06, 0x00, 0x80,
		0xd1, 0x8e, 0x14, 0xcf, 0x54, 0x4f, 0xc1, 0x9a, 0x54, 0xcf, 0x54, 0x53,
		0xed, 0x9a, 0x54, 0xd3, 0x14, 0x41, 0x13, 0x06, 0xc0, 0x0c, 0x63, 0x6a,
		0xd6, 0x08, 0x34, 0x4b, 0x37, 0x86, 0xff, 0x80, 0x13, 0x06, 0xf6, 0x0f,
		0xf1, 0x8e, 0x37, 0x26, 0x00, 0x18, 0x13, 0x06, 0x06, 0x80, 0xd1, 0x8e,
		0x34, 0xcb, 0x93, 0x87, 0x07, 0x20, 0x94, 0x43, 0x37, 0x16, 0x10, 0x00,
		0x13, 0x06, 0x06, 0x40, 0x93, 0xf6, 0xf6, 0x0f, 0xd1, 0x8e, 0x94, 0xc3,
		0xd4, 0x43, 0x37, 0x16, 0x12, 0x12, 0x13, 0x06, 0x06, 0x20, 0x93, 0xf6,
		0xf6, 0x0f, 0xd1, 0x8e, 0xd4, 0xc3, 0xd4, 0x4b, 0x61, 0x76, 0x13, 0x06,
		0x06, 0x08, 0xf1, 0x8e, 0x93, 0xe6, 0x86, 0x51, 0xd4, 0xcb, 0x1c, 0x5b,
		0xc1, 0x9b, 0x93, 0xe7, 0x27, 0x00, 0x1c, 0xdb, 0xef, 0xf0, 0x0f, 0xd4,
		0x99, 0x45, 0x22, 0x85, 0x81, 0x46, 0x13, 0x06, 0x00, 0x04, 0xef, 0xf0,
		0x6f, 0xd5, 0x99, 0x45, 0x22, 0x85, 0xef, 0xf0, 0x2f, 0xe2, 0xb7, 0x26,
		0x05, 0x02, 0x83, 0xa7, 0x06, 0x20, 0x37, 0x07, 0x00, 0x01, 0x7d, 0x17,
		0xf9, 0x8f, 0x37, 0x07, 0x00, 0x60, 0xd9, 0x8f, 0x23, 0xa0, 0xf6, 0x20,
		0x7d, 0xb5, 0x13, 0x06, 0xc0, 0x0f, 0x63, 0x6f, 0xd6, 0x04, 0x34, 0x4b,
		0x37, 0x86, 0xff, 0x80, 0x13, 0x06, 0xf6, 0x0f, 0xf1, 0x8e, 0x37, 0x26,
		0x00, 0x22, 0x13, 0x06, 0x06, 0x20, 0xd1, 0x8e, 0x34, 0xcb, 0x93, 0x87,
		0x07, 0x20, 0x94, 0x43, 0x37, 0x26, 0x10, 0x00, 0x13, 0x06, 0x06, 0xe0,
		0x93, 0xf6, 0xf6, 0x0f, 0xd1, 0x8e, 0x94, 0xc3, 0xd4, 0x43, 0x37, 0x26,
		0x12, 0x12, 0x13, 0x06, 0x06, 0xa0, 0x93, 0xf6, 0xf6, 0x0f, 0xd1, 0x8e,
		0xd4, 0xc3, 0xd4, 0x4b, 0x61, 0x76, 0x13, 0x06, 0x06, 0x08, 0xf1, 0x8e,
		0x93, 0xe6, 0x26, 0x52, 0xd4, 0xcb, 0x1c, 0x5b, 0xc1, 0x9b, 0x93, 0xe7,
		0x47, 0x00, 0xa5, 0xb7, 0x13, 0x06, 0x80, 0x19, 0xe3, 0x62, 0xd6, 0xf6,
		0x34, 0x4b, 0x37, 0x86, 0xff, 0x80, 0x13, 0x06, 0xf6, 0x0f, 0xf1, 0x8e,
		0x37, 0x36, 0x00, 0x2e, 0x13, 0x06, 0x06, 0xe0, 0xd1, 0x8e, 0x34, 0xcb,
		0x93, 0x87, 0x07, 0x20, 0x94, 0x43, 0x37, 0x36, 0x10, 0x00, 0x13, 0x06,
		0x06, 0xa0, 0x93, 0xf6, 0xf6, 0x0f, 0xd1, 0x8e, 0x94, 0xc3, 0xd4, 0x43,
		0x37, 0x26, 0x12, 0x12, 0x13, 0x06, 0x06, 0x70, 0x93, 0xf6, 0xf6, 0x0f,
		0xd1, 0x8e, 0xd4, 0xc3, 0xd4, 0x4b, 0x61, 0x76, 0x13, 0x06, 0x06, 0x08,
		0xf1, 0x8e, 0x93, 0xe6, 0xe6, 0x52, 0xd4, 0xcb, 0x1c, 0x5b, 0xc1, 0x9b,
		0x93, 0xe7, 0x37, 0x00, 0x19, 0xb7, 0x13, 0x06, 0xe7, 0xff, 0x63, 0xe7,
		0xc6, 0x20, 0x83, 0xa6, 0xc7, 0x08, 0x37, 0x06, 0x3f, 0xff, 0xf1, 0x8e,
		0x37, 0x06, 0xc0, 0x00, 0x13, 0x06, 0x46, 0x08, 0xd1, 0x8e, 0x23, 0xa6,
		0xd7, 0x08, 0xb7, 0x27, 0x05, 0x02, 0x94, 0x43, 0x37, 0x06, 0x00, 0x04,
		0x7d, 0x16, 0x93, 0xe6, 0x76, 0x00, 0x94, 0xc3, 0xd4, 0x47, 0xf1, 0x8e,
		0x37, 0x06, 0x00, 0x80, 0xd1, 0x8e, 0xd4, 0xc7, 0x93, 0x86, 0x07, 0x10,
		0x90, 0x42, 0x13, 0x66, 0x26, 0x00, 0x90, 0xc2, 0x90, 0x4e, 0x37, 0xe6,
		0x95, 0x8d, 0x13, 0x06, 0xf6, 0x4c, 0x90, 0xce, 0xd0, 0x4e, 0x41, 0x9a,
		0xd0, 0xce, 0xd0, 0x52, 0x6d, 0x9a, 0xd0, 0xd2, 0x09, 0x46, 0x63, 0x1b,
		0xc7, 0x08, 0xb8, 0x4a, 0x37, 0x86, 0xff, 0x80, 0x13, 0x06, 0xf6, 0x0f,
		0x71, 0x8f, 0x37, 0x16, 0x00, 0x1e, 0x13, 0x06, 0x06, 0x20, 0x51, 0x8f,
		0xb8, 0xca, 0x93, 0x84, 0x07, 0x20, 0xdc, 0x40, 0x37, 0x07, 0x00, 0xe1,
		0x7d, 0x17, 0xf9, 0x8f, 0x37, 0x07, 0x00, 0x12, 0xd9, 0x8f, 0xdc, 0xc0,
		0xdc, 0x48, 0x61, 0x77, 0x13, 0x07, 0x07, 0x08, 0xf9, 0x8f, 0x93, 0xe7,
		0xe7, 0x50, 0xdc, 0xc8, 0xef, 0xf0, 0x0f, 0xba, 0x81, 0x46, 0x13, 0x06,
		0x10, 0x03, 0x81, 0x45, 0x22, 0x85, 0xef, 0xf0, 0x6f, 0xbb, 0x81, 0x45,
		0x22, 0x85, 0xef, 0xf0, 0x2f, 0xc8, 0x81, 0x46, 0x13, 0x06, 0x00, 0x02,
		0x91, 0x45, 0x22, 0x85, 0xef, 0xf0, 0x0f, 0xba, 0x91, 0x45, 0x22, 0x85,
		0xef, 0xf0, 0xcf, 0xc6, 0x81, 0x46, 0x0d, 0x46, 0xa1, 0x45, 0x22, 0x85,
		0xef, 0xf0, 0xcf, 0xb8, 0xa1, 0x45, 0x22, 0x85, 0xef, 0xf0, 0x8f, 0xc5,
		0x9c, 0x40, 0x37, 0x07, 0x00, 0x10, 0x7d, 0x17, 0xf9, 0x8f, 0x93, 0x97,
		0xd7, 0x29, 0xfd, 0xb1, 0x10, 0x41, 0x13, 0x07, 0xc0, 0x0c, 0x63, 0x69,
		0xc7, 0x0a, 0xb8, 0x4a, 0x37, 0x86, 0xff, 0x80, 0x13, 0x06, 0xf6, 0x0f,
		0x71, 0x8f, 0x37, 0x16, 0x00, 0x20, 0x13, 0x06, 0x06, 0x20, 0x51, 0x8f,
		0xb8, 0xca, 0x93, 0x87, 0x07, 0x20, 0x98, 0x43, 0xb7, 0x06, 0x00, 0x01,
		0xfd, 0x16, 0x75, 0x8f, 0xe1, 0x76, 0x13, 0x17, 0xd7, 0x29, 0x98, 0xc3,
		0xd8, 0x4b, 0x93, 0x86, 0x06, 0x08, 0x75, 0x8f, 0x13, 0x67, 0x27, 0x51,
		0xd8, 0xcb, 0xef, 0xf0, 0x6f, 0xb0, 0x81, 0x46, 0x13, 0x06, 0x10, 0x03,
		0x81, 0x45, 0x22, 0x85, 0xef, 0xf0, 0xcf, 0xb1, 0x81, 0x46, 0x13, 0x06,
		0x00, 0x02, 0x91, 0x45, 0x22, 0x85, 0xef, 0xf0, 0xef, 0xb0, 0x81, 0x46,
		0x13, 0x06, 0x30, 0x04, 0xa1, 0x45, 0x22, 0x85, 0xef, 0xf0, 0x0f, 0xb0,
		0xb7, 0x27, 0x05, 0x02, 0xd8, 0x47, 0xb7, 0x06, 0x00, 0x82, 0x37, 0x06,
		0x00, 0x01, 0x55, 0x8f, 0xd8, 0xc7, 0x93, 0x86, 0x07, 0x10, 0x98, 0x42,
		0x7d, 0x16, 0x13, 0x67, 0x07, 0x10, 0x98, 0xc2, 0x93, 0x85, 0x07, 0x20,
		0x98, 0x41, 0x93, 0x87, 0x07, 0x18, 0x71, 0x8f, 0x37, 0x06, 0x00, 0x60,
		0x51, 0x8f, 0x98, 0xc1, 0xf8, 0x5e, 0x13, 0x67, 0x17, 0x00, 0xf8, 0xde,
		0x13, 0x07, 0x00, 0x7d, 0x98, 0xc3, 0x25, 0xb9, 0x98, 0x5a, 0x37, 0x86,
		0xff, 0x80, 0x13, 0x06, 0xf6, 0x0f, 0x41, 0x9b, 0x13, 0x67, 0x47, 0x00,
		0x98, 0xda, 0xb8, 0x4a, 0x71, 0x8f, 0x37, 0x16, 0x00, 0x28, 0x13, 0x06,
		0x06, 0x60, 0x51, 0x8f, 0xb8, 0xca, 0x93, 0x87, 0x07, 0x20, 0x98, 0x43,
		0xb7, 0x06, 0x00, 0x01, 0xfd, 0x16, 0x75, 0x8f, 0xe1, 0x76, 0x13, 0x17,
		0xd7, 0x29, 0x98, 0xc3, 0xd8, 0x4b, 0x93, 0x86, 0x06, 0x08, 0x75, 0x8f,
		0x13, 0x67, 0x67, 0x51, 0xd8, 0xcb, 0xef, 0xf0, 0xef, 0xa4, 0x81, 0x46,
		0x13, 0x06, 0x90, 0x03, 0x81, 0x45, 0x22, 0x85, 0xef, 0xf0, 0x4f, 0xa6,
		0x81, 0x46, 0x13, 0x06, 0x00, 0x06, 0xa1, 0xb7, 0x93, 0x06, 0xb7, 0xff,
		0x0d, 0x46, 0xe3, 0x68, 0xd6, 0xbc, 0x83, 0xa6, 0xc7, 0x08, 0x41, 0x76,
		0x08, 0x41, 0xf1, 0x8e, 0x37, 0x06, 0xc0, 0x00, 0x13, 0x06, 0xf6, 0x0f,
		0xd1, 0x8e, 0x23, 0xa6, 0xd7, 0x08, 0xb7, 0x27, 0x05, 0x02, 0x94, 0x43,
		0x37, 0x06, 0x00, 0x04, 0x7d, 0x16, 0x93, 0xe6, 0x76, 0x00, 0x94, 0xc3,
		0xd4, 0x43, 0xb7, 0x05, 0x00, 0x10, 0xfd, 0x15, 0x93, 0xf6, 0xf6, 0xcf,
		0xd4, 0xc3, 0xd4, 0x47, 0x69, 0x17, 0xf1, 0x8e, 0x37, 0x06, 0x00, 0x88,
		0xd1, 0x8e, 0xd4, 0xc7, 0xd4, 0x47, 0x93, 0x96, 0x06, 0x29, 0xd4, 0xc7,
		0x93, 0x86, 0x07, 0x10, 0x90, 0x42, 0x13, 0x66, 0x26, 0x00, 0x90, 0xc2,
		0x90, 0x4e, 0x6d, 0x8e, 0x90, 0xce, 0xd0, 0x4e, 0x41, 0x9a, 0x13, 0x66,
		0x86, 0x00, 0xd0, 0xce, 0xd0, 0x52, 0x6d, 0x9a, 0xd0, 0xd2, 0x09, 0x46,
		0x63, 0x63, 0xe6, 0x12, 0x03, 0xa7, 0x87, 0x13, 0x54, 0x54, 0x37, 0x86,
		0x80, 0xff, 0x13, 0x06, 0x06, 0x08, 0x79, 0x8e, 0x0b, 0xb7, 0x86, 0x38,
		0x93, 0x07, 0x00, 0x50, 0x09, 0xc7, 0xa1, 0x67, 0x93, 0x87, 0x07, 0xf0,
		0xf5, 0x8f, 0x8b, 0xb5, 0x06, 0x59, 0x37, 0x07, 0x06, 0x00, 0x81, 0xc5,
		0x37, 0x07, 0x7f, 0x00, 0x75, 0x8f, 0x51, 0x8f, 0xd9, 0x8f, 0x93, 0xe7,
		0xc7, 0x00, 0x37, 0x27, 0x05, 0x02, 0x93, 0x06, 0x07, 0x10, 0x9c, 0xde,
		0xbc, 0x4a, 0x37, 0x86, 0xff, 0x80, 0x13, 0x06, 0xf6, 0x0f, 0xf1, 0x8f,
		0x37, 0x26, 0x00, 0x1e, 0xd1, 0x8f, 0xbc, 0xca, 0x13, 0x06, 0x07, 0x20,
		0x14, 0x42, 0xb7, 0x07, 0x00, 0x01, 0x93, 0x85, 0xf7, 0xff, 0xed, 0x8e,
		0x22, 0x85, 0x93, 0x96, 0xd6, 0x29, 0x14, 0xc2, 0x5c, 0x42, 0xb7, 0x06,
		0x00, 0x13, 0xed, 0x8f, 0xd5, 0x8f, 0x5c, 0xc2, 0xe1, 0x77, 0x93, 0x86,
		0x07, 0x08, 0x83, 0x27, 0x47, 0x21, 0x85, 0x45, 0x13, 0x06, 0x10, 0x0c,
		0xf5, 0x8f, 0x93, 0xe7, 0xc7, 0x52, 0x23, 0x2a, 0xf7, 0x20, 0x93, 0x06,
		0xf0, 0x0a, 0xef, 0xf0, 0xef, 0x93, 0x58, 0x40, 0xa1, 0x47, 0x93, 0x06,
		0x70, 0x08, 0x63, 0x04, 0xf7, 0x00, 0x93, 0x06, 0xf0, 0x08, 0x13, 0x06,
		0xc0, 0x05, 0x81, 0x45, 0x22, 0x85, 0xef, 0xf0, 0x2f, 0x92, 0xb7, 0x27,
		0x05, 0x02, 0x83, 0xa7, 0x07, 0x15, 0x14, 0x54, 0x37, 0x87, 0xff, 0x80,
		0x13, 0x07, 0xf7, 0x0f, 0x7d, 0x8f, 0x8b, 0xb7, 0x86, 0x38, 0xa1, 0xc7,
		0xa1, 0x67, 0x93, 0x87, 0x07, 0xf0, 0xf5, 0x8f, 0x0b, 0xb6, 0x86, 0x79,
		0xd9, 0x8f, 0x37, 0x07, 0x00, 0x2c, 0x01, 0xc6, 0x37, 0x07, 0x00, 0x7f,
		0x75, 0x8f, 0xd9, 0x8f, 0x37, 0x27, 0x05, 0x02, 0x93, 0x06, 0x07, 0x10,
		0xbc, 0xca, 0x9c, 0x5a, 0xc1, 0x9b, 0x93, 0xe7, 0x47, 0x00, 0x9c, 0xda,
		0x93, 0x07, 0x07, 0x20, 0x98, 0x43, 0xb7, 0x06, 0x00, 0x01, 0xfd, 0x16,
		0x75, 0x8f, 0xb7, 0x06, 0x00, 0x60, 0x55, 0x8f, 0x11, 0xb5, 0x8d, 0x67,
		0x93, 0x87, 0x07, 0xc0, 0x75, 0xbf, 0x13, 0x07, 0x60, 0x0a, 0x63, 0x62,
		0xa7, 0x06, 0xb8, 0x4a, 0x37, 0x86, 0xff, 0x80, 0x13, 0x06, 0xf6, 0x0f,
		0x71, 0x8f, 0x37, 0x26, 0x00, 0x19, 0x13, 0x06, 0x06, 0xc0, 0x51, 0x8f,
		0xb8, 0xca, 0x93, 0x87, 0x07, 0x20, 0x90, 0x43, 0x37, 0x07, 0x00, 0x01,
		0x93, 0x05, 0xf7, 0xff, 0x6d, 0x8e, 0x13, 0x16, 0xd6, 0x29, 0x90, 0xc3,
		0xd8, 0x43, 0x37, 0x06, 0x00, 0x13, 0x6d, 0x8f, 0x51, 0x8f, 0xd8, 0xc3,
		0xd8, 0x4b, 0x61, 0x76, 0x13, 0x06, 0x06, 0x08, 0x71, 0x8f, 0x13, 0x67,
		0xc7, 0x51, 0xd8, 0xcb, 0x9c, 0x5a, 0xc1, 0x9b, 0x9c, 0xda, 0x93, 0x06,
		0xf0, 0x08, 0x71, 0x46, 0x81, 0x45, 0x22, 0x85, 0xef, 0xf0, 0x4f, 0x85,
		0x19, 0xb6, 0x13, 0x07, 0x90, 0x0e, 0xe3, 0x66, 0xa7, 0xfe, 0xb8, 0x4a,
		0x37, 0x86, 0xff, 0x80, 0x13, 0x06, 0xf6, 0x0f, 0x71, 0x8f, 0x37, 0x26,
		0x00, 0x1c, 0x13, 0x06, 0x06, 0xc0, 0x51, 0x8f, 0xb8, 0xca, 0x93, 0x87,
		0x07, 0x20, 0x90, 0x43, 0x37, 0x07, 0x00, 0x01, 0x93, 0x05, 0xf7, 0xff,
		0x6d, 0x8e, 0x13, 0x16, 0xd6, 0x29, 0x90, 0xc3, 0xd8, 0x43, 0x37, 0x06,
		0x00, 0x13, 0x6d, 0x8f, 0x51, 0x8f, 0xd8, 0xc3, 0xd8, 0x4b, 0x61, 0x76,
		0x13, 0x06, 0x06, 0x08, 0x71, 0x8f, 0x13, 0x67, 0xc7, 0x51, 0xd8, 0xcb,
		0x9c, 0x5a, 0xc1, 0x9b, 0x93, 0xe7, 0x47, 0x00, 0x51, 0xbf, 0x85, 0x67,
		0x93, 0x87, 0x07, 0xc0, 0x51, 0xba, 0x5c, 0x49, 0x41, 0x11, 0x22, 0xc4,
		0x06, 0xc6, 0x2a, 0x84, 0xc5, 0x8b, 0xc9, 0xef, 0xb7, 0x26, 0x05, 0x02,
		0xdc, 0x46, 0x37, 0x07, 0x00, 0x20, 0x7d, 0x17, 0xf9, 0x8f, 0x37, 0x07,
		0x00, 0x80, 0xd9, 0x8f, 0xdc, 0xc6, 0x58, 0x40, 0x91, 0x47, 0x63, 0x14,
		0xf7, 0x04, 0x1c, 0x40, 0x13, 0x07, 0xc0, 0x0c, 0x63, 0x6e, 0xf7, 0x14,
		0xb7, 0x27, 0x05, 0x02, 0x03, 0xa7, 0x07, 0x20, 0xb7, 0x06, 0x00, 0x01,
		0xfd, 0x16, 0x75, 0x8f, 0x13, 0x17, 0xe7, 0x29, 0x23, 0xa0, 0xe7, 0x20,
		0x58, 0x48, 0x45, 0x8b, 0x7d, 0xe7, 0x03, 0xa7, 0x47, 0x20, 0xb7, 0x06,
		0x00, 0xff, 0x93, 0x86, 0xf6, 0x0f, 0x75, 0x8f, 0xb7, 0x16, 0x12, 0x00,
		0x93, 0x86, 0x06, 0x20, 0x55, 0x8f, 0x23, 0xa2, 0xe7, 0x20, 0x97, 0x37,
		0x00, 0x00, 0x83, 0xa7, 0x67, 0xf2, 0x05, 0x45, 0xdd, 0xcf, 0xb7, 0x27,
		0x05, 0x02, 0x93, 0x87, 0x07, 0x10, 0xf8, 0x4b, 0xb7, 0x06, 0x00, 0x81,
		0xfd, 0x16, 0x75, 0x8f, 0xe1, 0x76, 0x13, 0x17, 0xe7, 0x29, 0xf8, 0xcb,
		0xd8, 0x53, 0x93, 0x86, 0xf6, 0x0f, 0x75, 0x8f, 0x13, 0x17, 0xe7, 0x28,
		0xd8, 0xd3, 0x51, 0xa8, 0x41, 0x47, 0x63, 0x9c, 0xe7, 0x00, 0xb7, 0x26,
		0x05, 0x02, 0xdc, 0x46, 0x37, 0x07, 0x00, 0x20, 0x7d, 0x17, 0xf9, 0x8f,
		0x37, 0x07, 0x00, 0xc0, 0x8d, 0xb7, 0x45, 0x47, 0x63, 0x94, 0xe7, 0x06,
		0xb7, 0x07, 0x00, 0x20, 0x50, 0x41, 0x8d, 0x46, 0x13, 0x87, 0xf7, 0xff,
		0x63, 0x13, 0xd6, 0x04, 0xb7, 0x26, 0x05, 0x02, 0xdc, 0x46, 0x0d, 0x46,
		0xa1, 0x45, 0xf9, 0x8f, 0x37, 0x07, 0x00, 0xe0, 0xd9, 0x8f, 0xdc, 0xc6,
		0x81, 0x46, 0xef, 0xe0, 0xff, 0xef, 0xb7, 0x37, 0x05, 0x02, 0x93, 0x87,
		0x07, 0x08, 0xd8, 0x47, 0xd9, 0x76, 0x93, 0x86, 0x06, 0xf0, 0x75, 0x8f,
		0xa9, 0x66, 0x93, 0x86, 0x96, 0x02, 0x55, 0x8f, 0xd8, 0xc7, 0xd8, 0x4b,
		0x71, 0x9b, 0x13, 0x67, 0x17, 0x00, 0xd8, 0xcb, 0x39, 0xb7, 0xb7, 0x26,
		0x05, 0x02, 0xdc, 0x46, 0xf9, 0x8f, 0x37, 0x07, 0x00, 0xe0, 0xd9, 0x8f,
		0xdc, 0xc6, 0xe1, 0xb7, 0x17, 0x25, 0x00, 0x00, 0x13, 0x05, 0x45, 0xb0,
		0xef, 0xe0, 0x8f, 0xd7, 0x01, 0x45, 0x22, 0x44, 0xb2, 0x40, 0x41, 0x01,
		0x82, 0x80, 0xc1, 0x46, 0x63, 0x19, 0xd7, 0x02, 0x93, 0x87, 0x07, 0x20,
		0x94, 0x43, 0x37, 0x07, 0x00, 0xff, 0x13, 0x06, 0xf7, 0x0f, 0x37, 0x17,
		0x08, 0x00, 0x13, 0x07, 0x07, 0x40, 0xf1, 0x8e, 0xd9, 0x8e, 0x94, 0xc3,
		0xd8, 0x43, 0xb7, 0x16, 0x0a, 0x00, 0x93, 0x86, 0x06, 0x20, 0x71, 0x8f,
		0x55, 0x8f, 0xd8, 0xc3, 0xfd, 0xbd, 0xc5, 0x46, 0xe3, 0x1d, 0xd7, 0xee,
		0x03, 0xa7, 0x47, 0x20, 0xb7, 0x06, 0x00, 0xff, 0x93, 0x86, 0xf6, 0x0f,
		0x75, 0x8f, 0xb7, 0x16, 0x10, 0x00, 0xf9, 0xbd, 0x13, 0x07, 0xc0, 0x0f,
		0x63, 0x6e, 0xf7, 0x06, 0xb7, 0x27, 0x05, 0x02, 0x03, 0xa7, 0x07, 0x20,
		0xb7, 0x06, 0x00, 0x01, 0xfd, 0x16, 0x75, 0x8f, 0x23, 0xa0, 0xe7, 0x20,
		0x58, 0x48, 0x45, 0x8b, 0x05, 0xe7, 0x93, 0x87, 0x07, 0x20, 0x94, 0x43,
		0x37, 0x07, 0x00, 0xff, 0x13, 0x06, 0xf7, 0x0f, 0x37, 0x27, 0x10, 0x00,
		0x13, 0x07, 0x07, 0xc0, 0xf1, 0x8e, 0xd9, 0x8e, 0x94, 0xc3, 0xd8, 0x43,
		0xb7, 0x26, 0x12, 0x00, 0x71, 0x8f, 0x35, 0xa0, 0xc1, 0x46, 0x63, 0x17,
		0xd7, 0x02, 0x93, 0x87, 0x07, 0x20, 0x94, 0x43, 0x37, 0x07, 0x00, 0xff,
		0x13, 0x06, 0xf7, 0x0f, 0x37, 0x27, 0x08, 0x00, 0x13, 0x07, 0x07, 0xc0,
		0xf1, 0x8e, 0xd9, 0x8e, 0x94, 0xc3, 0xd8, 0x43, 0xb7, 0x26, 0x0a, 0x00,
		0x71, 0x8f, 0x93, 0x86, 0x06, 0xa0, 0xad, 0xb7, 0xc5, 0x46, 0xe3, 0x14,
		0xd7, 0xe6, 0x55, 0xb7, 0x13, 0x07, 0x80, 0x19, 0xe3, 0x6f, 0xf7, 0xe4,
		0xb7, 0x27, 0x05, 0x02, 0x03, 0xa7, 0x07, 0x20, 0xb7, 0x06, 0x00, 0x01,
		0xfd, 0x16, 0x75, 0x8f, 0x23, 0xa0, 0xe7, 0x20, 0x58, 0x48, 0x45, 0x8b,
		0x05, 0xe7, 0x93, 0x87, 0x07, 0x20, 0x94, 0x43, 0x37, 0x07, 0x00, 0xff,
		0x13, 0x06, 0xf7, 0x0f, 0xf1, 0x8e, 0x37, 0x37, 0x10, 0x40, 0x13, 0x07,
		0x07, 0xa0, 0xd9, 0x8e, 0x94, 0xc3, 0xd8, 0x43, 0xb7, 0x26, 0x12, 0x00,
		0x71, 0x8f, 0x35, 0xa0, 0xc1, 0x46, 0x63, 0x17, 0xd7, 0x02, 0x93, 0x87,
		0x07, 0x20, 0x94, 0x43, 0x37, 0x07, 0x00, 0xff, 0x13, 0x06, 0xf7, 0x0f,
		0x37, 0x37, 0x08, 0x00, 0x13, 0x07, 0x07, 0xa0, 0xf1, 0x8e, 0xd9, 0x8e,
		0x94, 0xc3, 0xd8, 0x43, 0xb7, 0x26, 0x0a, 0x00, 0x71, 0x8f, 0x93, 0x86,
		0x06, 0x70, 0xed, 0xb5, 0xc5, 0x46, 0xe3, 0x14, 0xd7, 0xde, 0x93, 0x87,
		0x07, 0x20, 0x94, 0x43, 0x37, 0x07, 0x00, 0xff, 0x13, 0x06, 0xf7, 0x0f,
		0xf1, 0x8e, 0x37, 0x37, 0x10, 0x00, 0x55, 0xb7, 0x37, 0x27, 0x10, 0x03,
		0x5c, 0x4b, 0xb7, 0x06, 0x00, 0x80, 0xd5, 0x8f, 0x5c, 0xcb, 0x82, 0x80,
		0x03, 0x2e, 0x45, 0x01, 0x37, 0x33, 0x10, 0x03, 0x86, 0x05, 0x93, 0x77,
		0x1e, 0x00, 0x09, 0x4e, 0x86, 0x06, 0x81, 0x48, 0x13, 0x03, 0x83, 0x30,
		0x93, 0x0f, 0xf0, 0x0f, 0xb7, 0x02, 0x00, 0xff, 0x33, 0x0e, 0xfe, 0x40,
		0x13, 0x9f, 0x78, 0x00, 0x0b, 0x48, 0x6f, 0x40, 0x93, 0x77, 0xf8, 0x0f,
		0x15, 0xce, 0x01, 0x45, 0x63, 0xf4, 0xf5, 0x00, 0x33, 0x85, 0xb7, 0x40,
		0x8b, 0x3e, 0x88, 0x3c, 0x1d, 0xcb, 0x81, 0x47, 0x63, 0xf4, 0xd6, 0x01,
		0xb3, 0x87, 0xde, 0x40, 0x33, 0x78, 0x58, 0x00, 0x33, 0x65, 0x05, 0x01,
		0x13, 0x98, 0x87, 0x00, 0x33, 0x65, 0xa8, 0x00, 0xc2, 0x07, 0xc9, 0x8f,
		0x8b, 0x57, 0x6f, 0x40, 0x85, 0x08, 0xe3, 0x1f, 0x1e, 0xfb, 0x82, 0x80,
		0x33, 0x85, 0xf5, 0x00, 0x33, 0x55, 0xf5, 0x0b, 0xe1, 0xb7, 0xb3, 0x87,
		0xd6, 0x01, 0xb3, 0xd7, 0xf7, 0x0b, 0xf9, 0xb7, 0x01, 0x11, 0x26, 0xca,
		0x22, 0xcc, 0x06, 0xce, 0x2a, 0x84, 0xef, 0xe0, 0x1f, 0xeb, 0x22, 0x85,
		0xef, 0xf0, 0x6f, 0xa9, 0x22, 0x85, 0xef, 0xf0, 0xaf, 0xb2, 0x0c, 0x5c,
		0xaa, 0x84, 0x22, 0x85, 0x0b, 0xb7, 0xf5, 0x3c, 0x8b, 0xb6, 0x85, 0x38,
		0x0b, 0xb6, 0x75, 0x1c, 0x93, 0xf5, 0xf5, 0x07, 0x81, 0x3f, 0x22, 0x85,
		0xef, 0xf0, 0xaf, 0xd0, 0x22, 0x85, 0x51, 0x39, 0x2a, 0xc6, 0x0d, 0x3f,
		0x32, 0x45, 0x62, 0x44, 0xf2, 0x40, 0x65, 0x8d, 0x05, 0x89, 0xd2, 0x44,
		0x05, 0x61, 0x82, 0x80, 0x01, 0x11, 0x26, 0xca, 0x22, 0xcc, 0x06, 0xce,
		0x05, 0x81, 0x37, 0x44, 0x23, 0x01, 0xb7, 0xc6, 0xdc, 0xfe, 0x52, 0x05,
		0x37, 0x07, 0x00, 0x40, 0x81, 0x47, 0x13, 0x04, 0x74, 0x56, 0x93, 0x86,
		0x86, 0xa9, 0x63, 0x93, 0xb7, 0x02, 0x37, 0x77, 0xb9, 0xfd, 0xa2, 0x97,
		0xb7, 0x04, 0x00, 0x40, 0x13, 0x07, 0x17, 0x53, 0x63, 0x94, 0x87, 0x02,
		0x17, 0x25, 0x00, 0x00, 0x13, 0x05, 0xc5, 0x8d, 0xef, 0xe0, 0x8f, 0xae,
		0x01, 0x45, 0xb1, 0xa0, 0x33, 0x86, 0x87, 0x00, 0x10, 0xc3, 0x33, 0x86,
		0xd7, 0x00, 0x0b, 0x56, 0xe5, 0x40, 0x85, 0x07, 0x11, 0x07, 0xe1, 0xb7,
		0x8b, 0x45, 0x95, 0x40, 0xb3, 0x06, 0x95, 0x00, 0x33, 0x06, 0xe4, 0x00,
		0x63, 0x0a, 0xb6, 0x02, 0x17, 0x25, 0x00, 0x00, 0x13, 0x05, 0x45, 0x87,
		0x36, 0xc2, 0x32, 0xc4, 0x2e, 0xc6, 0xef, 0xe0, 0xef, 0xaa, 0x92, 0x46,
		0x22, 0x46, 0xb2, 0x45, 0x17, 0x25, 0x00, 0x00, 0x13, 0x05, 0x85, 0x87,
		0xef, 0xe0, 0xcf, 0xa9, 0x05, 0x45, 0xd2, 0x44, 0x62, 0x44, 0xf2, 0x40,
		0x05, 0x61, 0x82, 0x80, 0xa6, 0x86, 0x8b, 0xc5, 0x46, 0x58, 0x63, 0x8d,
		0x85, 0x00, 0x17, 0x25, 0x00, 0x00, 0x13, 0x05, 0xa5, 0x83, 0x2e, 0xc2,
		0xef, 0xe0, 0x8f, 0xa7, 0x92, 0x45, 0xa6, 0x86, 0x22, 0x86, 0xe9, 0xb7,
		0x05, 0x04, 0xb6, 0x84, 0x95, 0xbf, 0x41, 0x11, 0x22, 0xc4, 0x2a, 0x84,
		0x17, 0x25, 0x00, 0x00, 0x13, 0x05, 0x45, 0x81, 0x06, 0xc6, 0xef, 0xe0,
		0x6f, 0xa5, 0x0c, 0x40, 0x17, 0x25, 0x00, 0x00, 0x13, 0x05, 0x45, 0x85,
		0xef, 0xe0, 0x8f, 0xa4, 0x4c, 0x40, 0x17, 0x25, 0x00, 0x00, 0x13, 0x05,
		0xa5, 0x85, 0xef, 0xe0, 0xaf, 0xa3, 0x0c, 0x44, 0x17, 0x25, 0x00, 0x00,
		0x13, 0x05, 0x05, 0x86, 0xef, 0xe0, 0xcf, 0xa2, 0x4c, 0x44, 0x17, 0x25,
		0x00, 0x00, 0x13, 0x05, 0x65, 0x86, 0xef, 0xe0, 0xef, 0xa1, 0x0c, 0x48,
		0x17, 0x25, 0x00, 0x00, 0x13, 0x05, 0xc5, 0x86, 0xef, 0xe0, 0x0f, 0xa1,
		0x4c, 0x48, 0x17, 0x25, 0x00, 0x00, 0x13, 0x05, 0x25, 0x87, 0xef, 0xe0,
		0x2f, 0xa0, 0x0c, 0x4c, 0x17, 0x25, 0x00, 0x00, 0x13, 0x05, 0x85, 0x87,
		0xef, 0xe0, 0x4f, 0x9f, 0x4c, 0x4c, 0x17, 0x25, 0x00, 0x00, 0x13, 0x05,
		0xe5, 0x87, 0xef, 0xe0, 0x6f, 0x9e, 0x0c, 0x50, 0x17, 0x25, 0x00, 0x00,
		0x13, 0x05, 0x45, 0x88, 0xef, 0xe0, 0x8f, 0x9d, 0x4c, 0x50, 0x17, 0x25,
		0x00, 0x00, 0x13, 0x05, 0xa5, 0x88, 0xef, 0xe0, 0xaf, 0x9c, 0x0c, 0x54,
		0x17, 0x25, 0x00, 0x00, 0x13, 0x05, 0x05, 0x89, 0xef, 0xe0, 0xcf, 0x9b,
		0x4c, 0x54, 0x17, 0x25, 0x00, 0x00, 0x13, 0x05, 0x65, 0x89, 0xef, 0xe0,
		0xef, 0x9a, 0x0c, 0x58, 0x17, 0x25, 0x00, 0x00, 0x13, 0x05, 0xc5, 0x89,
		0xef, 0xe0, 0x0f, 0x9a, 0x4c, 0x58, 0x17, 0x25, 0x00, 0x00, 0x13, 0x05,
		0x25, 0x8a, 0xef, 0xe0, 0x2f, 0x99, 0x0c, 0x5c, 0x17, 0x25, 0x00, 0x00,
		0x13, 0x05, 0x85, 0x8a, 0xef, 0xe0, 0x4f, 0x98, 0x4c, 0x5c, 0x17, 0x25,
		0x00, 0x00, 0x13, 0x05, 0xe5, 0x8a, 0xef, 0xe0, 0x6f, 0x97, 0x2c, 0x40,
		0x17, 0x25, 0x00, 0x00, 0x13, 0x05, 0x45, 0x8b, 0xef, 0xe0, 0x8f, 0x96,
		0x6c, 0x40, 0x17, 0x25, 0x00, 0x00, 0x13, 0x05, 0xa5, 0x8b, 0xef, 0xe0,
		0xaf, 0x95, 0x2c, 0x44, 0x17, 0x25, 0x00, 0x00, 0x13, 0x05, 0x05, 0x8c,
		0xef, 0xe0, 0xcf, 0x94, 0x6c, 0x44, 0x17, 0x25, 0x00, 0x00, 0x13, 0x05,
		0x65, 0x8c, 0xef, 0xe0, 0xef, 0x93, 0x2c, 0x48, 0x17, 0x25, 0x00, 0x00,
		0x13, 0x05, 0xc5, 0x8c, 0xef, 0xe0, 0x0f, 0x93, 0x6c, 0x48, 0x17, 0x25,
		0x00, 0x00, 0x13, 0x05, 0x25, 0x8d, 0xef, 0xe0, 0x2f, 0x92, 0x2c, 0x4c,
		0x17, 0x25, 0x00, 0x00, 0x13, 0x05, 0x85, 0x8d, 0xef, 0xe0, 0x4f, 0x91,
		0x6c, 0x4c, 0x17, 0x25, 0x00, 0x00, 0x13, 0x05, 0xe5, 0x8d, 0xef, 0xe0,
		0x6f, 0x90, 0x22, 0x44, 0xb2, 0x40, 0x17, 0x15, 0x00, 0x00, 0x13, 0x05,
		0x25, 0x6b, 0x41, 0x01, 0x6f, 0xe0, 0x4f, 0x8f, 0x78, 0x4d, 0x41, 0x11,
		0x4a, 0xc0, 0x26, 0xc2, 0x22, 0xc4, 0x06, 0xc6, 0xb7, 0x07, 0x00, 0x20,
		0x2a, 0x84, 0xf9, 0x8f, 0x91, 0xc3, 0x95, 0x3d, 0xb7, 0x07, 0x00, 0x03,
		0x93, 0x87, 0x07, 0x10, 0xb8, 0x53, 0x17, 0x25, 0x00, 0x00, 0x13, 0x05,
		0x25, 0x8b, 0x75, 0x9b, 0xb8, 0xd3, 0xf8, 0x5b, 0x37, 0x07, 0x37, 0x19,
		0x13, 0x07, 0x57, 0x50, 0xf8, 0xdb, 0xec, 0x5b, 0xef, 0xe0, 0x4f, 0x8b,
		0x22, 0x85, 0xef, 0xe0, 0x1f, 0x98, 0x93, 0x07, 0x04, 0x06, 0x13, 0x07,
		0x04, 0x08, 0x23, 0x80, 0x07, 0x02, 0x0b, 0xd0, 0x17, 0x18, 0xe3, 0x9c,
		0xe7, 0xfe, 0x3c, 0x48, 0x63, 0xc1, 0x07, 0x02, 0x37, 0x07, 0x08, 0x00,
		0xf9, 0x8f, 0x81, 0xcf, 0x22, 0x85, 0xef, 0x00, 0x90, 0x55, 0x19, 0xc1,
		0x81, 0x44, 0x81, 0xa8, 0x3c, 0x48, 0x37, 0x07, 0x00, 0x80, 0xd9, 0x8f,
		0x3c, 0xc8, 0x01, 0x45, 0xef, 0xe0, 0xcf, 0xfb, 0x0b, 0x35, 0x05, 0x3c,
		0x0d, 0xc1, 0x7c, 0x4c, 0x85, 0x8b, 0x91, 0xef, 0xef, 0xe0, 0x6f, 0xfe,
		0x48, 0xc0, 0x69, 0xdd, 0x17, 0x25, 0x00, 0x00, 0x13, 0x05, 0x05, 0x85,
		0xef, 0xe0, 0x0f, 0x85, 0x22, 0x85, 0xef, 0xe0, 0x7f, 0x84, 0x22, 0x85,
		0x03, 0x29, 0x04, 0x01, 0xe1, 0x31, 0xaa, 0x84, 0x11, 0xed, 0x17, 0x25,
		0x00, 0x00, 0x13, 0x05, 0x25, 0x85, 0xef, 0xe0, 0x2f, 0x83, 0x22, 0x44,
		0xb2, 0x40, 0x26, 0x85, 0x02, 0x49, 0x92, 0x44, 0x41, 0x01, 0x82, 0x80,
		0xef, 0xe0, 0x5f, 0x91, 0x97, 0x25, 0x00, 0x00, 0x93, 0x85, 0x05, 0x85,
		0x17, 0x25, 0x00, 0x00, 0x13, 0x05, 0x05, 0x85, 0xef, 0xe0, 0xcf, 0x80,
		0x0c, 0x40, 0x17, 0x25, 0x00, 0x00, 0x13, 0x05, 0xe5, 0x85, 0xef, 0xd0,
		0xff, 0xff, 0x48, 0x40, 0xef, 0xe0, 0x4f, 0xf0, 0xaa, 0x85, 0x17, 0x25,
		0x00, 0x00, 0x13, 0x05, 0x25, 0x86, 0xef, 0xd0, 0xbf, 0xfe, 0xb7, 0x37,
		0x10, 0x03, 0x83, 0xa5, 0x07, 0x14, 0xb7, 0x07, 0x00, 0x01, 0xfd, 0x17,
		0xfd, 0x8d, 0x17, 0x25, 0x00, 0x00, 0x13, 0x05, 0xa5, 0x85, 0xef, 0xd0,
		0xff, 0xfc, 0x8b, 0x34, 0x09, 0x3c, 0xa6, 0x85, 0x17, 0x25, 0x00, 0x00,
		0x13, 0x05, 0x05, 0x86, 0xef, 0xd0, 0xdf, 0xfb, 0x85, 0x65, 0x26, 0x85,
		0x71, 0x31, 0x01, 0xc9, 0x17, 0x25, 0x00, 0x00, 0x13, 0x05, 0x45, 0x86,
		0xef, 0xd0, 0x9f, 0xfa, 0x15, 0xb7, 0x78, 0x4c, 0xb7, 0x07, 0x00, 0x20,
		0xf9, 0x8f, 0xb5, 0xd7, 0x22, 0x85, 0x05, 0x3b, 0x9d, 0xb7, 0xb7, 0x27,
		0x00, 0x03, 0x23, 0xa0, 0x07, 0x02, 0x98, 0x53, 0xb7, 0x16, 0x00, 0x02,
		0x13, 0x17, 0x07, 0x29, 0x98, 0xd3, 0x98, 0x53, 0x13, 0x67, 0x17, 0x00,
		0x98, 0xd3, 0x03, 0xa7, 0x46, 0x54, 0x13, 0x17, 0xe7, 0x29, 0x23, 0xa2,
		0xe6, 0x54, 0x23, 0xa0, 0x07, 0x02, 0x82, 0x80, 0x81, 0x47, 0x01, 0x47,
		0x63, 0x94, 0xc7, 0x00, 0x3a, 0x85, 0x82, 0x80, 0x0b, 0x48, 0xf5, 0x44,
		0x8b, 0xc6, 0xf5, 0x44, 0x63, 0x03, 0xd8, 0x00, 0x7d, 0x57, 0x85, 0x07,
		0xe5, 0xb7, 0x79, 0x71, 0x52, 0xcc, 0x4e, 0xce, 0x4a, 0xd0, 0x26, 0xd2,
		0x22, 0xd4, 0x06, 0xd6, 0xaa, 0x89, 0x01, 0x44, 0x41, 0x4a, 0xb3, 0x14,
		0x80, 0x28, 0x21, 0x49, 0xa6, 0x86, 0x81, 0x47, 0x93, 0xc4, 0xf4, 0xff,
		0x63, 0x97, 0xc7, 0x02, 0x4e, 0x85, 0x8b, 0x55, 0xc1, 0xe2, 0x5d, 0x3f,
		0x05, 0xed, 0x8b, 0x45, 0xc1, 0xe2, 0x7d, 0x19, 0xe3, 0x12, 0x09, 0xfe,
		0x05, 0x04, 0xe3, 0x1c, 0x44, 0xfd, 0x22, 0x54, 0xb2, 0x50, 0x62, 0x4a,
		0xf2, 0x49, 0x02, 0x59, 0x92, 0x54, 0x45, 0x61, 0x82, 0x80, 0x13, 0xf5,
		0x17, 0x00, 0x26, 0x87, 0x0b, 0x97, 0xa6, 0x42, 0x0b, 0xd7, 0xf5, 0x44,
		0x0b, 0xd7, 0xf9, 0x44, 0x85, 0x07, 0x7d, 0xbf, 0x7d, 0x55, 0xe1, 0xbf,
		0x59, 0xbf, 0x01, 0x11, 0x26, 0xca, 0x22, 0xcc, 0x06, 0xce, 0x00, 0x49,
		0x0b, 0x56, 0xb1, 0xe2, 0xaa, 0x84, 0x89, 0x3e, 0x1d, 0xcd, 0x0b, 0x46,
		0xb1, 0xe2, 0x26, 0x85, 0x0b, 0x34, 0x14, 0x3c, 0xb3, 0x06, 0xc0, 0x40,
		0xb3, 0x07, 0xb0, 0x40, 0x13, 0x57, 0xf6, 0x01, 0xb3, 0x66, 0xd6, 0x0a,
		0x13, 0xd6, 0xf5, 0x01, 0xb3, 0xe5, 0xf5, 0x0a, 0x75, 0x34, 0x52, 0x04,
		0xb7, 0x05, 0x00, 0x40, 0xa2, 0x95, 0xd2, 0x44, 0x62, 0x44, 0xf2, 0x40,
		0x05, 0x66, 0x37, 0x05, 0x00, 0x40, 0x05, 0x61, 0x45, 0xbf, 0xd2, 0x44,
		0x62, 0x44, 0xf2, 0x40, 0x05, 0x45, 0x05, 0x61, 0x82, 0x80, 0x65, 0x71,
		0x23, 0x2e, 0xb1, 0x15, 0x23, 0x24, 0x81, 0x18, 0x23, 0x26, 0x11, 0x18,
		0x2a, 0x84, 0x41, 0x46, 0x97, 0x15, 0x00, 0x00, 0x93, 0x85, 0x85, 0xee,
		0x88, 0x08, 0x23, 0x20, 0xa1, 0x17, 0x23, 0x22, 0x91, 0x17, 0x23, 0x24,
		0x81, 0x17, 0x23, 0x26, 0x71, 0x17, 0x23, 0x28, 0x61, 0x17, 0x23, 0x2a,
		0x51, 0x17, 0x23, 0x2c, 0x41, 0x17, 0x23, 0x2e, 0x31, 0x17, 0x23, 0x20,
		0x21, 0x19, 0x23, 0x22, 0x91, 0x18, 0xef, 0xd0, 0x9f, 0xfc, 0x13, 0x06,
		0x00, 0x02, 0x81, 0x45, 0x88, 0x18, 0xef, 0xd0, 0x7f, 0xf3, 0x13, 0x06,
		0x00, 0x02, 0x81, 0x45, 0x08, 0x09, 0xef, 0xd0, 0xbf, 0xf2, 0x03, 0x57,
		0x24, 0x05, 0x81, 0x47, 0x01, 0x48, 0x1d, 0x8b, 0xbe, 0xd4, 0xc2, 0xd6,
		0xa9, 0x67, 0x37, 0x36, 0x10, 0x03, 0x93, 0x87, 0x07, 0xc4, 0x33, 0x07,
		0xf7, 0x02, 0x83, 0x27, 0x06, 0x30, 0x04, 0x40, 0xb7, 0x66, 0xcd, 0x1d,
		0x8b, 0xb7, 0x87, 0x3c, 0x93, 0x86, 0x06, 0x50, 0x22, 0x85, 0xb3, 0x87,
		0x97, 0x02, 0xb3, 0xd7, 0xf6, 0x02, 0xb3, 0x57, 0xf7, 0x02, 0xbe, 0xd0,
		0x83, 0x27, 0x06, 0x38, 0x8b, 0xb7, 0x87, 0x3c, 0xb3, 0x87, 0x97, 0x02,
		0xb3, 0xd6, 0xf6, 0x02, 0x7c, 0x48, 0x3e, 0xca, 0x3c, 0x4c, 0x3e, 0xcc,
		0x33, 0x57, 0xd7, 0x02, 0xba, 0xd2, 0xa9, 0x34, 0x09, 0xe9, 0xa6, 0x85,
		0x17, 0x15, 0x00, 0x00, 0x13, 0x05, 0x85, 0x6d, 0xef, 0xd0, 0x5f, 0xdb,
		0x01, 0xa0, 0x05, 0x66, 0xb7, 0x05, 0x40, 0x40, 0x37, 0x05, 0x00, 0x40,
		0xe1, 0x35, 0x0c, 0x40, 0x70, 0x48, 0x34, 0x4c, 0x21, 0xc5, 0x17, 0x15,
		0x00, 0x00, 0x13, 0x05, 0xa5, 0x6c, 0xef, 0xd0, 0x3f, 0xd9, 0x05, 0x45,
		0x83, 0x24, 0x41, 0x18, 0x03, 0x24, 0x81, 0x18, 0x83, 0x20, 0xc1, 0x18,
		0x83, 0x2d, 0xc1, 0x15, 0x03, 0x2d, 0x01, 0x16, 0x83, 0x2c, 0x41, 0x16,
		0x03, 0x2c, 0x81, 0x16, 0x83, 0x2b, 0xc1, 0x16, 0x03, 0x2b, 0x01, 0x17,
		0x83, 0x2a, 0x41, 0x17, 0x03, 0x2a, 0x81, 0x17, 0x83, 0x29, 0xc1, 0x17,
		0x03, 0x29, 0x01, 0x18, 0x59, 0x61, 0x82, 0x80, 0x17, 0x15, 0x00, 0x00,
		0x13, 0x05, 0x85, 0x6e, 0xef, 0xd0, 0xdf, 0xd4, 0x0b, 0x49, 0x34, 0xe5,
		0x4d, 0x3b, 0x22, 0x85, 0x04, 0xc0, 0xd9, 0x32, 0x0c, 0x40, 0x63, 0x1c,
		0x05, 0x10, 0x17, 0x15, 0x00, 0x00, 0x13, 0x05, 0xa5, 0x72, 0xef, 0xd0,
		0xff, 0xd2, 0x93, 0xf9, 0x19, 0x00, 0x89, 0x47, 0xb3, 0x87, 0x37, 0x41,
		0x17, 0x15, 0x00, 0x00, 0x13, 0x05, 0xc5, 0x76, 0x3e, 0xc2, 0x0b, 0x39,
		0x19, 0x3c, 0xef, 0xd0, 0x3f, 0xd1, 0x52, 0x09, 0xb7, 0x07, 0x00, 0x40,
		0xca, 0x97, 0x22, 0x8d, 0xa2, 0x8d, 0xbd, 0x4b, 0x13, 0x03, 0x01, 0x0b,
		0x81, 0x4e, 0x3e, 0xc6, 0x62, 0x47, 0x93, 0x93, 0x2e, 0x00, 0x93, 0x97,
		0x3e, 0x00, 0x93, 0x88, 0x03, 0x01, 0x3e, 0xd0, 0xb3, 0x97, 0x1b, 0x01,
		0x93, 0xc2, 0xf7, 0xff, 0x3e, 0xd2, 0xf9, 0x8f, 0x3e, 0xc8, 0xb3, 0x5c,
		0x17, 0x01, 0x93, 0x87, 0x0d, 0x06, 0x93, 0x0a, 0x01, 0x07, 0x6e, 0x8b,
		0x01, 0x4f, 0x01, 0x4a, 0x01, 0x4c, 0x93, 0xfc, 0xfc, 0x00, 0x3e, 0xce,
		0x82, 0x57, 0x23, 0x00, 0x0b, 0x06, 0x01, 0x4e, 0xe2, 0x97, 0x3e, 0xc4,
		0x01, 0x46, 0x8d, 0x49, 0x81, 0x47, 0xb2, 0x86, 0x03, 0x47, 0x0b, 0x06,
		0x90, 0x08, 0x8b, 0x44, 0x36, 0x45, 0x3d, 0x8b, 0xc1, 0xe7, 0x01, 0x49,
		0x63, 0xf4, 0xe4, 0x00, 0x33, 0x09, 0x97, 0x40, 0x13, 0x76, 0xf9, 0x00,
		0x13, 0x77, 0xf9, 0x0f, 0x23, 0x00, 0xcb, 0x06, 0x22, 0x85, 0x1e, 0xd8,
		0x46, 0xda, 0x1a, 0xdc, 0x16, 0xde, 0xf2, 0xc0, 0xbe, 0xc2, 0xf6, 0xc4,
		0xfa, 0xc6, 0x3a, 0xd4, 0x36, 0xd6, 0xef, 0xe0, 0xdf, 0x8a, 0xb2, 0x45,
		0x05, 0x66, 0x37, 0x05, 0x00, 0x40, 0x69, 0x33, 0xb2, 0x56, 0xc2, 0x53,
		0xd2, 0x58, 0x62, 0x53, 0xf2, 0x52, 0x06, 0x4e, 0x96, 0x47, 0xa6, 0x4e,
		0x36, 0x4f, 0x93, 0x0f, 0x01, 0x09, 0x63, 0x0e, 0x05, 0x2e, 0x22, 0x57,
		0x63, 0x90, 0x07, 0x10, 0x63, 0x93, 0x09, 0x06, 0x83, 0xa7, 0x0a, 0x00,
		0x09, 0x48, 0x95, 0xe7, 0xb3, 0x07, 0xc9, 0x01, 0xca, 0x86, 0x8d, 0x49,
		0xb3, 0xc7, 0x07, 0x03, 0xbd, 0x8b, 0x23, 0x00, 0xfb, 0x06, 0x85, 0x47,
		0xa5, 0xbf, 0x17, 0x15, 0x00, 0x00, 0x13, 0x05, 0x65, 0x64, 0xf5, 0xb5,
		0x33, 0x89, 0xe4, 0x00, 0x33, 0x59, 0x79, 0x0b, 0xb5, 0xbf, 0xfd, 0x17,
		0x23, 0xa0, 0xfa, 0x00, 0x3c, 0x4c, 0x42, 0x47, 0xb3, 0xf7, 0xf2, 0x00,
		0xd9, 0x8f, 0x3c, 0xcc, 0xa1, 0x47, 0x63, 0x87, 0x89, 0x01, 0x72, 0x46,
		0x0b, 0xc7, 0x3f, 0x45, 0x0b, 0x57, 0x36, 0x01, 0x85, 0x09, 0xe3, 0x98,
		0xf9, 0xfe, 0x36, 0x86, 0x8d, 0x49, 0x85, 0x47, 0x0d, 0xbf, 0x4a, 0x86,
		0x63, 0x14, 0x09, 0x08, 0x03, 0xa7, 0x0a, 0x00, 0x29, 0xc3, 0x94, 0x08,
		0xfd, 0x19, 0x0b, 0xc5, 0x36, 0x45, 0x21, 0x48, 0xee, 0x86, 0x09, 0x8f,
		0x23, 0xa0, 0xea, 0x00, 0x01, 0x47, 0x63, 0x07, 0x87, 0x01, 0x83, 0xc5,
		0x06, 0x06, 0x89, 0x8d, 0x23, 0x80, 0xb6, 0x06, 0x05, 0x07, 0x85, 0x06,
		0xe3, 0x17, 0x07, 0xff, 0x03, 0xa7, 0x0a, 0x00, 0x34, 0x4c, 0x66, 0x97,
		0xb3, 0xf6, 0xd2, 0x00, 0x33, 0x17, 0x17, 0x01, 0x55, 0x8f, 0x38, 0xcc,
		0xdd, 0xb5, 0x34, 0x4c, 0xee, 0x85, 0x21, 0x45, 0xb3, 0xd6, 0x16, 0x01,
		0xbd, 0x8a, 0xb3, 0x86, 0x96, 0x41, 0xb6, 0x94, 0xbd, 0x88, 0x23, 0xa0,
		0x9a, 0x00, 0x63, 0x0b, 0x87, 0x01, 0x8b, 0xc6, 0xef, 0x44, 0xa6, 0x96,
		0x93, 0xf6, 0xf6, 0x0f, 0x63, 0xe9, 0xdb, 0x00, 0x23, 0x80, 0xd5, 0x06,
		0x05, 0x07, 0x85, 0x05, 0xe3, 0x13, 0xa7, 0xfe, 0x55, 0xbf, 0x23, 0x80,
		0x75, 0x07, 0xcd, 0xbf, 0xba, 0x94, 0xbd, 0x88, 0x23, 0x00, 0x9b, 0x06,
		0xfd, 0x19, 0x71, 0xbd, 0x63, 0x94, 0x09, 0x1e, 0x03, 0xa6, 0x0a, 0x00,
		0xb3, 0x07, 0xd9, 0x00, 0x01, 0x47, 0x63, 0x75, 0xf6, 0x00, 0x91, 0x8f,
		0x0b, 0xb7, 0x17, 0x10, 0x23, 0x00, 0xeb, 0x06, 0x0b, 0xd7, 0x8f, 0x45,
		0x03, 0xa6, 0x0a, 0x00, 0x33, 0x07, 0x99, 0x41, 0xb3, 0x04, 0xd7, 0x40,
		0x66, 0x96, 0x93, 0x07, 0x16, 0x00, 0xbe, 0x94, 0xb3, 0x07, 0xd7, 0x00,
		0x33, 0x88, 0xc7, 0x40, 0xb3, 0x07, 0xf6, 0x40, 0x3a, 0x9f, 0x33, 0x68,
		0xf8, 0x0a, 0x13, 0x58, 0x18, 0x40, 0x32, 0x9a, 0x33, 0x48, 0x78, 0x0b,
		0x63, 0x74, 0xc7, 0x00, 0x23, 0x00, 0x0b, 0x06, 0xa6, 0x87, 0xa2, 0x45,
		0x17, 0x15, 0x00, 0x00, 0x13, 0x05, 0x05, 0x56, 0x76, 0xdc, 0x7a, 0xde,
		0x1e, 0xd4, 0x46, 0xd6, 0x1a, 0xd8, 0x16, 0xda, 0xef, 0xd0, 0x9f, 0xad,
		0xe2, 0x5e, 0x9c, 0x10, 0x86, 0x04, 0x8b, 0xc6, 0xd7, 0x45, 0x63, 0xeb,
		0xd4, 0x22, 0xa1, 0x47, 0xa2, 0x53, 0xb2, 0x58, 0x42, 0x53, 0xd2, 0x52,
		0x72, 0x5f, 0x05, 0x0c, 0x05, 0x0b, 0x91, 0x0a, 0x93, 0x0f, 0x01, 0x09,
		0xe3, 0x18, 0xfc, 0xde, 0x38, 0x4c, 0x63, 0x55, 0x4f, 0x23, 0x33, 0x0f,
		0xea, 0x41, 0x8b, 0x37, 0x4f, 0x1c, 0x13, 0x7f, 0x8f, 0x00, 0x63, 0x1b,
		0x0f, 0x20, 0x23, 0x28, 0xf3, 0x00, 0x83, 0x27, 0x03, 0x01, 0xb3, 0xf2,
		0xe2, 0x00, 0xbd, 0x8b, 0xb3, 0x98, 0x17, 0x01, 0xb3, 0xe8, 0x58, 0x00,
		0x23, 0x2c, 0x14, 0x05, 0x81, 0x47, 0x94, 0x18, 0x21, 0x47, 0x0b, 0xd0,
		0xf6, 0x44, 0x0b, 0xd0, 0xff, 0x44, 0x85, 0x07, 0xe3, 0x9b, 0xe7, 0xfe,
		0x92, 0x47, 0x85, 0x0e, 0x51, 0x03, 0xa1, 0x0d, 0xe3, 0x94, 0xd7, 0xd7,
		0x2c, 0x4c, 0x17, 0x15, 0x00, 0x00, 0x13, 0x05, 0x25, 0x55, 0xef, 0xd0,
		0x3f, 0xa5, 0x17, 0x15, 0x00, 0x00, 0x13, 0x05, 0x25, 0x58, 0xef, 0xd0,
		0x7f, 0xa4, 0xbd, 0x4b, 0x13, 0x03, 0x01, 0x10, 0x01, 0x4e, 0x93, 0x17,
		0x3e, 0x00, 0x93, 0x13, 0x2e, 0x00, 0x3e, 0xce, 0xd2, 0x47, 0x93, 0x88,
		0x03, 0x01, 0xb3, 0x92, 0x1b, 0x01, 0xb3, 0xdc, 0x17, 0x01, 0xb3, 0xf7,
		0xf2, 0x00, 0x3e, 0xc8, 0x93, 0x07, 0x0d, 0x08, 0x93, 0xcf, 0xf2, 0xff,
		0x93, 0x0a, 0x01, 0x07, 0x6a, 0x8b, 0x81, 0x4d, 0x01, 0x4a, 0x01, 0x4c,
		0x93, 0xfc, 0xfc, 0x00, 0x3e, 0xcc, 0xf2, 0x47, 0x23, 0x00, 0x0b, 0x08,
		0x01, 0x48, 0xe2, 0x97, 0x3e, 0xc4, 0x01, 0x46, 0x8d, 0x49, 0x81, 0x47,
		0xb2, 0x86, 0x03, 0x47, 0x0b, 0x08, 0x90, 0x08, 0x8b, 0x44, 0x36, 0x45,
		0x3d, 0x8b, 0x63, 0x9b, 0x07, 0x18, 0x01, 0x49, 0x63, 0xf4, 0xe4, 0x00,
		0x33, 0x09, 0x97, 0x40, 0x13, 0x76, 0xf9, 0x00, 0x13, 0x77, 0xf9, 0x0f,
		0x23, 0x00, 0xcb, 0x08, 0x22, 0x85, 0x16, 0xd4, 0x7e, 0xd6, 0x46, 0xd8,
		0x42, 0xda, 0x1e, 0xdc, 0x1a, 0xde, 0xbe, 0xc0, 0xf2, 0xc2, 0x3a, 0xd0,
		0x36, 0xd2, 0xef, 0xe0, 0xcf, 0xde, 0xb2, 0x45, 0x05, 0x66, 0x37, 0x05,
		0x00, 0x40, 0xe9, 0x34, 0x92, 0x56, 0xa2, 0x52, 0xb2, 0x5f, 0xc2, 0x58,
		0x52, 0x58, 0xe2, 0x53, 0x72, 0x53, 0x86, 0x47, 0x16, 0x4e, 0x13, 0x0f,
		0x01, 0x09, 0x63, 0x01, 0x05, 0x32, 0x02, 0x57, 0x63, 0x96, 0x07, 0x20,
		0x63, 0x99, 0x09, 0x16, 0x83, 0xa7, 0x0a, 0x00, 0x63, 0x9d, 0x07, 0x12,
		0xb3, 0x07, 0x09, 0x01, 0x09, 0x47, 0xca, 0x86, 0x8d, 0x49, 0xb3, 0xc7,
		0xe7, 0x02, 0xbd, 0x8b, 0x23, 0x00, 0xfb, 0x08, 0x85, 0x47, 0x95, 0xbf,
		0x05, 0x8f, 0x3d, 0x8b, 0x23, 0x00, 0xeb, 0x06, 0xfd, 0x19, 0x36, 0x86,
		0x5d, 0xb1, 0x4a, 0x86, 0xd9, 0xeb, 0xe3, 0x10, 0x09, 0xca, 0x34, 0x4c,
		0x33, 0xf7, 0x56, 0x00, 0xb3, 0xd6, 0x16, 0x01, 0xbd, 0x8a, 0x63, 0x84,
		0x76, 0x07, 0x83, 0xa6, 0x0a, 0x00, 0xb6, 0x94, 0xb3, 0xd4, 0x74, 0x0b,
		0x23, 0xa0, 0x9a, 0x00, 0xe6, 0x94, 0x63, 0xf2, 0x9b, 0x04, 0x92, 0x56,
		0xb3, 0xe4, 0xe6, 0x00, 0x33, 0xd7, 0x14, 0x01, 0x3d, 0x8b, 0x33, 0x07,
		0x97, 0x41, 0x24, 0xcc, 0x23, 0xa0, 0xea, 0x00, 0xee, 0x85, 0x81, 0x46,
		0x21, 0x45, 0x63, 0x8d, 0x86, 0x01, 0x0b, 0xc7, 0xdf, 0x44, 0x03, 0xa8,
		0x0a, 0x00, 0x42, 0x97, 0x13, 0x77, 0xf7, 0x0f, 0x63, 0xee, 0xeb, 0x00,
		0x23, 0x80, 0xe5, 0x06, 0x85, 0x06, 0x85, 0x05, 0xe3, 0x91, 0xa6, 0xfe,
		0x2d, 0xb9, 0xb3, 0x94, 0x14, 0x01, 0xd9, 0x8c, 0x24, 0xcc, 0xf9, 0xb7,
		0x23, 0x80, 0x75, 0x07, 0xe5, 0xb7, 0xc2, 0x46, 0xb3, 0xe4, 0xe6, 0x00,
		0x24, 0xcc, 0x21, 0x47, 0x63, 0x85, 0x87, 0x01, 0xf2, 0x46, 0x0b, 0xd0,
		0xf6, 0x00, 0x85, 0x07, 0xe3, 0x9a, 0xe7, 0xfe, 0xe9, 0xb9, 0x63, 0x11,
		0x79, 0x03, 0x03, 0xa7, 0x0a, 0x00, 0x93, 0x87, 0xf6, 0x00, 0x63, 0x78,
		0xf7, 0x00, 0x99, 0x8f, 0x8b, 0xb7, 0x17, 0x10, 0x23, 0x00, 0xfb, 0x06,
		0xa5, 0xbb, 0x23, 0x00, 0x0b, 0x06, 0x8d, 0xbb, 0x4a, 0x8e, 0x81, 0xb7,
		0x22, 0x46, 0x85, 0x82, 0xf6, 0x85, 0x17, 0x15, 0x00, 0x00, 0x13, 0x05,
		0x25, 0x35, 0xd5, 0xbc, 0x85, 0x07, 0xf5, 0xb3, 0x33, 0x0f, 0x4f, 0x41,
		0x8b, 0x37, 0x4f, 0x1c, 0x13, 0x7f, 0x8f, 0x00, 0x63, 0x12, 0x0f, 0x02,
		0x23, 0x26, 0xf3, 0x00, 0x83, 0x27, 0xc3, 0x00, 0xb3, 0x98, 0x7b, 0x00,
		0xbd, 0x8b, 0xb3, 0x78, 0x17, 0x41, 0xb3, 0x93, 0x77, 0x00, 0xb3, 0xe3,
		0x78, 0x00, 0x23, 0x2c, 0x74, 0x04, 0xd9, 0xbb, 0x85, 0x07, 0xf9, 0xbf,
		0x33, 0x09, 0x97, 0x00, 0x33, 0x59, 0x79, 0x0b, 0x85, 0xbd, 0xfd, 0x17,
		0x23, 0xa0, 0xfa, 0x00, 0x7c, 0x48, 0x42, 0x47, 0xb3, 0xf7, 0xff, 0x00,
		0xd9, 0x8f, 0x7c, 0xc8, 0xa1, 0x47, 0x63, 0x87, 0x89, 0x01, 0x62, 0x46,
		0x0b, 0x47, 0x3f, 0x45, 0x0b, 0x57, 0x36, 0x01, 0x85, 0x09, 0xe3, 0x98,
		0xf9, 0xfe, 0x36, 0x86, 0x8d, 0x49, 0x85, 0x47, 0x15, 0xb5, 0x4a, 0x86,
		0x63, 0x14, 0x09, 0x08, 0x03, 0xa7, 0x0a, 0x00, 0x29, 0xc3, 0x94, 0x08,
		0xfd, 0x19, 0x0b, 0xc5, 0x36, 0x45, 0xa1, 0x44, 0xea, 0x86, 0x09, 0x8f,
		0x23, 0xa0, 0xea, 0x00, 0x01, 0x47, 0x63, 0x07, 0x87, 0x01, 0x83, 0xc5,
		0x06, 0x08, 0x89, 0x8d, 0x23, 0x80, 0xb6, 0x08, 0x05, 0x07, 0x85, 0x06,
		0xe3, 0x17, 0x97, 0xfe, 0x03, 0xa7, 0x0a, 0x00, 0x74, 0x48, 0x66, 0x97,
		0xb3, 0xf6, 0xdf, 0x00, 0x33, 0x17, 0x17, 0x01, 0x55, 0x8f, 0x78, 0xc8,
		0xe1, 0xbb, 0x74, 0x48, 0xea, 0x85, 0x21, 0x45, 0xb3, 0xd6, 0x16, 0x01,
		0xbd, 0x8a, 0xb3, 0x86, 0x96, 0x41, 0xb6, 0x94, 0xbd, 0x88, 0x23, 0xa0,
		0x9a, 0x00, 0x63, 0x0b, 0x87, 0x01, 0x8b, 0x46, 0xef, 0x44, 0xa6, 0x96,
		0x93, 0xf6, 0xf6, 0x0f, 0x63, 0xe9, 0xdb, 0x00, 0x23, 0x80, 0xd5, 0x08,
		0x05, 0x07, 0x85, 0x05, 0xe3, 0x13, 0xa7, 0xfe, 0x55, 0xbf, 0x23, 0x80,
		0x75, 0x09, 0xcd, 0xbf, 0xba, 0x94, 0xbd, 0x88, 0x23, 0x00, 0x9b, 0x08,
		0xfd, 0x19, 0x79, 0xb3, 0x63, 0x91, 0x09, 0x10, 0x03, 0xa6, 0x0a, 0x00,
		0xb3, 0x07, 0xd9, 0x00, 0x01, 0x47, 0xb3, 0x05, 0x96, 0x01, 0x63, 0xf5,
		0xf5, 0x00, 0x91, 0x8f, 0x0b, 0xb7, 0x17, 0x10, 0x23, 0x00, 0xeb, 0x08,
		0x0b, 0x57, 0x8f, 0x45, 0x03, 0xa6, 0x0a, 0x00, 0x33, 0x07, 0x99, 0x41,
		0xb3, 0x04, 0xd7, 0x40, 0x66, 0x96, 0x93, 0x07, 0x16, 0x00, 0xbe, 0x94,
		0xb3, 0x07, 0xd7, 0x00, 0x33, 0x88, 0xc7, 0x40, 0xb3, 0x07, 0xf6, 0x40,
		0xba, 0x9d, 0x33, 0x68, 0xf8, 0x0a, 0x13, 0x58, 0x18, 0x40, 0x32, 0x9a,
		0x33, 0x48, 0x78, 0x0b, 0x63, 0x74, 0xc7, 0x00, 0x23, 0x00, 0x0b, 0x08,
		0xa6, 0x87, 0xa2, 0x45, 0x17, 0x15, 0x00, 0x00, 0x13, 0x05, 0x85, 0x27,
		0x1a, 0xd8, 0x72, 0xda, 0x16, 0xd0, 0x7e, 0xd2, 0x46, 0xd4, 0x1e, 0xd6,
		0xef, 0xd0, 0x8f, 0xf0, 0x52, 0x5e, 0x9c, 0x10, 0x86, 0x04, 0x8b, 0xc6,
		0xc7, 0x45, 0x63, 0xe7, 0xd4, 0x14, 0xa1, 0x47, 0x82, 0x52, 0x92, 0x5f,
		0xa2, 0x58, 0xb2, 0x53, 0x42, 0x53, 0x05, 0x0c, 0x05, 0x0b, 0x91, 0x0a,
		0x13, 0x0f, 0x01, 0x09, 0xe3, 0x1f, 0xfc, 0xcc, 0x78, 0x48, 0x63, 0xd2,
		0x4d, 0x15, 0xb3, 0x0e, 0xba, 0x41, 0x8b, 0xb7, 0x4e, 0x1c, 0x93, 0xfe,
		0x8e, 0x00, 0x63, 0x98, 0x0e, 0x12, 0x23, 0x28, 0xf3, 0x00, 0x83, 0x27,
		0x03, 0x01, 0xb3, 0xff, 0xef, 0x00, 0xbd, 0x8b, 0xb3, 0x98, 0x17, 0x01,
		0xb3, 0xe8, 0xf8, 0x01, 0x23, 0x2a, 0x14, 0x05, 0x81, 0x47, 0x94, 0x18,
		0x21, 0x47, 0x0b, 0xd0, 0xf6, 0x44, 0x0b, 0x50, 0xff, 0x44, 0x85, 0x07,
		0xe3, 0x9b, 0xe7, 0xfe, 0x92, 0x47, 0x05, 0x0e, 0x51, 0x03, 0x21, 0x0d,
		0xe3, 0x9b, 0xc7, 0xc5, 0x6c, 0x48, 0x17, 0x15, 0x00, 0x00, 0x13, 0x05,
		0xa5, 0x26, 0xef, 0xd0, 0x2f, 0xe8, 0x01, 0x45, 0xc5, 0xb8, 0x05, 0x8f,
		0x3d, 0x8b, 0x23, 0x00, 0xeb, 0x08, 0xfd, 0x19, 0x36, 0x86, 0xbd, 0xb9,
		0x4a, 0x86, 0xd1, 0xeb, 0xe3, 0x1c, 0x09, 0xc6, 0x74, 0x48, 0x33, 0xf7,
		0xf6, 0x01, 0xb3, 0xd6, 0x16, 0x01, 0xbd, 0x8a, 0x63, 0x83, 0x76, 0x07,
		0x83, 0xa6, 0x0a, 0x00, 0xb6, 0x94, 0xb3, 0xd4, 0x74, 0x0b, 0x23, 0xa0,
		0x9a, 0x00, 0xe6, 0x94, 0x63, 0xf1, 0x9b, 0x04, 0xb3, 0xe4, 0xe2, 0x00,
		0x33, 0xd7, 0x14, 0x01, 0x3d, 0x8b, 0x33, 0x07, 0x97, 0x41, 0x64, 0xc8,
		0x23, 0xa0, 0xea, 0x00, 0xea, 0x85, 0x81, 0x46, 0x21, 0x45, 0x63, 0x8d,
		0x86, 0x01, 0x0b, 0x47, 0xdf, 0x44, 0x83, 0xa4, 0x0a, 0x00, 0x26, 0x97,
		0x13, 0x77, 0xf7, 0x0f, 0x63, 0xee, 0xeb, 0x00, 0x23, 0x80, 0xe5, 0x08,
		0x85, 0x06, 0x85, 0x05, 0xe3, 0x91, 0xa6, 0xfe, 0x11, 0xb9, 0xb3, 0x94,
		0x14, 0x01, 0xd9, 0x8c, 0x64, 0xc8, 0xf9, 0xb7, 0x23, 0x80, 0x75, 0x09,
		0xe5, 0xb7, 0xc2, 0x46, 0xb3, 0xe4, 0xe6, 0x00, 0x64, 0xc8, 0x21, 0x47,
		0x63, 0x85, 0x87, 0x01, 0xe2, 0x46, 0x0b, 0xd0, 0xf6, 0x00, 0x85, 0x07,
		0xe3, 0x9a, 0xe7, 0xfe, 0xc9, 0xb3, 0x63, 0x13, 0x79, 0x03, 0x03, 0xa7,
		0x0a, 0x00, 0x93, 0x87, 0xf6, 0x00, 0x33, 0x86, 0xec, 0x00, 0x63, 0x78,
		0xf6, 0x00, 0x99, 0x8f, 0x8b, 0xb7, 0x17, 0x10, 0x23, 0x00, 0xfb, 0x08,
		0x85, 0xb5, 0x23, 0x00, 0x0b, 0x08, 0xa9, 0xbd, 0x4a, 0x88, 0x3d, 0xbf,
		0x22, 0x46, 0x85, 0x82, 0xf2, 0x85, 0x17, 0x15, 0x00, 0x00, 0x13, 0x05,
		0x25, 0x15, 0x6f, 0xf0, 0xdf, 0x80, 0x85, 0x07, 0xc9, 0xbd, 0xb3, 0x8e,
		0x4d, 0x41, 0x8b, 0xb7, 0x4e, 0x1c, 0x93, 0xfe, 0x8e, 0x00, 0x63, 0x92,
		0x0e, 0x02, 0x23, 0x26, 0xf3, 0x00, 0x83, 0x27, 0xc3, 0x00, 0xb3, 0x98,
		0x7b, 0x00, 0xbd, 0x8b, 0xb3, 0x78, 0x17, 0x41, 0xb3, 0x93, 0x77, 0x00,
		0xb3, 0xe3, 0x78, 0x00, 0x23, 0x2a, 0x74, 0x04, 0x75, 0xbd, 0x85, 0x07,
		0xf9, 0xbf, 0x01, 0x11, 0x52, 0xc4, 0x01, 0x46, 0x81, 0x45, 0x4e, 0xc6,
		0x4a, 0xc8, 0x26, 0xca, 0x22, 0xcc, 0x06, 0xce, 0x2a, 0x89, 0xef, 0xf0,
		0x4f, 0xe7, 0x0d, 0xc1, 0x17, 0x15, 0x00, 0x00, 0x13, 0x05, 0x45, 0x16,
		0xef, 0xd0, 0x0f, 0xd4, 0x85, 0x49, 0x62, 0x44, 0xf2, 0x40, 0x42, 0x49,
		0xd2, 0x44, 0x4e, 0x85, 0x22, 0x4a, 0xb2, 0x49, 0x05, 0x61, 0x82, 0x80,
		0x17, 0x15, 0x00, 0x00, 0x13, 0x05, 0xc5, 0x16, 0xef, 0xd0, 0x0f, 0xd2,
		0x7d, 0x54, 0x93, 0x04, 0x00, 0xf8, 0x22, 0x86, 0x81, 0x45, 0x4a, 0x85,
		0xef, 0xf0, 0x6f, 0xe3, 0x15, 0xcd, 0x05, 0x04, 0x85, 0x44, 0x93, 0x09,
		0x00, 0x08, 0x26, 0x86, 0x81, 0x45, 0x4a, 0x85, 0xef, 0xf0, 0x2f, 0xe2,
		0x15, 0xc9, 0xfd, 0x14, 0x26, 0x86, 0xa2, 0x85, 0x17, 0x15, 0x00, 0x00,
		0x13, 0x05, 0xc5, 0x15, 0xef, 0xd0, 0x8f, 0xce, 0x63, 0x46, 0x94, 0x02,
		0x17, 0x15, 0x00, 0x00, 0x13, 0x05, 0xc5, 0x17, 0xef, 0xd0, 0x8f, 0xcd,
		0x89, 0x49, 0x61, 0xbf, 0x7d, 0x14, 0xe3, 0x1c, 0x94, 0xfa, 0x13, 0x04,
		0x10, 0xf8, 0x7d, 0xbf, 0x85, 0x04, 0xe3, 0x90, 0x34, 0xfd, 0x93, 0x04,
		0xf0, 0x07, 0xd9, 0xb7, 0x26, 0x94, 0x09, 0x46, 0xfd, 0x54, 0x93, 0x09,
		0x00, 0xf8, 0x33, 0x44, 0xc4, 0x02, 0x22, 0x86, 0xa6, 0x85, 0x4a, 0x85,
		0xef, 0xf0, 0xaf, 0xdc, 0x15, 0xcd, 0x85, 0x04, 0x85, 0x49, 0x13, 0x0a,
		0x00, 0x08, 0x22, 0x86, 0xce, 0x85, 0x4a, 0x85, 0xef, 0xf0, 0x6f, 0xdb,
		0x15, 0xc9, 0xfd, 0x19, 0x4e, 0x86, 0xa6, 0x85, 0x17, 0x15, 0x00, 0x00,
		0x13, 0x05, 0x45, 0x14, 0xef, 0xd0, 0xcf, 0xc7, 0x63, 0xc6, 0x34, 0x03,
		0x17, 0x15, 0x00, 0x00, 0x13, 0x05, 0x05, 0x16, 0xef, 0xd0, 0xcf, 0xc6,
		0x8d, 0x49, 0x35, 0xb7, 0xfd, 0x14, 0xe3, 0x9c, 0x34, 0xfb, 0x93, 0x04,
		0x10, 0xf8, 0x7d, 0xbf, 0x85, 0x09, 0xe3, 0x90, 0x49, 0xfd, 0x93, 0x09,
		0xf0, 0x07, 0xd9, 0xb7, 0xce, 0x94, 0x89, 0x45, 0x22, 0x86, 0x17, 0x15,
		0x00, 0x00, 0x13, 0x05, 0x65, 0x15, 0xb3, 0xc4, 0xb4, 0x02, 0xa6, 0x85,
		0xef, 0xd0, 0x8f, 0xc3, 0x22, 0x86, 0xa6, 0x85, 0x4a, 0x85, 0xef, 0xf0,
		0x4f, 0xd5, 0xaa, 0x89, 0x09, 0xc9, 0x17, 0x15, 0x00, 0x00, 0x13, 0x05,
		0xe5, 0x15, 0xef, 0xd0, 0xef, 0xc1, 0x91, 0x49, 0xf9, 0xbd, 0x17, 0x15,
		0x00, 0x00, 0x13, 0x05, 0x25, 0x17, 0xef, 0xd0, 0xef, 0xc0, 0xb3, 0x07,
		0x80, 0x40, 0x21, 0x67, 0xb3, 0x67, 0xf4, 0x0a, 0x41, 0x84, 0xa2, 0x07,
		0x79, 0x8c, 0x5d, 0x8c, 0xb3, 0x07, 0x90, 0x40, 0xb3, 0xe7, 0xf4, 0x0a,
		0xe1, 0x84, 0x5d, 0x8c, 0x93, 0xf4, 0x04, 0x08, 0xc1, 0x8c, 0x23, 0x2c,
		0x99, 0x02, 0x65, 0xb5, 0x01, 0x11, 0x4e, 0xc6, 0x4a, 0xc8, 0x26, 0xca,
		0xaa, 0x84, 0x17, 0x15, 0x00, 0x00, 0x13, 0x05, 0x65, 0x15, 0x22, 0xcc,
		0x06, 0xce, 0xef, 0xd0, 0xaf, 0xbc, 0x17, 0x15, 0x00, 0x00, 0x13, 0x05,
		0xe5, 0x16, 0xef, 0xd0, 0xef, 0xbb, 0x13, 0x04, 0x10, 0xf8, 0x97, 0x19,
		0x00, 0x00, 0x93, 0x89, 0xe9, 0x17, 0x13, 0x09, 0x00, 0x08, 0x22, 0x86,
		0x81, 0x45, 0x26, 0x85, 0xef, 0xf0, 0xaf, 0xcc, 0x13, 0x06, 0x80, 0x07,
		0x19, 0xe1, 0x13, 0x06, 0x00, 0x03, 0xa2, 0x85, 0x4e, 0x85, 0xef, 0xd0,
		0x2f, 0xb9, 0x05, 0x04, 0xe3, 0x11, 0x24, 0xff, 0x17, 0x15, 0x00, 0x00,
		0x13, 0x05, 0x85, 0x16, 0xef, 0xd0, 0x0f, 0xb8, 0x17, 0x15, 0x00, 0x00,
		0x13, 0x05, 0x45, 0x12, 0xef, 0xd0, 0x4f, 0xb7, 0x13, 0x04, 0x10, 0xf8,
		0x97, 0x19, 0x00, 0x00, 0x93, 0x89, 0x49, 0x13, 0x13, 0x09, 0x00, 0x08,
		0x01, 0x46, 0xa2, 0x85, 0x26, 0x85, 0xef, 0xf0, 0x0f, 0xc8, 0x13, 0x06,
		0x80, 0x07, 0x19, 0xe1, 0x13, 0x06, 0x00, 0x03, 0xa2, 0x85, 0x4e, 0x85,
		0xef, 0xd0, 0x8f, 0xb4, 0x05, 0x04, 0xe3, 0x11, 0x24, 0xff, 0xd2, 0x44,
		0x62, 0x44, 0xf2, 0x40, 0xb2, 0x49, 0x42, 0x49, 0x01, 0x45, 0x05, 0x61,
		0x82, 0x80, 0x79, 0x71, 0x5e, 0xc6, 0x22, 0xd4, 0x06, 0xd6, 0x2a, 0x84,
		0x97, 0x15, 0x00, 0x00, 0x93, 0x85, 0xc5, 0x12, 0x17, 0x15, 0x00, 0x00,
		0x13, 0x05, 0xc5, 0x12, 0x5a, 0xc8, 0x56, 0xca, 0x52, 0xcc, 0x4e, 0xce,
		0x4a, 0xd0, 0x26, 0xd2, 0x01, 0x49, 0xef, 0xd0, 0x6f, 0xb0, 0x95, 0x49,
		0x17, 0x1a, 0x00, 0x00, 0x13, 0x0a, 0x0a, 0x13, 0xb7, 0x0a, 0x00, 0x01,
		0x37, 0x0b, 0x00, 0x02, 0x97, 0x1b, 0x00, 0x00, 0x93, 0x8b, 0x0b, 0x15,
		0x05, 0x09, 0x63, 0x1a, 0x39, 0x01, 0x17, 0x15, 0x00, 0x00, 0x13, 0x05,
		0xe5, 0x19, 0xef, 0xd0, 0xaf, 0xad, 0x85, 0x44, 0xb1, 0xa8, 0xca, 0x85,
		0x52, 0x85, 0xef, 0xd0, 0xef, 0xac, 0x3c, 0x48, 0xb3, 0xf7, 0xfa, 0x00,
		0x99, 0xc3, 0x22, 0x85, 0xb9, 0x3b, 0x3c, 0x48, 0xb3, 0x77, 0xfb, 0x00,
		0x99, 0xc3, 0x22, 0x85, 0xd1, 0x3d, 0x22, 0x85, 0xef, 0xf0, 0x2f, 0xc3,
		0x71, 0xf1, 0x22, 0x85, 0xef, 0xe0, 0x1f, 0xf3, 0x93, 0x34, 0x15, 0x00,
		0x05, 0x66, 0xb7, 0x05, 0x00, 0x42, 0x37, 0x05, 0x00, 0x40, 0xef, 0xf0,
		0xaf, 0xbb, 0xc9, 0x8c, 0x89, 0xc4, 0x5e, 0x85, 0xef, 0xd0, 0xcf, 0xa8,
		0x45, 0xb7, 0x0c, 0x40, 0x17, 0x15, 0x00, 0x00, 0x13, 0x05, 0x05, 0x11,
		0xef, 0xd0, 0xcf, 0xa7, 0x26, 0x85, 0x92, 0x54, 0x22, 0x54, 0xb2, 0x50,
		0xb2, 0x4b, 0x42, 0x4b, 0xd2, 0x4a, 0x62, 0x4a, 0xf2, 0x49, 0x02, 0x59,
		0x45, 0x61, 0x82, 0x80, 0x41, 0x11, 0x22, 0xc4, 0x13, 0x06, 0x80, 0x08,
		0x2a, 0x84, 0x81, 0x45, 0x17, 0xd5, 0xff, 0xff, 0x13, 0x05, 0xc5, 0xc7,
		0x06, 0xc6, 0xef, 0xd0, 0x2f, 0xb5, 0x17, 0xd7, 0xff, 0xff, 0x13, 0x07,
		0xe7, 0x92, 0xb7, 0x57, 0x41, 0x4d, 0x93, 0x87, 0x47, 0x24, 0x13, 0x06,
		0x00, 0x08, 0x23, 0x20, 0xf7, 0x34, 0x23, 0x22, 0x87, 0x34, 0x97, 0xd5,
		0xff, 0xff, 0x93, 0x85, 0xa5, 0x94, 0x17, 0xd5, 0xff, 0xff, 0x13, 0x05,
		0x25, 0xc5, 0xef, 0xd0, 0x8f, 0xba, 0x13, 0x06, 0x00, 0x08, 0x97, 0xd5,
		0xff, 0xff, 0x93, 0x85, 0x25, 0x93, 0x37, 0x05, 0x80, 0x40, 0xef, 0xd0,
		0x4f, 0xb9, 0x22, 0x44, 0xb2, 0x40, 0x37, 0x05, 0x80, 0x40, 0x13, 0x05,
		0x05, 0x08, 0x41, 0x01, 0x6f, 0xd0, 0x2f, 0xc1, 0x41, 0x11, 0x22, 0xc4,
		0x06, 0xc6, 0xef, 0xd0, 0x2f, 0xa9, 0x97, 0xd7, 0xff, 0xff, 0x93, 0x87,
		0xe7, 0x8c, 0x03, 0xa5, 0x87, 0x0b, 0x03, 0xc6, 0xf7, 0x33, 0x89, 0x46,
		0x97, 0xd5, 0xff, 0xff, 0x93, 0x85, 0x85, 0x97, 0xef, 0xd0, 0x6f, 0xc2,
		0x97, 0xd5, 0xff, 0xff, 0x93, 0x85, 0x85, 0xba, 0x17, 0x15, 0x00, 0x00,
		0x13, 0x05, 0x05, 0x0b, 0xef, 0xd0, 0x8f, 0x9b, 0xef, 0xc0, 0x3f, 0xd1,
		0x01, 0x44, 0x1d, 0xed, 0xef, 0xd0, 0x0f, 0xa7, 0x17, 0x15, 0x00, 0x00,
		0x13, 0x05, 0x05, 0x0b, 0xef, 0xd0, 0x0f, 0x9a, 0xef, 0xd0, 0x2f, 0xa5,
		0xef, 0xf0, 0x8f, 0x8a, 0x2a, 0x84, 0xef, 0xd0, 0x3f, 0x81, 0x19, 0xc1,
		0xef, 0xd0, 0x5f, 0x89, 0x0d, 0xc0, 0x05, 0x45, 0x15, 0x37, 0x17, 0x15,
		0x00, 0x00, 0x13, 0x05, 0xe5, 0x09, 0xef, 0xd0, 0xaf, 0x97, 0x29, 0x45,
		0xef, 0xc0, 0x3f, 0xcc, 0x22, 0x85, 0x22, 0x44, 0xb2, 0x40, 0x41, 0x01,
		0x82, 0x80, 0x01, 0x45, 0x11, 0x37, 0x17, 0x15, 0x00, 0x00, 0x13, 0x05,
		0xe5, 0x08, 0xef, 0xd0, 0xaf, 0x95, 0x01, 0xa0, 0xf9, 0xbf, 0x00, 0x00,
		0x00, 0x00, 0x00, 0x00, 0x00, 0x00, 0x00, 0x00, 0x08, 0x08, 0x08, 0x08,
		0x08, 0x08, 0x08, 0x08, 0x08, 0x28, 0x28, 0x28, 0x28, 0x28, 0x08, 0x08,
		0x08, 0x08, 0x08, 0x08, 0x08, 0x08, 0x08, 0x08, 0x08, 0x08, 0x08, 0x08,
		0x08, 0x08, 0x08, 0x08, 0xa0, 0x10, 0x10, 0x10, 0x10, 0x10, 0x10, 0x10,
		0x10, 0x10, 0x10, 0x10, 0x10, 0x10, 0x10, 0x10, 0x04, 0x04, 0x04, 0x04,
		0x04, 0x04, 0x04, 0x04, 0x04, 0x04, 0x10, 0x10, 0x10, 0x10, 0x10, 0x10,
		0x10, 0x41, 0x41, 0x41, 0x41, 0x41, 0x41, 0x01, 0x01, 0x01, 0x01, 0x01,
		0x01, 0x01, 0x01, 0x01, 0x01, 0x01, 0x01, 0x01, 0x01, 0x01, 0x01, 0x01,
		0x01, 0x01, 0x01, 0x10, 0x10, 0x10, 0x10, 0x10, 0x10, 0x42, 0x42, 0x42,
		0x42, 0x42, 0x42, 0x02, 0x02, 0x02, 0x02, 0x02, 0x02, 0x02, 0x02, 0x02,
		0x02, 0x02, 0x02, 0x02, 0x02, 0x02, 0x02, 0x02, 0x02, 0x02, 0x02, 0x10,
		0x10, 0x10, 0x10, 0x08, 0x00, 0x00, 0x00, 0x00, 0x00, 0x00, 0x00, 0x00,
		0x00, 0x00, 0x00, 0x00, 0x00, 0x00, 0x00, 0x00, 0x00, 0x00, 0x00, 0x00,
		0x00, 0x00, 0x00, 0x00, 0x00, 0x00, 0x00, 0x00, 0x00, 0x00, 0x00, 0x00,
		0xa0, 0x10, 0x10, 0x10, 0x10, 0x10, 0x10, 0x10, 0x10, 0x10, 0x10, 0x10,
		0x10, 0x10, 0x10, 0x10, 0x10, 0x10, 0x10, 0x10, 0x10, 0x10, 0x10, 0x10,
		0x10, 0x10, 0x10, 0x10, 0x10, 0x10, 0x10, 0x10, 0x01, 0x01, 0x01, 0x01,
		0x01, 0x01, 0x01, 0x01, 0x01, 0x01, 0x01, 0x01, 0x01, 0x01, 0x01, 0x01,
		0x01, 0x01, 0x01, 0x01, 0x01, 0x01, 0x01, 0x10, 0x01, 0x01, 0x01, 0x01,
		0x01, 0x01, 0x01, 0x02, 0x02, 0x02, 0x02, 0x02, 0x02, 0x02, 0x02, 0x02,
		0x02, 0x02, 0x02, 0x02, 0x02, 0x02, 0x02, 0x02, 0x02, 0x02, 0x02, 0x02,
		0x02, 0x02, 0x02, 0x10, 0x02, 0x02, 0x02, 0x02, 0x02, 0x02, 0x02, 0x02,
		0x69, 0x6e, 0x69, 0x74, 0x5f, 0x44, 0x52, 0x41, 0x4d, 0x00, 0x00, 0x00,
		0x30, 0x31, 0x32, 0x33, 0x34, 0x35, 0x36, 0x37, 0x38, 0x39, 0x61, 0x62,
		0x63, 0x64, 0x65, 0x66, 0x00, 0x00, 0x00, 0x00, 0x00, 0x84, 0x03, 0x00,
		0x00, 0x10, 0x0e, 0x00, 0x40, 0x42, 0x0f, 0x00, 0x60, 0xe3, 0x16, 0x00,
		0xc0, 0xc6, 0x2d, 0x00, 0x70, 0x38, 0x39, 0x00, 0x40, 0x4b, 0x4c, 0x00,
		0x01, 0x00, 0x00, 0x00, 0xec, 0xc1, 0x02, 0x00, 0x02, 0x00, 0x00, 0x00,
		0xf8, 0xc1, 0x02, 0x00, 0x03, 0x00, 0x00, 0x00, 0x00, 0xc2, 0x02, 0x00,
		0x04, 0x00, 0x00, 0x00, 0x08, 0xc2, 0x02, 0x00, 0x05, 0x00, 0x00, 0x00,
		0x14, 0xc2, 0x02, 0x00, 0x06, 0x00, 0x00, 0x00, 0x1c, 0xc2, 0x02, 0x00,
		0x07, 0x00, 0x00, 0x00, 0x24, 0xc2, 0x02, 0x00, 0x08, 0x00, 0x00, 0x00,
		0x2c, 0xc2, 0x02, 0x00, 0x10, 0x32, 0x64, 0x75, 0x10, 0x32, 0x54, 0x76,
		0x00, 0x00, 0x00, 0x00, 0x00, 0x00, 0x00, 0x00, 0x08, 0x00, 0x00, 0x00,
		0x08, 0x00, 0x00, 0x00, 0x08, 0x00, 0x00, 0x00, 0x08, 0x00, 0x00, 0x00,
		0x45, 0x23, 0x67, 0x01, 0x51, 0x73, 0x40, 0x26, 0x00, 0x00, 0x00, 0x00,
		0x00, 0x00, 0x00, 0x00, 0xff, 0xff, 0xff, 0xff, 0xff, 0xff, 0x00, 0x00,
		0xff, 0x00, 0xff, 0x00, 0x0f, 0x0f, 0x0f, 0x0f, 0x5a, 0x5a, 0x5a, 0x5a,
		0x55, 0x55, 0x55, 0x55, 0x01, 0x00, 0x00, 0x00, 0x02, 0x00, 0x00, 0x00,
		0x04, 0x00, 0x00, 0x00, 0x08, 0x00, 0x00, 0x00, 0x78, 0x00, 0xb8, 0x5f,
		0xb0, 0x5f, 0x00, 0x00, 0x80, 0x00, 0x20, 0x80, 0x20, 0x80, 0x00, 0x00,
		0x46, 0x61, 0x69, 0x6c, 0x65, 0x64, 0x20, 0x74, 0x6f, 0x20, 0x6a, 0x75,
		0x6d, 0x70, 0x20, 0x74, 0x6f, 0x20, 0x6f, 0x70, 0x65, 0x6e, 0x73, 0x62,
		0x69, 0x0a, 0x00, 0x00, 0x46, 0x61, 0x69, 0x6c, 0x65, 0x64, 0x20, 0x74,
		0x6f, 0x20, 0x6a, 0x75, 0x6d, 0x70, 0x20, 0x74, 0x6f, 0x20, 0x6f, 0x70,
		0x65, 0x6e, 0x73, 0x62, 0x69, 0x20, 0x76, 0x31, 0x78, 0x0a, 0x00, 0x00,
		0x6f, 0x70, 0x65, 0x6e, 0x73, 0x62, 0x69, 0x20, 0x74, 0x6f, 0x20, 0x4c,
		0x69, 0x6e, 0x75, 0x78, 0x20, 0x28, 0x25, 0x78, 0x29, 0x2e, 0x2e, 0x2e,
		0x2c, 0x64, 0x74, 0x62, 0x20, 0x28, 0x25, 0x78, 0x29, 0x0a, 0x00, 0x00,
		0x69, 0x63, 0x20, 0x62, 0x6f, 0x61, 0x72, 0x64, 0x20, 0x69, 0x6e, 0x69,
		0x74, 0x20, 0x6f, 0x6b, 0x0a, 0x00, 0x00, 0x00, 0x73, 0x65, 0x74, 0x20,
		0x70, 0x6c, 0x6c, 0x20, 0x73, 0x74, 0x61, 0x72, 0x74, 0x0a, 0x00, 0x00,
		0x73, 0x65, 0x74, 0x20, 0x70, 0x6c, 0x6c, 0x20, 0x65, 0x6e, 0x64, 0x0a,
		0x00, 0x00, 0x00, 0x00, 0x5b, 0x25, 0x64, 0x5d, 0x00, 0x00, 0x00, 0x00,
		0x25, 0x73, 0x00, 0x00, 0x74, 0x69, 0x6d, 0x65, 0x20, 0x75, 0x73, 0x65,
		0x64, 0x3a, 0x25, 0x64, 0x0a, 0x00, 0x00, 0x00, 0x6b, 0x65, 0x79, 0x20,
		0x70, 0x72, 0x65, 0x73, 0x73, 0x20, 0x3a, 0x20, 0x25, 0x63, 0x0a, 0x00,
		0x5f, 0x5f, 0x77, 0x65, 0x61, 0x6b, 0x20, 0x25, 0x73, 0x2e, 0x2e, 0x2e,
		0x25, 0x64, 0x0a, 0x00, 0x69, 0x6e, 0x62, 0x75, 0x66, 0x3a, 0x25, 0x78,
		0x0a, 0x00, 0x00, 0x00, 0x25, 0x30, 0x32, 0x78, 0x20, 0x00, 0x00, 0x00,
		0x44, 0x75, 0x6d, 0x70, 0x20, 0x25, 0x73, 0x20, 0x61, 0x64, 0x64, 0x72,
		0x3d, 0x30, 0x78, 0x25, 0x6c, 0x78, 0x2c, 0x20, 0x73, 0x69, 0x7a, 0x65,
		0x3d, 0x30, 0x78, 0x25, 0x78, 0x3a, 0x0a, 0x20, 0x20, 0x00, 0x00, 0x00,
		0x0a, 0x20, 0x20, 0x00, 0x25, 0x73, 0x3a, 0x25, 0x75, 0x3a, 0x20, 0x25,
		0x73, 0x3a, 0x20, 0x41, 0x73, 0x73, 0x65, 0x72, 0x74, 0x69, 0x6f, 0x6e,
		0x20, 0x60, 0x25, 0x73, 0x27, 0x20, 0x66, 0x61, 0x69, 0x6c, 0x65, 0x64,
		0x2e, 0x00, 0x00, 0x00, 0x4c, 0x5a, 0x4d, 0x41, 0x3a, 0x20, 0x49, 0x6d,
		0x61, 0x67, 0x65, 0x20, 0x61, 0x64, 0x64, 0x72, 0x65, 0x73, 0x73, 0x2e,
		0x2e, 0x2e, 0x2e, 0x2e, 0x2e, 0x2e, 0x2e, 0x2e, 0x2e, 0x2e, 0x2e, 0x2e,
		0x2e, 0x2e, 0x20, 0x30, 0x78, 0x25, 0x30, 0x38, 0x6c, 0x78, 0x0a, 0x00,
		0x4c, 0x5a, 0x4d, 0x41, 0x3a, 0x20, 0x50, 0x72, 0x6f, 0x70, 0x65, 0x72,
		0x74, 0x69, 0x65, 0x73, 0x20, 0x61, 0x64, 0x64, 0x72, 0x65, 0x73, 0x73,
		0x2e, 0x2e, 0x2e, 0x2e, 0x2e, 0x2e, 0x2e, 0x2e, 0x2e, 0x2e, 0x20, 0x30,
		0x78, 0x25, 0x30, 0x38, 0x6c, 0x78, 0x0a, 0x00, 0x4c, 0x5a, 0x4d, 0x41,
		0x3a, 0x20, 0x55, 0x6e, 0x63, 0x6f, 0x6d, 0x70, 0x72, 0x65, 0x73, 0x73,
		0x65, 0x64, 0x20, 0x73, 0x69, 0x7a, 0x65, 0x20, 0x61, 0x64, 0x64, 0x72,
		0x65, 0x73, 0x73, 0x2e, 0x2e, 0x2e, 0x20, 0x30, 0x78, 0x25, 0x30, 0x38,
		0x6c, 0x78, 0x0a, 0x00, 0x4c, 0x5a, 0x4d, 0x41, 0x3a, 0x20, 0x43, 0x6f,
		0x6d, 0x70, 0x72, 0x65, 0x73, 0x73, 0x65, 0x64, 0x20, 0x64, 0x61, 0x74,
		0x61, 0x20, 0x61, 0x64, 0x64, 0x72, 0x65, 0x73, 0x73, 0x2e, 0x2e, 0x2e,
		0x2e, 0x2e, 0x20, 0x30, 0x78, 0x25, 0x30, 0x38, 0x6c, 0x78, 0x0a, 0x00,
		0x4c, 0x5a, 0x4d, 0x41, 0x3a, 0x20, 0x44, 0x65, 0x73, 0x74, 0x69, 0x6e,
		0x61, 0x74, 0x69, 0x6f, 0x6e, 0x20, 0x61, 0x64, 0x64, 0x72, 0x65, 0x73,
		0x73, 0x2e, 0x2e, 0x2e, 0x2e, 0x2e, 0x2e, 0x2e, 0x2e, 0x2e, 0x20, 0x30,
		0x78, 0x25, 0x30, 0x38, 0x6c, 0x78, 0x0a, 0x00, 0x4c, 0x5a, 0x4d, 0x41,
		0x3a, 0x20, 0x36, 0x34, 0x62, 0x69, 0x74, 0x20, 0x73, 0x75, 0x70, 0x70,
		0x6f, 0x72, 0x74, 0x20, 0x6e, 0x6f, 0x74, 0x20, 0x65, 0x6e, 0x61, 0x62,
		0x6c, 0x65, 0x64, 0x2e, 0x0a, 0x00, 0x00, 0x00, 0x4c, 0x5a, 0x4d, 0x41,
		0x3a, 0x20, 0x55, 0x6e, 0x63, 0x6f, 0x6d, 0x70, 0x72, 0x65, 0x73, 0x65,
		0x64, 0x20, 0x73, 0x69, 0x7a, 0x65, 0x2e, 0x2e, 0x2e, 0x2e, 0x2e, 0x2e,
		0x2e, 0x2e, 0x2e, 0x2e, 0x2e, 0x2e, 0x20, 0x30, 0x78, 0x25, 0x30, 0x38,
		0x6c, 0x78, 0x0a, 0x00, 0x4c, 0x5a, 0x4d, 0x41, 0x3a, 0x20, 0x43, 0x6f,
		0x6d, 0x70, 0x72, 0x65, 0x73, 0x65, 0x64, 0x20, 0x73, 0x69, 0x7a, 0x65,
		0x2e, 0x2e, 0x2e, 0x2e, 0x2e, 0x2e, 0x2e, 0x2e, 0x2e, 0x2e, 0x2e, 0x2e,
		0x2e, 0x2e, 0x20, 0x30, 0x78, 0x25, 0x30, 0x38, 0x6c, 0x78, 0x0a, 0x00,
		0x4c, 0x5a, 0x4d, 0x41, 0x3a, 0x20, 0x55, 0x6e, 0x63, 0x6f, 0x6d, 0x70,
		0x72, 0x65, 0x73, 0x73, 0x65, 0x64, 0x20, 0x2e, 0x2e, 0x2e, 0x2e, 0x2e,
		0x2e, 0x2e, 0x2e, 0x2e, 0x2e, 0x2e, 0x2e, 0x2e, 0x2e, 0x2e, 0x20, 0x30,
		0x78, 0x25, 0x30, 0x38, 0x6c, 0x78, 0x0a, 0x00, 0x62, 0x6f, 0x6f, 0x74,
		0x70, 0x61, 0x72, 0x61, 0x00, 0x00, 0x00, 0x00, 0x77, 0x6f, 0x72, 0x6b,
		0x6d, 0x6f, 0x64, 0x65, 0x20, 0x30, 0x78, 0x25, 0x78, 0x0a, 0x00, 0x00,
		0x46, 0x61, 0x69, 0x6c, 0x20, 0x74, 0x6f, 0x20, 0x6c, 0x6f, 0x61, 0x64,
		0x20, 0x6b, 0x65, 0x72, 0x6e, 0x65, 0x6c, 0x20, 0x68, 0x65, 0x61, 0x64,
		0x0a, 0x00, 0x00, 0x00, 0x41, 0x4e, 0x44, 0x52, 0x4f, 0x49, 0x44, 0x21,
		0x00, 0x00, 0x00, 0x00, 0x6b, 0x65, 0x72, 0x6e, 0x65, 0x6c, 0x5f, 0x61,
		0x64, 0x64, 0x72, 0x3a, 0x25, 0x78, 0x0a, 0x00, 0x6b, 0x65, 0x72, 0x6e,
		0x65, 0x6c, 0x20, 0x6d, 0x61, 0x67, 0x69, 0x63, 0x20, 0x69, 0x73, 0x20,
		0x65, 0x72, 0x72, 0x6f, 0x72, 0x0a, 0x00, 0x00, 0x6c, 0x6f, 0x61, 0x64,
		0x20, 0x62, 0x6f, 0x6f, 0x74, 0x5f, 0x69, 0x6d, 0x61, 0x67, 0x65, 0x20,
		0x66, 0x61, 0x69, 0x6c, 0x0a, 0x00, 0x00, 0x00, 0x57, 0x61, 0x72, 0x6e,
		0x69, 0x6e, 0x67, 0x3a, 0x50, 0x6c, 0x65, 0x61, 0x73, 0x65, 0x20, 0x63,
		0x68, 0x65, 0x63, 0x6b, 0x20, 0x6d, 0x65, 0x6d, 0x6f, 0x72, 0x79, 0x20,
		0x21, 0x21, 0x21, 0x0a, 0x00, 0x00, 0x00, 0x00, 0x62, 0x6f, 0x6f, 0x74,
		0x2e, 0x69, 0x6d, 0x67, 0x3a, 0x30, 0x78, 0x25, 0x6c, 0x78, 0x2d, 0x30,
		0x78, 0x25, 0x6c, 0x78, 0x0a, 0x00, 0x00, 0x00, 0x6b, 0x65, 0x72, 0x6e,
		0x65, 0x6c, 0x5f, 0x63, 0x6f, 0x64, 0x65, 0x3a, 0x30, 0x78, 0x25, 0x6c,
		0x78, 0x2d, 0x30, 0x78, 0x25, 0x6c, 0x78, 0x0a, 0x00, 0x00, 0x00, 0x00,
		0x6b, 0x65, 0x72, 0x6e, 0x65, 0x6c, 0x3a, 0x25, 0x78, 0x20, 0x25, 0x78,
		0x0a, 0x00, 0x00, 0x00, 0x72, 0x74, 0x63, 0x5b, 0x25, 0x64, 0x5d, 0x20,
		0x76, 0x61, 0x6c, 0x75, 0x65, 0x20, 0x3d, 0x20, 0x30, 0x78, 0x25, 0x78,
		0x0a, 0x00, 0x00, 0x00, 0x65, 0x72, 0x61, 0x6c, 0x79, 0x20, 0x6a, 0x75,
		0x6d, 0x70, 0x20, 0x66, 0x65, 0x6c, 0x0a, 0x00, 0x63, 0x61, 0x72, 0x73,
		0x68, 0x64, 0x75, 0x6d, 0x70, 0x20, 0x6d, 0x6f, 0x64, 0x65, 0x20, 0x2c,
		0x20, 0x6a, 0x75, 0x6d, 0x70, 0x20, 0x66, 0x65, 0x6c, 0x0a, 0x00, 0x00,
		0x55, 0x6e, 0x6b, 0x6e, 0x6f, 0x77, 0x6e, 0x00, 0x5b, 0x45, 0x52, 0x52,
		0x4f, 0x52, 0x5d, 0x20, 0x4e, 0x6f, 0x74, 0x20, 0x73, 0x75, 0x70, 0x70,
		0x6f, 0x72, 0x74, 0x65, 0x64, 0x20, 0x50, 0x53, 0x52, 0x41, 0x4d, 0x20,
		0x74, 0x79, 0x70, 0x65, 0x20, 0x6f, 0x66, 0x20, 0x46, 0x31, 0x30, 0x31,
		0x53, 0x32, 0x3a, 0x20, 0x25, 0x64, 0x0a, 0x00, 0x5b, 0x45, 0x52, 0x52,
		0x4f, 0x52, 0x5d, 0x20, 0x4e, 0x6f, 0x74, 0x20, 0x73, 0x75, 0x70, 0x70,
		0x6f, 0x72, 0x74, 0x65, 0x64, 0x20, 0x50, 0x53, 0x52, 0x41, 0x4d, 0x20,
		0x74, 0x79, 0x70, 0x65, 0x20, 0x6f, 0x66, 0x20, 0x46, 0x31, 0x30, 0x31,
		0x53, 0x33, 0x3a, 0x20, 0x25, 0x64, 0x0a, 0x00, 0x55, 0x6e, 0x6b, 0x6e,
		0x6f, 0x77, 0x6e, 0x20, 0x65, 0x72, 0x72, 0x6f, 0x72, 0x3a, 0x20, 0x30,
		0x78, 0x25, 0x30, 0x34, 0x78, 0x0a, 0x00, 0x00, 0x5b, 0x45, 0x52, 0x52,
		0x4f, 0x52, 0x5d, 0x20, 0x4e, 0x6f, 0x74, 0x20, 0x73, 0x75, 0x70, 0x70,
		0x6f, 0x72, 0x74, 0x65, 0x64, 0x20, 0x50, 0x53, 0x52, 0x41, 0x4d, 0x20,
		0x74, 0x79, 0x70, 0x65, 0x3a, 0x20, 0x25, 0x64, 0x0a, 0x00, 0x00, 0x00,
		0x5b, 0x45, 0x52, 0x52, 0x4f, 0x52, 0x5d, 0x20, 0x4e, 0x6f, 0x74, 0x20,
		0x73, 0x75, 0x70, 0x70, 0x6f, 0x72, 0x74, 0x65, 0x64, 0x20, 0x50, 0x53,
		0x52, 0x41, 0x4d, 0x20, 0x74, 0x79, 0x70, 0x65, 0x21, 0x0a, 0x00, 0x00,
		0x5a, 0x51, 0x20, 0x63, 0x61, 0x6c, 0x69, 0x62, 0x72, 0x61, 0x74, 0x69,
		0x6f, 0x6e, 0x20, 0x65, 0x72, 0x72, 0x6f, 0x72, 0x2c, 0x63, 0x68, 0x65,
		0x63, 0x6b, 0x20, 0x65, 0x78, 0x74, 0x65, 0x72, 0x6e, 0x61, 0x6c, 0x20,
		0x32, 0x34, 0x30, 0x20, 0x6f, 0x68, 0x6d, 0x20, 0x72, 0x65, 0x73, 0x69,
		0x73, 0x74, 0x6f, 0x72, 0x2e, 0x0a, 0x00, 0x00, 0x5b, 0x45, 0x72, 0x72,
		0x6f, 0x72, 0x5d, 0x20, 0x4e, 0x6f, 0x74, 0x20, 0x73, 0x75, 0x70, 0x70,
		0x6f, 0x72, 0x74, 0x65, 0x64, 0x20, 0x64, 0x61, 0x74, 0x61, 0x20, 0x77,
		0x69, 0x64, 0x74, 0x68, 0x20, 0x63, 0x6f, 0x6e, 0x66, 0x69, 0x67, 0x75,
		0x72, 0x61, 0x74, 0x69, 0x6f, 0x6e, 0x20, 0x21, 0x0a, 0x00, 0x00, 0x00,
		0x4c, 0x50, 0x53, 0x52, 0x41, 0x4d, 0x20, 0x73, 0x69, 0x6d, 0x70, 0x6c,
		0x65, 0x20, 0x74, 0x65, 0x73, 0x74, 0x20, 0x46, 0x41, 0x49, 0x4c, 0x2e,
		0x0a, 0x00, 0x00, 0x00, 0x25, 0x78, 0x20, 0x21, 0x3d, 0x20, 0x25, 0x78,
		0x20, 0x61, 0x74, 0x20, 0x61, 0x64, 0x64, 0x72, 0x65, 0x73, 0x73, 0x20,
		0x25, 0x78, 0x0a, 0x00, 0x4c, 0x50, 0x53, 0x52, 0x41, 0x4d, 0x20, 0x73,
		0x69, 0x6d, 0x70, 0x6c, 0x65, 0x20, 0x74, 0x65, 0x73, 0x74, 0x20, 0x4f,
		0x4b, 0x2e, 0x0a, 0x00, 0x64, 0x72, 0x61, 0x6d, 0x5f, 0x63, 0x6c, 0x6b,
		0x20, 0x20, 0x20, 0x20, 0x3d, 0x20, 0x25, 0x64, 0x0a, 0x00, 0x00, 0x00,
		0x64, 0x72, 0x61, 0x6d, 0x5f, 0x74, 0x79, 0x70, 0x65, 0x20, 0x20, 0x20,
		0x3d, 0x20, 0x30, 0x78, 0x25, 0x78, 0x0a, 0x00, 0x64, 0x72, 0x61, 0x6d,
		0x5f, 0x7a, 0x71, 0x20, 0x20, 0x20, 0x20, 0x20, 0x3d, 0x20, 0x30, 0x78,
		0x25, 0x78, 0x0a, 0x00, 0x64, 0x72, 0x61, 0x6d, 0x5f, 0x6f, 0x64, 0x74,
		0x5f, 0x65, 0x6e, 0x20, 0x3d, 0x20, 0x30, 0x78, 0x25, 0x78, 0x0a, 0x00,
		0x64, 0x72, 0x61, 0x6d, 0x5f, 0x70, 0x61, 0x72, 0x61, 0x31, 0x20, 0x20,
		0x3d, 0x20, 0x30, 0x78, 0x25, 0x78, 0x0a, 0x00, 0x64, 0x72, 0x61, 0x6d,
		0x5f, 0x70, 0x61, 0x72, 0x61, 0x32, 0x20, 0x20, 0x3d, 0x20, 0x30, 0x78,
		0x25, 0x78, 0x0a, 0x00, 0x64, 0x72, 0x61, 0x6d, 0x5f, 0x6d, 0x72, 0x30,
		0x20, 0x20, 0x20, 0x20, 0x3d, 0x20, 0x30, 0x78, 0x25, 0x78, 0x0a, 0x00,
		0x64, 0x72, 0x61, 0x6d, 0x5f, 0x6d, 0x72, 0x31, 0x20, 0x20, 0x20, 0x20,
		0x3d, 0x20, 0x30, 0x78, 0x25, 0x78, 0x0a, 0x00, 0x64, 0x72, 0x61, 0x6d,
		0x5f, 0x6d, 0x72, 0x32, 0x20, 0x20, 0x20, 0x20, 0x3d, 0x20, 0x30, 0x78,
		0x25, 0x78, 0x0a, 0x00, 0x64, 0x72, 0x61, 0x6d, 0x5f, 0x6d, 0x72, 0x33,
		0x20, 0x20, 0x20, 0x20, 0x3d, 0x20, 0x30, 0x78, 0x25, 0x78, 0x0a, 0x00,
		0x64, 0x72, 0x61, 0x6d, 0x5f, 0x74, 0x70, 0x72, 0x30, 0x20, 0x20, 0x20,
		0x3d, 0x20, 0x30, 0x78, 0x25, 0x78, 0x0a, 0x00, 0x64, 0x72, 0x61, 0x6d,
		0x5f, 0x74, 0x70, 0x72, 0x31, 0x20, 0x20, 0x20, 0x3d, 0x20, 0x30, 0x78,
		0x25, 0x78, 0x0a, 0x00, 0x64, 0x72, 0x61, 0x6d, 0x5f, 0x74, 0x70, 0x72,
		0x32, 0x20, 0x20, 0x20, 0x3d, 0x20, 0x30, 0x78, 0x25, 0x78, 0x0a, 0x00,
		0x64, 0x72, 0x61, 0x6d, 0x5f, 0x74, 0x70, 0x72, 0x33, 0x20, 0x20, 0x20,
		0x3d, 0x20, 0x30, 0x78, 0x25, 0x78, 0x0a, 0x00, 0x64, 0x72, 0x61, 0x6d,
		0x5f, 0x74, 0x70, 0x72, 0x34, 0x20, 0x20, 0x20, 0x3d, 0x20, 0x30, 0x78,
		0x25, 0x78, 0x0a, 0x00, 0x64, 0x72, 0x61, 0x6d, 0x5f, 0x74, 0x70, 0x72,
		0x35, 0x20, 0x20, 0x20, 0x3d, 0x20, 0x30, 0x78, 0x25, 0x78, 0x0a, 0x00,
		0x64, 0x72, 0x61, 0x6d, 0x5f, 0x74, 0x70, 0x72, 0x36, 0x20, 0x20, 0x20,
		0x3d, 0x20, 0x30, 0x78, 0x25, 0x78, 0x0a, 0x00, 0x64, 0x72, 0x61, 0x6d,
		0x5f, 0x74, 0x70, 0x72, 0x37, 0x20, 0x20, 0x20, 0x3d, 0x20, 0x30, 0x78,
		0x25, 0x78, 0x0a, 0x00, 0x64, 0x72, 0x61, 0x6d, 0x5f, 0x74, 0x70, 0x72,
		0x38, 0x20, 0x20, 0x20, 0x3d, 0x20, 0x30, 0x78, 0x25, 0x78, 0x0a, 0x00,
		0x64, 0x72, 0x61, 0x6d, 0x5f, 0x74, 0x70, 0x72, 0x39, 0x20, 0x20, 0x20,
		0x3d, 0x20, 0x30, 0x78, 0x25, 0x78, 0x0a, 0x00, 0x64, 0x72, 0x61, 0x6d,
		0x5f, 0x74, 0x70, 0x72, 0x31, 0x30, 0x20, 0x20, 0x3d, 0x20, 0x30, 0x78,
		0x25, 0x78, 0x0a, 0x00, 0x64, 0x72, 0x61, 0x6d, 0x5f, 0x74, 0x70, 0x72,
		0x31, 0x31, 0x20, 0x20, 0x3d, 0x20, 0x30, 0x78, 0x25, 0x78, 0x0a, 0x00,
		0x64, 0x72, 0x61, 0x6d, 0x5f, 0x74, 0x70, 0x72, 0x31, 0x32, 0x20, 0x20,
		0x3d, 0x20, 0x30, 0x78, 0x25, 0x78, 0x0a, 0x00, 0x64, 0x72, 0x61, 0x6d,
		0x5f, 0x74, 0x70, 0x72, 0x31, 0x33, 0x20, 0x20, 0x3d, 0x20, 0x30, 0x78,
		0x25, 0x78, 0x0a, 0x00, 0x5a, 0x51, 0x20, 0x76, 0x61, 0x6c, 0x75, 0x65,
		0x20, 0x3d, 0x20, 0x30, 0x78, 0x25, 0x78, 0x0a, 0x00, 0x00, 0x00, 0x00,
		0x4c, 0x50, 0x53, 0x52, 0x41, 0x4d, 0x20, 0x74, 0x79, 0x70, 0x65, 0x20,
		0x64, 0x65, 0x74, 0x65, 0x63, 0x74, 0x69, 0x6f, 0x6e, 0x20, 0x64, 0x6f,
		0x6e, 0x65, 0x2e, 0x0a, 0x00, 0x00, 0x00, 0x00, 0x4c, 0x50, 0x53, 0x52,
		0x41, 0x4d, 0x20, 0x69, 0x6e, 0x69, 0x74, 0x69, 0x61, 0x6c, 0x20, 0x65,
		0x72, 0x72, 0x6f, 0x72, 0x3a, 0x20, 0x31, 0x20, 0x21, 0x0a, 0x00, 0x00,
		0x56, 0x30, 0x2e, 0x34, 0x31, 0x00, 0x00, 0x00, 0x4c, 0x50, 0x53, 0x52,
		0x41, 0x4d, 0x20, 0x42, 0x4f, 0x4f, 0x54, 0x20, 0x44, 0x52, 0x49, 0x56,
		0x45, 0x20, 0x49, 0x4e, 0x46, 0x4f, 0x3a, 0x20, 0x25, 0x73, 0x0a, 0x00,
		0x4c, 0x50, 0x53, 0x52, 0x41, 0x4d, 0x20, 0x43, 0x4c, 0x4b, 0x20, 0x3d,
		0x20, 0x25, 0x64, 0x20, 0x4d, 0x48, 0x7a, 0x0a, 0x00, 0x00, 0x00, 0x00,
		0x4c, 0x50, 0x53, 0x52, 0x41, 0x4d, 0x20, 0x54, 0x79, 0x70, 0x65, 0x20,
		0x3d, 0x20, 0x25, 0x73, 0x0a, 0x00, 0x00, 0x00, 0x4c, 0x50, 0x53, 0x52,
		0x41, 0x4d, 0x20, 0x5a, 0x51, 0x20, 0x50, 0x41, 0x52, 0x41, 0x4d, 0x20,
		0x3d, 0x20, 0x30, 0x78, 0x25, 0x78, 0x0a, 0x00, 0x4c, 0x50, 0x53, 0x52,
		0x41, 0x4d, 0x20, 0x53, 0x49, 0x5a, 0x45, 0x20, 0x3d, 0x20, 0x25, 0x64,
		0x20, 0x4d, 0x42, 0x0a, 0x00, 0x00, 0x00, 0x00, 0x5b, 0x45, 0x52, 0x52,
		0x4f, 0x52, 0x5d, 0x20, 0x4c, 0x53, 0x50, 0x53, 0x52, 0x41, 0x4d, 0x20,
		0x49, 0x4e, 0x49, 0x54, 0x20, 0x66, 0x61, 0x69, 0x6c, 0x65, 0x64, 0x2e,
		0x0a, 0x00, 0x00, 0x00, 0x41, 0x50, 0x53, 0x33, 0x32, 0x30, 0x38, 0x4b,
		0x00, 0x00, 0x00, 0x00, 0x41, 0x50, 0x53, 0x36, 0x34, 0x4d, 0x00, 0x00,
		0x41, 0x50, 0x53, 0x31, 0x32, 0x38, 0x4d, 0x00, 0x41, 0x50, 0x53, 0x33,
		0x32, 0x30, 0x38, 0x45, 0x00, 0x00, 0x00, 0x00, 0x57, 0x39, 0x35, 0x35,
		0x00, 0x00, 0x00, 0x00, 0x57, 0x39, 0x35, 0x36, 0x00, 0x00, 0x00, 0x00,
		0x57, 0x39, 0x35, 0x37, 0x00, 0x00, 0x00, 0x00, 0x57, 0x39, 0x35, 0x38,
		0x00, 0x00, 0x00, 0x00, 0x25, 0x64, 0x4d, 0x20, 0x69, 0x6e, 0x69, 0x74,
		0x20, 0x66, 0x61, 0x69, 0x6c, 0x21, 0x21, 0x21, 0x00, 0x00, 0x00, 0x00,
		0x5b, 0x45, 0x52, 0x52, 0x4f, 0x52, 0x20, 0x53, 0x4f, 0x46, 0x54, 0x20,
		0x54, 0x52, 0x41, 0x49, 0x4e, 0x49, 0x4e, 0x47, 0x5d, 0x20, 0x53, 0x74,
		0x61, 0x62, 0x6c, 0x65, 0x20, 0x74, 0x65, 0x73, 0x74, 0x2c, 0x20, 0x64,
		0x72, 0x61, 0x6d, 0x5f, 0x63, 0x6c, 0x6b, 0x3d, 0x25, 0x64, 0x2c, 0x20,
		0x64, 0x72, 0x61, 0x6d, 0x5f, 0x74, 0x70, 0x72, 0x31, 0x31, 0x3d, 0x30,
		0x78, 0x25, 0x30, 0x38, 0x78, 0x2c, 0x20, 0x64, 0x72, 0x61, 0x6d, 0x5f,
		0x74, 0x70, 0x72, 0x31, 0x32, 0x3d, 0x30, 0x78, 0x25, 0x30, 0x38, 0x78,
		0x2c, 0x20, 0x6d, 0x65, 0x6d, 0x74, 0x65, 0x73, 0x74, 0x20, 0x66, 0x61,
		0x69, 0x6c, 0x0a, 0x00, 0x5b, 0x53, 0x4f, 0x46, 0x54, 0x20, 0x54, 0x52,
		0x41, 0x49, 0x4e, 0x49, 0x4e, 0x47, 0x5d, 0x20, 0x53, 0x74, 0x61, 0x62,
		0x6c, 0x65, 0x20, 0x74, 0x65, 0x73, 0x74, 0x2c, 0x20, 0x64, 0x72, 0x61,
		0x6d, 0x5f, 0x63, 0x6c, 0x6b, 0x3d, 0x25, 0x64, 0x2c, 0x20, 0x64, 0x72,
		0x61, 0x6d, 0x5f, 0x74, 0x70, 0x72, 0x31, 0x31, 0x3d, 0x30, 0x78, 0x25,
		0x30, 0x38, 0x78, 0x2c, 0x20, 0x64, 0x72, 0x61, 0x6d, 0x5f, 0x74, 0x70,
		0x72, 0x31, 0x32, 0x3d, 0x30, 0x78, 0x25, 0x30, 0x38, 0x78, 0x2c, 0x20,
		0x6d, 0x65, 0x6d, 0x74, 0x65, 0x73, 0x74, 0x20, 0x70, 0x61, 0x73, 0x73,
		0x0a, 0x00, 0x00, 0x00, 0x5b, 0x53, 0x4f, 0x46, 0x54, 0x20, 0x54, 0x52,
		0x41, 0x49, 0x4e, 0x49, 0x4e, 0x47, 0x5d, 0x20, 0x63, 0x68, 0x61, 0x6e,
		0x67, 0x65, 0x20, 0x64, 0x72, 0x61, 0x6d, 0x5f, 0x63, 0x6c, 0x6b, 0x20,
		0x74, 0x6f, 0x20, 0x25, 0x64, 0x20, 0x66, 0x61, 0x69, 0x6c, 0x21, 0x0a,
		0x00, 0x00, 0x00, 0x00, 0x5b, 0x53, 0x4f, 0x46, 0x54, 0x20, 0x54, 0x52,
		0x41, 0x49, 0x4e, 0x49, 0x4e, 0x47, 0x5d, 0x20, 0x63, 0x68, 0x61, 0x6e,
		0x67, 0x65, 0x20, 0x64, 0x72, 0x61, 0x6d, 0x5f, 0x63, 0x6c, 0x6b, 0x20,
		0x74, 0x6f, 0x20, 0x25, 0x64, 0x0a, 0x00, 0x00, 0x5b, 0x53, 0x4f, 0x46,
		0x54, 0x20, 0x54, 0x52, 0x41, 0x49, 0x4e, 0x49, 0x4e, 0x47, 0x5d, 0x20,
		0x73, 0x74, 0x61, 0x72, 0x74, 0x20, 0x72, 0x64, 0x71, 0x20, 0x62, 0x69,
		0x74, 0x20, 0x74, 0x72, 0x61, 0x69, 0x6e, 0x69, 0x6e, 0x67, 0x0a, 0x00,
		0x5b, 0x53, 0x4f, 0x46, 0x54, 0x20, 0x54, 0x52, 0x41, 0x49, 0x4e, 0x49,
		0x4e, 0x47, 0x5d, 0x20, 0x72, 0x64, 0x71, 0x25, 0x30, 0x32, 0x64, 0x20,
		0x64, 0x71, 0x73, 0x5f, 0x6d, 0x6f, 0x76, 0x65, 0x3a, 0x20, 0x25, 0x64,
		0x2c, 0x20, 0x72, 0x61, 0x6e, 0x67, 0x65, 0x3a, 0x20, 0x25, 0x64, 0x7e,
		0x25, 0x64, 0x2c, 0x20, 0x77, 0x69, 0x64, 0x74, 0x68, 0x3d, 0x25, 0x64,
		0x2c, 0x20, 0x63, 0x65, 0x6e, 0x74, 0x65, 0x72, 0x3d, 0x30, 0x78, 0x25,
		0x30, 0x32, 0x78, 0x0a, 0x00, 0x00, 0x00, 0x00, 0x5b, 0x45, 0x52, 0x52,
		0x4f, 0x52, 0x20, 0x53, 0x4f, 0x46, 0x54, 0x20, 0x54, 0x52, 0x41, 0x49,
		0x4e, 0x49, 0x4e, 0x47, 0x5d, 0x20, 0x44, 0x62, 0x79, 0x74, 0x65, 0x25,
		0x64, 0x20, 0x72, 0x64, 0x71, 0x25, 0x64, 0x20, 0x77, 0x69, 0x64, 0x74,
		0x68, 0x20, 0x3c, 0x3d, 0x20, 0x25, 0x64, 0x0a, 0x00, 0x00, 0x00, 0x00,
		0x5b, 0x53, 0x4f, 0x46, 0x54, 0x20, 0x54, 0x52, 0x41, 0x49, 0x4e, 0x49,
		0x4e, 0x47, 0x5d, 0x20, 0x41, 0x66, 0x74, 0x65, 0x72, 0x20, 0x72, 0x64,
		0x71, 0x20, 0x74, 0x72, 0x61, 0x69, 0x6e, 0x69, 0x6e, 0x67, 0x2c, 0x20,
		0x64, 0x72, 0x61, 0x6d, 0x5f, 0x74, 0x70, 0x72, 0x31, 0x32, 0x20, 0x3d,
		0x20, 0x30, 0x78, 0x25, 0x30, 0x38, 0x78, 0x0a, 0x00, 0x00, 0x00, 0x00,
		0x5b, 0x53, 0x4f, 0x46, 0x54, 0x20, 0x54, 0x52, 0x41, 0x49, 0x4e, 0x49,
		0x4e, 0x47, 0x5d, 0x20, 0x73, 0x74, 0x61, 0x72, 0x74, 0x20, 0x77, 0x64,
		0x71, 0x20, 0x62, 0x69, 0x74, 0x20, 0x74, 0x72, 0x61, 0x69, 0x6e, 0x69,
		0x6e, 0x67, 0x0a, 0x00, 0x5b, 0x53, 0x4f, 0x46, 0x54, 0x20, 0x54, 0x52,
		0x41, 0x49, 0x4e, 0x49, 0x4e, 0x47, 0x5d, 0x20, 0x77, 0x64, 0x71, 0x25,
		0x30, 0x32, 0x64, 0x20, 0x64, 0x71, 0x73, 0x5f, 0x6d, 0x6f, 0x76, 0x65,
		0x3a, 0x20, 0x25, 0x64, 0x2c, 0x20, 0x72, 0x61, 0x6e, 0x67, 0x65, 0x3a,
		0x20, 0x25, 0x64, 0x7e, 0x25, 0x64, 0x2c, 0x20, 0x77, 0x69, 0x64, 0x74,
		0x68, 0x3d, 0x25, 0x64, 0x2c, 0x20, 0x63, 0x65, 0x6e, 0x74, 0x65, 0x72,
		0x3d, 0x30, 0x78, 0x25, 0x30, 0x32, 0x78, 0x0a, 0x00, 0x00, 0x00, 0x00,
		0x5b, 0x45, 0x52, 0x52, 0x4f, 0x52, 0x20, 0x53, 0x4f, 0x46, 0x54, 0x20,
		0x54, 0x52, 0x41, 0x49, 0x4e, 0x49, 0x4e, 0x47, 0x5d, 0x20, 0x44, 0x62,
		0x79, 0x74, 0x65, 0x25, 0x64, 0x20, 0x77, 0x64, 0x71, 0x25, 0x64, 0x20,
		0x77, 0x69, 0x64, 0x74, 0x68, 0x20, 0x3c, 0x3d, 0x20, 0x25, 0x64, 0x0a,
		0x00, 0x00, 0x00, 0x00, 0x5b, 0x53, 0x4f, 0x46, 0x54, 0x20, 0x54, 0x52,
		0x41, 0x49, 0x4e, 0x49, 0x4e, 0x47, 0x5d, 0x20, 0x41, 0x66, 0x74, 0x65,
		0x72, 0x20, 0x77, 0x64, 0x71, 0x20, 0x74, 0x72, 0x61, 0x69, 0x6e, 0x69,
		0x6e, 0x67, 0x2c, 0x20, 0x64, 0x72, 0x61, 0x6d, 0x5f, 0x74, 0x70, 0x72,
		0x31, 0x31, 0x20, 0x3d, 0x20, 0x30, 0x78, 0x25, 0x30, 0x38, 0x78, 0x0a,
		0x00, 0x00, 0x00, 0x00, 0x5b, 0x55, 0x49, 0x20, 0x44, 0x4c, 0x59, 0x20,
		0x54, 0x52, 0x41, 0x49, 0x4e, 0x5d, 0x20, 0x62, 0x61, 0x73, 0x65, 0x20,
		0x70, 0x6f, 0x69, 0x6e, 0x74, 0x20, 0x28, 0x30, 0x2c, 0x30, 0x29, 0x20,
		0x66, 0x61, 0x69, 0x6c, 0x0a, 0x00, 0x00, 0x00, 0x5b, 0x55, 0x49, 0x20,
		0x44, 0x4c, 0x59, 0x20, 0x54, 0x52, 0x41, 0x49, 0x4e, 0x5d, 0x20, 0x62,
		0x61, 0x73, 0x65, 0x20, 0x70, 0x6f, 0x69, 0x6e, 0x74, 0x20, 0x28, 0x30,
		0x2c, 0x30, 0x29, 0x20, 0x70, 0x61, 0x73, 0x73, 0x0a, 0x00, 0x00, 0x00,
		0x5b, 0x55, 0x49, 0x20, 0x44, 0x4c, 0x59, 0x20, 0x54, 0x52, 0x41, 0x49,
		0x4e, 0x5d, 0x20, 0x52, 0x44, 0x51, 0x53, 0x20, 0x77, 0x69, 0x6e, 0x64,
		0x6f, 0x77, 0x20, 0x6c, 0x65, 0x66, 0x74, 0x3d, 0x25, 0x64, 0x20, 0x72,
		0x69, 0x67, 0x68, 0x74, 0x3d, 0x25, 0x64, 0x0a, 0x00, 0x00, 0x00, 0x00,
		0x5b, 0x55, 0x49, 0x20, 0x44, 0x4c, 0x59, 0x20, 0x54, 0x52, 0x41, 0x49,
		0x4e, 0x5d, 0x20, 0x52, 0x44, 0x51, 0x53, 0x20, 0x77, 0x69, 0x6e, 0x64,
		0x6f, 0x77, 0x20, 0x69, 0x6e, 0x76, 0x61, 0x6c, 0x69, 0x64, 0x0a, 0x00,
		0x5b, 0x55, 0x49, 0x20, 0x44, 0x4c, 0x59, 0x20, 0x54, 0x52, 0x41, 0x49,
		0x4e, 0x5d, 0x20, 0x57, 0x44, 0x51, 0x20, 0x77, 0x69, 0x6e, 0x64, 0x6f,
		0x77, 0x20, 0x6c, 0x65, 0x66, 0x74, 0x3d, 0x25, 0x64, 0x20, 0x72, 0x69,
		0x67, 0x68, 0x74, 0x3d, 0x25, 0x64, 0x0a, 0x00, 0x5b, 0x55, 0x49, 0x20,
		0x44, 0x4c, 0x59, 0x20, 0x54, 0x52, 0x41, 0x49, 0x4e, 0x5d, 0x20, 0x57,
		0x44, 0x51, 0x20, 0x77, 0x69, 0x6e, 0x64, 0x6f, 0x77, 0x20, 0x69, 0x6e,
		0x76, 0x61, 0x6c, 0x69, 0x64, 0x0a, 0x00, 0x00, 0x5b, 0x55, 0x49, 0x20,
		0x44, 0x4c, 0x59, 0x20, 0x54, 0x52, 0x41, 0x49, 0x4e, 0x5d, 0x20, 0x63,
		0x65, 0x6e, 0x74, 0x65, 0x72, 0x20, 0x77, 0x64, 0x71, 0x3d, 0x25, 0x64,
		0x20, 0x72, 0x64, 0x71, 0x73, 0x3d, 0x25, 0x64, 0x0a, 0x00, 0x00, 0x00,
		0x5b, 0x55, 0x49, 0x20, 0x44, 0x4c, 0x59, 0x20, 0x54, 0x52, 0x41, 0x49,
		0x4e, 0x5d, 0x20, 0x63, 0x65, 0x6e, 0x74, 0x65, 0x72, 0x20, 0x76, 0x65,
		0x72, 0x69, 0x66, 0x79, 0x20, 0x66, 0x61, 0x69, 0x6c, 0x0a, 0x00, 0x00,
		0x5b, 0x55, 0x49, 0x20, 0x44, 0x4c, 0x59, 0x20, 0x54, 0x52, 0x41, 0x49,
		0x4e, 0x5d, 0x20, 0x63, 0x65, 0x6e, 0x74, 0x65, 0x72, 0x20, 0x76, 0x65,
		0x72, 0x69, 0x66, 0x79, 0x20, 0x70, 0x61, 0x73, 0x73, 0x0a, 0x00, 0x00,
		0x5b, 0x55, 0x49, 0x20, 0x44, 0x4c, 0x59, 0x20, 0x53, 0x43, 0x41, 0x4e,
		0x5d, 0x3d, 0x3d, 0x3d, 0x3d, 0x20, 0x52, 0x44, 0x51, 0x53, 0x20, 0x28,
		0x77, 0x64, 0x71, 0x3d, 0x30, 0x29, 0x20, 0x3d, 0x3d, 0x3d, 0x3d, 0x0a,
		0x00, 0x00, 0x00, 0x00, 0x5b, 0x55, 0x49, 0x20, 0x44, 0x4c, 0x59, 0x20,
		0x53, 0x43, 0x41, 0x4e, 0x5d, 0x20, 0x64, 0x65, 0x6c, 0x74, 0x61, 0x3a,
		0x20, 0x72, 0x65, 0x73, 0x75, 0x6c, 0x74, 0x0a, 0x00, 0x00, 0x00, 0x00,
		0x5b, 0x55, 0x49, 0x20, 0x44, 0x4c, 0x59, 0x20, 0x53, 0x43, 0x41, 0x4e,
		0x5d, 0x20, 0x25, 0x34, 0x64, 0x3a, 0x20, 0x25, 0x63, 0x0a, 0x00, 0x00,
		0x5b, 0x55, 0x49, 0x20, 0x44, 0x4c, 0x59, 0x20, 0x53, 0x43, 0x41, 0x4e,
		0x5d, 0x3d, 0x3d, 0x3d, 0x3d, 0x20, 0x57, 0x44, 0x51, 0x20, 0x28, 0x72,
		0x64, 0x71, 0x73, 0x3d, 0x30, 0x29, 0x20, 0x3d, 0x3d, 0x3d, 0x3d, 0x0a,
		0x00, 0x00, 0x00, 0x00, 0x54, 0x32, 0x2e, 0x34, 0x00, 0x00, 0x00, 0x00,
		0x5b, 0x53, 0x4f, 0x46, 0x54, 0x20, 0x54, 0x52, 0x41, 0x49, 0x4e, 0x49,
		0x4e, 0x47, 0x5d, 0x20, 0x56, 0x65, 0x72, 0x73, 0x69, 0x6f, 0x6e, 0x3a,
		0x20, 0x25, 0x73, 0x0a, 0x00, 0x00, 0x00, 0x00, 0x5b, 0x53, 0x4f, 0x46,
		0x54, 0x20, 0x54, 0x52, 0x41, 0x49, 0x4e, 0x49, 0x4e, 0x47, 0x5d, 0x20,
		0x4c, 0x70, 0x73, 0x72, 0x61, 0x6d, 0x20, 0x53, 0x6f, 0x66, 0x74, 0x20,
		0x54, 0x72, 0x61, 0x69, 0x6e, 0x69, 0x6e, 0x67, 0x20, 0x4c, 0x6f, 0x6f,
		0x70, 0x25, 0x64, 0x0a, 0x00, 0x00, 0x00, 0x00, 0x5b, 0x45, 0x52, 0x52,
		0x4f, 0x52, 0x20, 0x53, 0x4f, 0x46, 0x54, 0x20, 0x54, 0x52, 0x41, 0x49,
		0x4e, 0x49, 0x4e, 0x47, 0x5d, 0x20, 0x53, 0x74, 0x61, 0x62, 0x6c, 0x65,
		0x20, 0x6d, 0x65, 0x6d, 0x74, 0x65, 0x73, 0x74, 0x20, 0x66, 0x61, 0x69,
		0x6c, 0x0a, 0x00, 0x00, 0x5b, 0x53, 0x4f, 0x46, 0x54, 0x20, 0x54, 0x52,
		0x41, 0x49, 0x4e, 0x49, 0x4e, 0x47, 0x5d, 0x20, 0x43, 0x4c, 0x4b, 0x3d,
		0x25, 0x64, 0x4d, 0x20, 0x53, 0x74, 0x61, 0x62, 0x6c, 0x65, 0x20, 0x6d,
		0x65, 0x6d, 0x74, 0x65, 0x73, 0x74, 0x20, 0x70, 0x61, 0x73, 0x73, 0x0a,
		0x00, 0x00, 0x00, 0x00, 0x5b, 0x45, 0x52, 0x52, 0x4f, 0x52, 0x20, 0x53,
		0x4f, 0x46, 0x54, 0x20, 0x54, 0x52, 0x41, 0x49, 0x4e, 0x49, 0x4e, 0x47,
		0x5d, 0x20, 0x4c, 0x70, 0x73, 0x72, 0x61, 0x6d, 0x20, 0x53, 0x6f, 0x66,
		0x74, 0x20, 0x54, 0x72, 0x61, 0x69, 0x6e, 0x69, 0x6e, 0x67, 0x20, 0x66,
		0x61, 0x69, 0x6c, 0x0a, 0x00, 0x00, 0x00, 0x00, 0x66, 0x65, 0x73, 0x20,
		0x62, 0x65, 0x67, 0x69, 0x6e, 0x20, 0x63, 0x6f, 0x6d, 0x6d, 0x69, 0x74,
		0x3a, 0x25, 0x73, 0x0a, 0x00, 0x00, 0x00, 0x00, 0x62, 0x65, 0x69, 0x67,
		0x6e, 0x20, 0x74, 0x6f, 0x20, 0x69, 0x6e, 0x69, 0x74, 0x20, 0x64, 0x72,
		0x61, 0x6d, 0x0a, 0x00, 0x69, 0x6e, 0x69, 0x74, 0x20, 0x64, 0x72, 0x61,
		0x6d, 0x20, 0x6f, 0x6b, 0x0a, 0x00, 0x00, 0x00, 0x69, 0x6e, 0x69, 0x74,
		0x20, 0x64, 0x72, 0x61, 0x6d, 0x20, 0x66, 0x61, 0x69, 0x6c, 0x0a, 0x00,
		0x00, 0x00, 0x00, 0x00, 0x00, 0x00, 0x00, 0x00, 0x00, 0x00, 0x00, 0x00,
		0x18, 0x00, 0x00, 0x00, 0x8a, 0x02, 0x00, 0x00, 0x03, 0x14, 0x3a, 0x77,
		0xc0, 0xd3, 0x2c, 0x17, 0x53, 0xd6, 0x76, 0x65, 0xac, 0xd2, 0xe9, 0x27,
		0x75, 0xdb, 0x33, 0x0f, 0x37, 0x19, 0x75, 0x78,
	};
	static const uint8_t f101_s3_payload[] = {
		0x6f, 0x00, 0x80, 0x3c, 0x65, 0x47, 0x4f, 0x4e, 0x2e, 0x42, 0x54, 0x30,
		0x2e, 0xc3, 0x5f, 0x47, 0x80, 0x48, 0x00, 0x00, 0x30, 0x00, 0x00, 0x00,
		0xff, 0xff, 0xff, 0xff, 0x40, 0x83, 0x02, 0x00, 0x00, 0x80, 0x02, 0x00,
		0x00, 0x00, 0x00, 0x00, 0x00, 0x00, 0x33, 0x2e, 0x30, 0x2e, 0x30, 0x00,
		0x00, 0x00, 0x00, 0x00, 0x00, 0x00, 0x00, 0x00, 0xfc, 0x00, 0x00, 0x00,
		0x03, 0x00, 0x00, 0x00, 0xfb, 0xfb, 0x7b, 0x00, 0x00, 0x00, 0x00, 0x00,
		0x10, 0x00, 0x00, 0x00, 0x00, 0x00, 0x00, 0x00, 0x00, 0x00, 0x00, 0x00,
		0x00, 0x00, 0x00, 0x00, 0x00, 0x00, 0x00, 0x00, 0x00, 0x00, 0x00, 0x00,
		0x00, 0x00, 0x00, 0x00, 0x00, 0x00, 0x00, 0x00, 0x00, 0x00, 0x00, 0x00,
		0x00, 0x00, 0x00, 0x00, 0x00, 0x00, 0x00, 0x00, 0x00, 0x00, 0x00, 0x00,
		0x00, 0x00, 0x00, 0x00, 0x00, 0x00, 0x00, 0x00, 0x00, 0x00, 0x00, 0x00,
		0x00, 0x00, 0x00, 0x00, 0x00, 0x00, 0x00, 0x00, 0x00, 0x00, 0x00, 0x00,
		0x00, 0x00, 0x00, 0x00, 0x00, 0x00, 0x00, 0x00, 0x00, 0x00, 0x00, 0x00,
		0x00, 0x00, 0x00, 0x00, 0x00, 0x00, 0x00, 0x00, 0x00, 0x00, 0x00, 0x00,
		0x00, 0x00, 0x00, 0x00, 0x00, 0x00, 0x00, 0x00, 0x00, 0x00, 0x00, 0x00,
		0x00, 0x00, 0x00, 0x00, 0x03, 0x00, 0x00, 0x00, 0x05, 0x08, 0x06, 0x01,
		0xff, 0xff, 0x00, 0x00, 0x05, 0x09, 0x06, 0x01, 0xff, 0xff, 0x00, 0x00,
		0x01, 0x00, 0x00, 0x00, 0x06, 0x00, 0x04, 0xff, 0xff, 0xff, 0x00, 0x00,
		0x06, 0x05, 0x04, 0xff, 0xff, 0xff, 0x00, 0x00, 0x06, 0x03, 0x04, 0xff,
		0xff, 0xff, 0x00, 0x00, 0x06, 0x01, 0x04, 0xff, 0xff, 0xff, 0x00, 0x00,
		0x00, 0x00, 0x00, 0x00, 0x00, 0x00, 0x00, 0x00, 0x06, 0x00, 0x02, 0x01,
		0x02, 0x00, 0x00, 0x00, 0x06, 0x01, 0x02, 0x01, 0x02, 0x00, 0x00, 0x00,
		0x06, 0x02, 0x02, 0x01, 0x02, 0x00, 0x00, 0x00, 0x06, 0x03, 0x02, 0x01,
		0x02, 0x00, 0x00, 0x00, 0x06, 0x04, 0x02, 0x01, 0x02, 0x00, 0x00, 0x00,
		0x06, 0x05, 0x02, 0x01, 0x02, 0x00, 0x00, 0x00, 0x00, 0x00, 0x00, 0x00,
		0x00, 0x00, 0x00, 0x00, 0x00, 0x00, 0x00, 0x00, 0x00, 0x00, 0x00, 0x00,
		0x00, 0x00, 0x00, 0x00, 0x00, 0x00, 0x00, 0x00, 0x00, 0x00, 0x00, 0x00,
		0x00, 0x00, 0x00, 0x00, 0x00, 0x00, 0x00, 0x00, 0x00, 0x00, 0x00, 0x00,
		0x00, 0x00, 0x00, 0x00, 0x00, 0x00, 0x00, 0x00, 0x00, 0x00, 0x00, 0x00,
		0x00, 0x00, 0x00, 0x00, 0x00, 0x00, 0x00, 0x00, 0x00, 0x00, 0x00, 0x00,
		0x00, 0x00, 0x00, 0x00, 0x00, 0x00, 0x00, 0x00, 0x00, 0x00, 0x00, 0x00,
		0x00, 0x00, 0x00, 0x00, 0x00, 0x00, 0x00, 0x00, 0x00, 0x00, 0x00, 0x00,
		0x00, 0x00, 0x00, 0x00, 0x00, 0x00, 0x00, 0x00, 0x00, 0x00, 0x00, 0x00,
		0x00, 0x00, 0x00, 0x00, 0x00, 0x00, 0x00, 0x00, 0x00, 0x00, 0x00, 0x00,
		0x00, 0x00, 0x00, 0x00, 0x00, 0x00, 0x00, 0x00, 0x00, 0x00, 0x00, 0x00,
		0x00, 0x00, 0x00, 0x00, 0x00, 0x00, 0x00, 0x00, 0x00, 0x00, 0x00, 0x00,
		0x00, 0x00, 0x00, 0x00, 0x00, 0x00, 0x00, 0x00, 0x00, 0x00, 0x00, 0x00,
		0x00, 0x00, 0x00, 0x00, 0x00, 0x00, 0x00, 0x00, 0x00, 0x00, 0x00, 0x00,
		0x00, 0x00, 0x00, 0x00, 0x00, 0x00, 0x00, 0x00, 0x00, 0x00, 0x00, 0x00,
		0x00, 0x00, 0x00, 0x00, 0x00, 0x00, 0x00, 0x00, 0x00, 0x00, 0x00, 0x00,
		0x00, 0x00, 0x00, 0x00, 0x00, 0x00, 0x00, 0x00, 0x00, 0x00, 0x00, 0x00,
		0x00, 0x00, 0x00, 0x00, 0x00, 0x00, 0x00, 0x00, 0x00, 0x00, 0x00, 0x00,
		0x00, 0x00, 0x00, 0x00, 0x00, 0x00, 0x00, 0x00, 0x00, 0x00, 0x00, 0x00,
		0x00, 0x00, 0x00, 0x00, 0x00, 0x00, 0x00, 0x00, 0x00, 0x00, 0x00, 0x00,
		0x00, 0x00, 0x00, 0x00, 0x00, 0x00, 0x00, 0x00, 0x00, 0x00, 0x00, 0x00,
		0x00, 0x00, 0x00, 0x00, 0x00, 0x00, 0x00, 0x00, 0x00, 0x00, 0x00, 0x00,
		0x00, 0x00, 0x00, 0x00, 0x00, 0x00, 0x00, 0x00, 0x00, 0x00, 0x00, 0x00,
		0x00, 0x00, 0x00, 0x00, 0x00, 0x00, 0x00, 0x00, 0x00, 0x00, 0x00, 0x00,
		0x00, 0x00, 0x00, 0x00, 0x00, 0x00, 0x00, 0x00, 0x00, 0x00, 0x00, 0x00,
		0x00, 0x00, 0x00, 0x00, 0x00, 0x00, 0x00, 0x00, 0x00, 0x00, 0x00, 0x00,
		0x00, 0x00, 0x00, 0x00, 0x00, 0x00, 0x00, 0x00, 0x00, 0x00, 0x00, 0x00,
		0x00, 0x00, 0x00, 0x00, 0x00, 0x00, 0x00, 0x00, 0x00, 0x00, 0x00, 0x00,
		0x00, 0x00, 0x00, 0x00, 0x00, 0x00, 0x00, 0x00, 0x00, 0x00, 0x00, 0x00,
		0x00, 0x00, 0x00, 0x00, 0x00, 0x00, 0x00, 0x00, 0x00, 0x00, 0x00, 0x00,
		0x00, 0x00, 0x00, 0x00, 0x00, 0x00, 0x00, 0x00, 0x00, 0x00, 0x00, 0x00,
		0x00, 0x00, 0x00, 0x00, 0x00, 0x00, 0x00, 0x00, 0x00, 0x00, 0x00, 0x00,
		0x00, 0x00, 0x00, 0x00, 0x00, 0x00, 0x00, 0x00, 0x00, 0x00, 0x00, 0x00,
		0x00, 0x00, 0x00, 0x00, 0x00, 0x00, 0x00, 0x00, 0x00, 0x00, 0x00, 0x00,
		0x00, 0x00, 0x00, 0x00, 0x00, 0x00, 0x00, 0x00, 0x00, 0x00, 0x00, 0x00,
		0x00, 0x00, 0x00, 0x00, 0x00, 0x00, 0x00, 0x00, 0x00, 0x00, 0x00, 0x00,
		0x00, 0x00, 0x00, 0x00, 0x00, 0x00, 0x00, 0x00, 0x00, 0x00, 0x00, 0x00,
		0x00, 0x00, 0x00, 0x00, 0x00, 0x00, 0x00, 0x00, 0x00, 0x00, 0x00, 0x00,
		0x00, 0x00, 0x00, 0x00, 0x00, 0x00, 0x00, 0x00, 0x00, 0x00, 0x00, 0x00,
		0x00, 0x00, 0x00, 0x00, 0x7b, 0x62, 0x62, 0x30, 0x65, 0x37, 0x39, 0x61,
		0x64, 0x7d, 0x00, 0x00, 0x00, 0x00, 0x00, 0x00, 0x00, 0x00, 0x00, 0x00,
		0x00, 0x00, 0x00, 0x00, 0x00, 0x00, 0x00, 0x00, 0x00, 0x00, 0x00, 0x00,
		0x00, 0x00, 0x00, 0x00, 0x00, 0x00, 0x00, 0x00, 0x00, 0x00, 0x00, 0x00,
		0x00, 0x00, 0x00, 0x00, 0x00, 0x00, 0x00, 0x00, 0x00, 0x00, 0x00, 0x00,
		0x00, 0x00, 0x00, 0x00, 0x00, 0x00, 0x00, 0x00, 0x00, 0x00, 0x00, 0x00,
		0x00, 0x00, 0x00, 0x00, 0x00, 0x00, 0x00, 0x00, 0x00, 0x00, 0x00, 0x00,
		0x00, 0x00, 0x00, 0x00, 0x00, 0x00, 0x00, 0x00, 0x00, 0x00, 0x00, 0x00,
		0x00, 0x00, 0x00, 0x00, 0x00, 0x00, 0x00, 0x00, 0x00, 0x00, 0x00, 0x00,
		0x00, 0x00, 0x00, 0x00, 0x00, 0x00, 0x00, 0x00, 0x00, 0x00, 0x00, 0x00,
		0x00, 0x00, 0x00, 0x00, 0x00, 0x00, 0x00, 0x00, 0x00, 0x00, 0x00, 0x00,
		0x00, 0x00, 0x00, 0x00, 0x00, 0x00, 0x00, 0x00, 0x00, 0x00, 0x00, 0x00,
		0x00, 0x00, 0x00, 0x00, 0x00, 0x00, 0x00, 0x00, 0x00, 0x00, 0x00, 0x00,
		0x00, 0x00, 0x00, 0x00, 0x00, 0x00, 0x00, 0x00, 0x00, 0x00, 0x00, 0x00,
		0x00, 0x00, 0x00, 0x00, 0x00, 0x00, 0x00, 0x00, 0x00, 0x00, 0x00, 0x00,
		0x00, 0x00, 0x00, 0x00, 0x00, 0x00, 0x00, 0x00, 0x00, 0x00, 0x00, 0x00,
		0x00, 0x00, 0x00, 0x00, 0x00, 0x00, 0x00, 0x00, 0x00, 0x00, 0x00, 0x00,
		0x00, 0x00, 0x00, 0x00, 0x00, 0x00, 0x00, 0x00, 0x01, 0x11, 0x22, 0xc4,
		0x26, 0xc8, 0x06, 0xcc, 0x2a, 0x84, 0x01, 0x28, 0xef, 0x30, 0x40, 0x35,
		0xe2, 0x40, 0x22, 0x44, 0xc2, 0x44, 0x05, 0x61, 0x82, 0x80, 0x97, 0x42,
		0x00, 0x00, 0x93, 0x82, 0xe2, 0x49, 0x17, 0x53, 0x00, 0x00, 0x13, 0x03,
		0xe3, 0xe1, 0x23, 0xa0, 0x02, 0x00, 0x91, 0x02, 0xe3, 0xcd, 0x62, 0xfe,
		0x82, 0x80, 0xf3, 0x27, 0x10, 0xc8, 0x73, 0x25, 0x10, 0xc0, 0x73, 0x27,
		0x10, 0xc8, 0xe3, 0x9a, 0xe7, 0xfe, 0x93, 0x07, 0x80, 0x3e, 0x17, 0x47,
		0x00, 0x00, 0x03, 0x27, 0xe7, 0x44, 0xb3, 0x87, 0xe7, 0x02, 0x33, 0x55,
		0xf5, 0x02, 0x82, 0x80, 0x73, 0x27, 0x10, 0xc8, 0xf3, 0x27, 0x10, 0xc0,
		0xf3, 0x26, 0x10, 0xc8, 0xe3, 0x1a, 0xd7, 0xfe, 0x97, 0x46, 0x00, 0x00,
		0x83, 0xa6, 0xc6, 0x42, 0x33, 0x05, 0xd5, 0x02, 0xaa, 0x97, 0x33, 0xb5,
		0xa7, 0x00, 0x3a, 0x95, 0x73, 0x27, 0x10, 0xc8, 0xf3, 0x26, 0x10, 0xc0,
		0x73, 0x26, 0x10, 0xc8, 0xe3, 0x1a, 0xc7, 0xfe, 0x63, 0x66, 0xe5, 0x00,
		0xe3, 0x16, 0xa7, 0xfe, 0xe3, 0xf4, 0xd7, 0xfe, 0x82, 0x80, 0x93, 0x07,
		0x80, 0x3e, 0x33, 0x05, 0xf5, 0x02, 0x5d, 0xbf, 0x0f, 0x10, 0x00, 0x00,
		0x82, 0x80, 0x41, 0x11, 0x06, 0xc6, 0x21, 0x28, 0x17, 0x35, 0x00, 0x00,
		0x13, 0x05, 0x85, 0x59, 0x51, 0x29, 0xb2, 0x40, 0x01, 0x45, 0x41, 0x01,
		0x82, 0x80, 0x01, 0x45, 0x82, 0x80, 0x41, 0x11, 0x4a, 0xc0, 0x17, 0x35,
		0x00, 0x00, 0x13, 0x05, 0x25, 0x59, 0x26, 0xc2, 0x22, 0xc4, 0x06, 0xc6,
		0x95, 0x29, 0x37, 0x05, 0x09, 0x03, 0x13, 0x05, 0x45, 0x1f, 0x85, 0x2b,
		0x1c, 0x41, 0x0f, 0x00, 0xa0, 0x0a, 0x0f, 0x00, 0x50, 0x05, 0xf9, 0x9b,
		0x1c, 0xc1, 0x37, 0x05, 0x00, 0x03, 0x13, 0x05, 0x05, 0x15, 0xa1, 0x2b,
		0x1c, 0x41, 0x0f, 0x00, 0xa0, 0x0a, 0x0f, 0x00, 0x50, 0x05, 0x37, 0x07,
		0x00, 0xe9, 0x7d, 0x17, 0xf9, 0x8f, 0x37, 0x07, 0x00, 0x0a, 0xd9, 0x8f,
		0xb7, 0x14, 0x00, 0x02, 0x1c, 0xc1, 0x9c, 0x40, 0x0f, 0x00, 0xa0, 0x0a,
		0x37, 0x07, 0xc8, 0xff, 0x13, 0x07, 0x07, 0x0f, 0xf9, 0x8f, 0x0f, 0x00,
		0x50, 0x05, 0x09, 0x67, 0x13, 0x07, 0x07, 0x90, 0xd9, 0x8f, 0x29, 0x45,
		0x9c, 0xc0, 0x39, 0x3f, 0x80, 0x40, 0x0f, 0x00, 0xa0, 0x0a, 0x13, 0x14,
		0xd4, 0x49, 0x0f, 0x00, 0x50, 0x05, 0x29, 0x45, 0x80, 0xc0, 0x29, 0x37,
		0x0f, 0x00, 0x50, 0x05, 0x93, 0x17, 0xd4, 0x29, 0x9c, 0xc0, 0x0f, 0x00,
		0xa0, 0x0a, 0x0f, 0x00, 0x50, 0x05, 0xb7, 0x07, 0x00, 0x24, 0x5d, 0x8c,
		0xb7, 0x16, 0x00, 0x02, 0xb7, 0x07, 0x00, 0x04, 0x80, 0xc0, 0x98, 0x42,
		0x0f, 0x00, 0xa0, 0x0a, 0x7d, 0x8f, 0x65, 0xff, 0x37, 0x14, 0x00, 0x02,
		0x37, 0x06, 0x00, 0x10, 0x89, 0x46, 0x1c, 0x40, 0x0f, 0x00, 0xa0, 0x0a,
		0xf1, 0x8f, 0xd1, 0xcb, 0x93, 0x07, 0x17, 0x00, 0x63, 0xf7, 0xf6, 0x08,
		0x51, 0x45, 0x7d, 0x3d, 0xb7, 0x24, 0x00, 0x02, 0x93, 0x84, 0x04, 0xd0,
		0x9c, 0x40, 0x0f, 0x00, 0xa0, 0x0a, 0x0f, 0x00, 0x50, 0x05, 0x93, 0xf7,
		0x07, 0xce, 0x29, 0x45, 0x9c, 0xc0, 0x4d, 0x35, 0x98, 0x40, 0x0f, 0x00,
		0xa0, 0x0a, 0xb7, 0x07, 0x00, 0xf9, 0x13, 0x89, 0xf7, 0xff, 0x33, 0x77,
		0x27, 0x01, 0x0f, 0x00, 0x50, 0x05, 0xb7, 0x07, 0x00, 0x05, 0x5d, 0x8f,
		0x98, 0xc0, 0x29, 0x45, 0x41, 0x35, 0x13, 0x04, 0x04, 0x50, 0x78, 0x40,
		0x0f, 0x00, 0xa0, 0x0a, 0x01, 0x9b, 0x0f, 0x00, 0x50, 0x05, 0x13, 0x67,
		0x17, 0x00, 0x29, 0x45, 0x78, 0xc0, 0x9d, 0x35, 0x7c, 0x40, 0x0f, 0x00,
		0xa0, 0x0a, 0xb3, 0xf7, 0x27, 0x01, 0x0f, 0x00, 0x50, 0x05, 0x37, 0x07,
		0x00, 0x03, 0xd9, 0x8f, 0x29, 0x45, 0x7c, 0xc0, 0xb1, 0x35, 0x22, 0x44,
		0xb2, 0x40, 0x02, 0x49, 0x92, 0x44, 0x17, 0x35, 0x00, 0x00, 0x13, 0x05,
		0x65, 0x45, 0x41, 0x01, 0x35, 0xa6, 0x3e, 0x87, 0x8d, 0xb7, 0xb7, 0x27,
		0x00, 0x02, 0x93, 0x87, 0x07, 0x90, 0xd8, 0x47, 0x0f, 0x00, 0xa0, 0x0a,
		0x13, 0x06, 0x05, 0x01, 0xb3, 0x16, 0xc0, 0x28, 0x33, 0x17, 0xc7, 0x48,
		0x0f, 0x00, 0x50, 0x05, 0xd8, 0xc7, 0x55, 0x8f, 0x0f, 0x00, 0x50, 0x05,
		0xd8, 0xc7, 0x0f, 0x00, 0xa0, 0x0a, 0xb3, 0x16, 0xa0, 0x28, 0x33, 0x17,
		0xa7, 0x48, 0x0f, 0x00, 0x50, 0x05, 0xd8, 0xc7, 0x0f, 0x00, 0x50, 0x05,
		0x55, 0x8f, 0xd8, 0xc7, 0x82, 0x80, 0x81, 0x47, 0x0b, 0xc7, 0xf5, 0x80,
		0x0b, 0x57, 0xf5, 0x00, 0x85, 0x07, 0x7d, 0xfb, 0x82, 0x80, 0x81, 0x47,
		0x98, 0x41, 0x63, 0x78, 0xc7, 0x02, 0x03, 0x47, 0x45, 0x00, 0x5d, 0x8f,
		0x15, 0xc3, 0x25, 0x47, 0x93, 0x06, 0x00, 0x03, 0x63, 0x74, 0xf7, 0x00,
		0x93, 0x06, 0x70, 0x05, 0x18, 0x41, 0xb6, 0x97, 0x13, 0x06, 0x17, 0x00,
		0x10, 0xc1, 0x23, 0x00, 0xf7, 0x00, 0x85, 0x47, 0x23, 0x02, 0xf5, 0x00,
		0x82, 0x80, 0x11, 0x8f, 0x85, 0x07, 0x93, 0xf7, 0xf7, 0x0f, 0x98, 0xc1,
		0xd1, 0xb7, 0x1c, 0x45, 0x13, 0x87, 0x17, 0x00, 0x18, 0xc5, 0x23, 0x80,
		0xb7, 0x00, 0x82, 0x80, 0x2e, 0x85, 0xad, 0xab, 0x1d, 0x71, 0x6e, 0xd6,
		0x6a, 0xd8, 0x66, 0xda, 0x62, 0xdc, 0x5e, 0xde, 0xda, 0xc0, 0xd6, 0xc2,
		0xd2, 0xc4, 0xce, 0xc6, 0xca, 0xc8, 0xa6, 0xca, 0xa2, 0xcc, 0x86, 0xce,
		0xaa, 0x84, 0x2e, 0x84, 0x32, 0x89, 0x13, 0x0b, 0x50, 0x02, 0x93, 0x0b,
		0xd0, 0x02, 0x13, 0x0c, 0x00, 0x03, 0x13, 0x0a, 0x41, 0x01, 0x17, 0x3d,
		0x00, 0x00, 0x13, 0x0d, 0x6d, 0x10, 0x93, 0x0a, 0x51, 0x01, 0xa2, 0x8c,
		0x8b, 0xc9, 0x1c, 0x98, 0x63, 0x92, 0x09, 0x02, 0xd6, 0x44, 0x66, 0x44,
		0xf6, 0x40, 0xb2, 0x5d, 0x42, 0x5d, 0xd2, 0x5c, 0x62, 0x5c, 0xf2, 0x5b,
		0x06, 0x4b, 0x96, 0x4a, 0x26, 0x4a, 0xb6, 0x49, 0x46, 0x49, 0x01, 0x45,
		0x25, 0x61, 0x82, 0x80, 0x63, 0x8f, 0x69, 0x01, 0xa9, 0x47, 0x63, 0x96,
		0xf9, 0x00, 0xdc, 0x44, 0xb5, 0x45, 0x26, 0x85, 0x82, 0x97, 0xdc, 0x44,
		0xce, 0x85, 0x26, 0x85, 0x66, 0x84, 0x82, 0x97, 0x6d, 0xbf, 0x83, 0x47,
		0x14, 0x00, 0x63, 0x86, 0x77, 0x07, 0x09, 0x04, 0x81, 0x4c, 0x63, 0x95,
		0x87, 0x01, 0x8b, 0x47, 0x14, 0x98, 0x85, 0x4c, 0x13, 0x87, 0x07, 0xfd,
		0x13, 0x77, 0xf7, 0x0f, 0xa5, 0x46, 0x81, 0x4d, 0x63, 0xef, 0xe6, 0x00,
		0x29, 0x46, 0x8b, 0x97, 0xcd, 0x20, 0x93, 0x8d, 0x07, 0xfd, 0x8b, 0x47,
		0x14, 0x98, 0x13, 0x87, 0x07, 0xfd, 0x13, 0x77, 0xf7, 0x0f, 0xe3, 0xf6,
		0xe6, 0xfe, 0x93, 0x06, 0xc0, 0x06, 0x63, 0x94, 0xd7, 0x00, 0x8b, 0x47,
		0x14, 0x98, 0x23, 0x82, 0x04, 0x00, 0x93, 0x06, 0x00, 0x07, 0x23, 0xa0,
		0x44, 0x01, 0x63, 0x82, 0xd7, 0x14, 0x63, 0xe3, 0xf6, 0x06, 0x63, 0x89,
		0x67, 0x15, 0x63, 0x6a, 0xfb, 0x00, 0xe3, 0x8d, 0x07, 0xf4, 0xd2, 0x89,
		0x85, 0xa8, 0x83, 0x47, 0x24, 0x00, 0x0d, 0x04, 0x51, 0xbf, 0x93, 0x06,
		0x30, 0x06, 0x63, 0x89, 0xd7, 0x10, 0x93, 0x06, 0x40, 0x06, 0xe3, 0x94,
		0xd7, 0xfe, 0x03, 0x27, 0x09, 0x00, 0x13, 0x06, 0x40, 0x06, 0x3a, 0xc8,
		0x93, 0x06, 0x49, 0x00, 0x63, 0x88, 0xc7, 0x08, 0xc2, 0x47, 0xd9, 0xcf,
		0x37, 0xd9, 0x9a, 0x3b, 0xa9, 0x49, 0x13, 0x09, 0x09, 0xa0, 0x4a, 0x86,
		0x0c, 0x08, 0x26, 0x85, 0x36, 0xc6, 0xa5, 0x3d, 0xa9, 0x47, 0x33, 0x59,
		0xf9, 0x02, 0xb2, 0x46, 0xfd, 0x19, 0xe3, 0x96, 0x09, 0xfe, 0x71, 0xa0,
		0x93, 0x06, 0x50, 0x07, 0xe3, 0x81, 0xd7, 0xfc, 0x93, 0x06, 0x80, 0x07,
		0x63, 0x81, 0xd7, 0x08, 0x13, 0x07, 0x30, 0x07, 0xe3, 0x9b, 0xe7, 0xf8,
		0x8b, 0x49, 0x49, 0x58, 0x9c, 0x40, 0x23, 0x80, 0x07, 0x00, 0x23, 0xa0,
		0x34, 0x01, 0x9c, 0x40, 0x13, 0x87, 0x17, 0x00, 0x98, 0xc0, 0x83, 0xc7,
		0x07, 0x00, 0x99, 0xc3, 0x63, 0x93, 0x0d, 0x0c, 0x93, 0x05, 0x00, 0x02,
		0x63, 0x84, 0x0c, 0x00, 0x93, 0x05, 0x00, 0x03, 0x93, 0xfc, 0xf5, 0x0f,
		0xfd, 0x57, 0xfd, 0x1d, 0x63, 0x99, 0xfd, 0x0a, 0xe3, 0x83, 0x09, 0xea,
		0x8b, 0xc5, 0x19, 0x98, 0xe3, 0x8f, 0x05, 0xe8, 0xdc, 0x44, 0x26, 0x85,
		0x82, 0x97, 0xcd, 0xbf, 0xe3, 0x5a, 0x07, 0xf6, 0x33, 0x07, 0xe0, 0x40,
		0x23, 0x0a, 0x71, 0x01, 0x3a, 0xc8, 0x23, 0xa0, 0x54, 0x01, 0x9d, 0xb7,
		0x9c, 0x40, 0x13, 0x87, 0x17, 0x00, 0x98, 0xc0, 0x23, 0x80, 0x87, 0x01,
		0x85, 0x47, 0x23, 0x82, 0xf4, 0x00, 0x36, 0x89, 0x39, 0xbf, 0x03, 0x27,
		0x09, 0x00, 0x3a, 0xc8, 0x42, 0x47, 0x93, 0x07, 0x49, 0x00, 0x11, 0xeb,
		0x05, 0x47, 0x23, 0x0a, 0x81, 0x01, 0x23, 0x82, 0xe4, 0x00, 0x23, 0xa0,
		0x54, 0x01, 0x3e, 0x89, 0xfd, 0xbd, 0x21, 0x49, 0xb7, 0x09, 0x00, 0x10,
		0x4e, 0x86, 0x0c, 0x08, 0x26, 0x85, 0x3e, 0xc6, 0x6d, 0x33, 0xb2, 0x47,
		0x93, 0xd9, 0x49, 0x00, 0x7d, 0x19, 0xe3, 0x17, 0x09, 0xfe, 0xc5, 0xb7,
		0x8b, 0x47, 0x49, 0x98, 0x23, 0x0a, 0xf1, 0x00, 0x23, 0xa0, 0x54, 0x01,
		0xc9, 0xbd, 0x11, 0x09, 0x22, 0x87, 0x83, 0x47, 0x07, 0x00, 0x3a, 0x84,
		0x05, 0x07, 0x8b, 0x47, 0xfd, 0x80, 0x9d, 0x8b, 0xed, 0xfb, 0x75, 0xbd,
		0x23, 0x0a, 0x61, 0x01, 0x23, 0xa0, 0x54, 0x01, 0x4d, 0xbd, 0xfd, 0x1d,
		0x2d, 0xb7, 0xd8, 0x44, 0xe6, 0x85, 0x26, 0x85, 0x02, 0x97, 0x89, 0xb7,
		0x5d, 0x71, 0x06, 0xd6, 0x32, 0xdc, 0x36, 0xde, 0xba, 0xc0, 0xbe, 0xc2,
		0x2a, 0xcc, 0x30, 0x18, 0x97, 0x07, 0x00, 0x00, 0x93, 0x87, 0xe7, 0xd8,
		0x08, 0x08, 0x3e, 0xce, 0xc2, 0xc4, 0xc6, 0xc6, 0x32, 0xc6, 0x79, 0x33,
		0xe2, 0x47, 0x23, 0x80, 0x07, 0x00, 0xb2, 0x50, 0x61, 0x61, 0x82, 0x80,
		0x1d, 0x71, 0x4e, 0xd6, 0x4a, 0xd8, 0x26, 0xda, 0x22, 0xdc, 0x06, 0xde,
		0xae, 0xc2, 0xb2, 0xc4, 0xb6, 0xc6, 0xba, 0xc8, 0xbe, 0xca, 0xc2, 0xcc,
		0xc6, 0xce, 0x2a, 0x89, 0x44, 0x00, 0xe1, 0x34, 0x2a, 0x86, 0x97, 0x35,
		0x00, 0x00, 0x93, 0x85, 0xe5, 0x10, 0x26, 0x85, 0x55, 0x37, 0x01, 0x44,
		0xb1, 0x49, 0x0b, 0xc5, 0x84, 0x80, 0x09, 0xc5, 0xc1, 0x24, 0x05, 0x04,
		0xe3, 0x1b, 0x34, 0xff, 0xd0, 0x00, 0x97, 0x07, 0x00, 0x00, 0x93, 0x87,
		0xa7, 0xd3, 0xca, 0x85, 0x08, 0x08, 0x32, 0xc0, 0x3e, 0xce, 0x3d, 0x33,
		0xd2, 0x54, 0x62, 0x54, 0xf2, 0x50, 0xb2, 0x59, 0x42, 0x59, 0x25, 0x61,
		0x82, 0x80, 0x89, 0x81, 0x0a, 0x06, 0x01, 0x47, 0x0d, 0x48, 0x8b, 0x47,
		0x15, 0xe1, 0x91, 0x8d, 0xc6, 0x97, 0x83, 0x28, 0x85, 0x00, 0xc6, 0x97,
		0x41, 0x05, 0x83, 0x28, 0xc5, 0xff, 0xc6, 0x97, 0x3e, 0x97, 0xe3, 0x44,
		0xb8, 0xfe, 0x81, 0x47, 0x33, 0x86, 0xf5, 0x40, 0x63, 0x49, 0xc0, 0x00,
		0x37, 0x75, 0x0a, 0x5f, 0x13, 0x05, 0x95, 0xc3, 0x15, 0x8d, 0x3a, 0x95,
		0x82, 0x80, 0x0b, 0x46, 0xf5, 0x44, 0x85, 0x07, 0x32, 0x97, 0xcd, 0xb7,
		0x01, 0x45, 0x82, 0x80, 0x17, 0xf5, 0xff, 0xff, 0x13, 0x05, 0x45, 0x67,
		0x82, 0x80, 0x17, 0x45, 0x00, 0x00, 0x13, 0x05, 0x25, 0x33, 0x82, 0x80,
		0x01, 0x45, 0x82, 0x80, 0x41, 0x11, 0x22, 0xc4, 0x17, 0x44, 0x00, 0x00,
		0x13, 0x04, 0x04, 0xf2, 0x1c, 0x4c, 0x13, 0x06, 0x00, 0x08, 0x97, 0xf5,
		0xff, 0xff, 0x93, 0x85, 0xa5, 0x64, 0x93, 0xe7, 0x17, 0x00, 0x17, 0x45,
		0x00, 0x00, 0x13, 0x05, 0x65, 0x30, 0x06, 0xc6, 0x1c, 0xcc, 0x45, 0x20,
		0x22, 0x85, 0x97, 0x35, 0x00, 0x00, 0x93, 0x85, 0xe5, 0x25, 0x15, 0x31,
		0x22, 0x44, 0xb2, 0x40, 0x01, 0x45, 0x41, 0x01, 0x82, 0x80, 0x82, 0x80,
		0xaa, 0x87, 0x13, 0xf8, 0x37, 0x00, 0x63, 0x1c, 0x08, 0x04, 0x0d, 0x47,
		0x63, 0x76, 0xc7, 0x04, 0x93, 0xf6, 0xf5, 0x0f, 0x13, 0x97, 0x86, 0x00,
		0xd9, 0x8e, 0x13, 0x97, 0x06, 0x01, 0x55, 0x8f, 0x33, 0x8e, 0xc7, 0x00,
		0xbe, 0x86, 0xbd, 0x48, 0x33, 0x03, 0xde, 0x40, 0x63, 0xee, 0x68, 0x02,
		0x93, 0x56, 0x46, 0x00, 0xc1, 0x58, 0x0b, 0x96, 0x16, 0x21, 0x92, 0x06,
		0xb6, 0x97, 0x8d, 0x48, 0x81, 0x46, 0x33, 0x03, 0xd6, 0x40, 0x63, 0xe8,
		0x68, 0x02, 0x13, 0x57, 0x26, 0x00, 0xf1, 0x56, 0x0b, 0x16, 0xd7, 0x20,
		0x8b, 0x97, 0xe7, 0x04, 0x63, 0x13, 0x06, 0x03, 0x82, 0x80, 0x7d, 0xde,
		0x8b, 0xd5, 0x17, 0x18, 0x7d, 0x16, 0x71, 0xbf, 0x0b, 0xd7, 0xe6, 0xe0,
		0x98, 0xc6, 0xc1, 0x06, 0x23, 0xae, 0xe6, 0xfe, 0x55, 0xbf, 0x0b, 0xd7,
		0xd7, 0x40, 0x91, 0x06, 0xd9, 0xb7, 0x8b, 0xd5, 0x07, 0x01, 0x05, 0x08,
		0xd1, 0xbf, 0x3d, 0x47, 0xaa, 0x87, 0x63, 0x76, 0xc7, 0x00, 0x33, 0xe7,
		0xa5, 0x00, 0x0d, 0x8b, 0x09, 0xc7, 0x01, 0x47, 0x63, 0x19, 0xe6, 0x06,
		0x82, 0x80, 0xae, 0x86, 0x33, 0x03, 0xc5, 0x00, 0x3d, 0x48, 0x83, 0xa8,
		0x06, 0x00, 0x23, 0xa0, 0x17, 0x01, 0x83, 0xa8, 0x46, 0x00, 0x23, 0xa2,
		0x17, 0x01, 0x83, 0xa8, 0x86, 0x00, 0xc1, 0x06, 0x23, 0xa4, 0x17, 0x01,
		0xc1, 0x07, 0x83, 0xa8, 0xc6, 0xff, 0x23, 0xae, 0x17, 0xff, 0xb3, 0x08,
		0xf3, 0x40, 0xe3, 0x6c, 0x18, 0xfd, 0x93, 0x07, 0x06, 0xff, 0xc1, 0x9b,
		0xc1, 0x07, 0xbe, 0x95, 0x3d, 0x8a, 0xaa, 0x97, 0x8d, 0x46, 0x33, 0x08,
		0xe6, 0x40, 0x63, 0xec, 0x06, 0x01, 0x13, 0x57, 0x26, 0x00, 0xf1, 0x56,
		0x0b, 0x16, 0xd7, 0x20, 0x8b, 0x97, 0xe7, 0x04, 0x8b, 0x95, 0xe5, 0x04,
		0x69, 0xbf, 0x0b, 0xc8, 0xe5, 0x40, 0x0b, 0xd8, 0xe7, 0x40, 0x11, 0x07,
		0xe9, 0xbf, 0x8b, 0xc6, 0xe5, 0x80, 0x8b, 0xd6, 0xe7, 0x00, 0x05, 0x07,
		0x51, 0xb7, 0x41, 0x11, 0x4a, 0xc0, 0x26, 0xc2, 0x22, 0xc4, 0x85, 0x64,
		0x17, 0x44, 0x00, 0x00, 0x13, 0x04, 0x04, 0xdc, 0x54, 0x44, 0x2a, 0x89,
		0x93, 0x85, 0x04, 0x80, 0x05, 0x46, 0x22, 0x85, 0x06, 0xc6, 0x15, 0x35,
		0x13, 0x86, 0x04, 0x80, 0x48, 0xc4, 0xa2, 0x85, 0x4a, 0x85, 0x91, 0x37,
		0x22, 0x44, 0xb2, 0x40, 0x02, 0x49, 0x92, 0x44, 0x01, 0x45, 0x41, 0x01,
		0x82, 0x80, 0x79, 0x71, 0x32, 0xc6, 0x4a, 0xd0, 0x26, 0xd2, 0xaa, 0x84,
		0x37, 0x05, 0x50, 0x02, 0x52, 0xcc, 0x4e, 0xce, 0x22, 0xd4, 0x06, 0xd6,
		0xae, 0x89, 0x36, 0x8a, 0x49, 0x3d, 0x32, 0x46, 0x2a, 0x89, 0x7d, 0x16,
		0x13, 0x76, 0xf6, 0x0f, 0x99, 0x47, 0x63, 0xe7, 0xc7, 0x06, 0x97, 0x37,
		0x00, 0x00, 0x93, 0x87, 0x27, 0xd5, 0x0b, 0xc4, 0xc7, 0x44, 0x26, 0x85,
		0x99, 0x34, 0x05, 0x46, 0xd2, 0x85, 0x4e, 0x85, 0x85, 0x28, 0xaa, 0x04,
		0xb3, 0x07, 0x99, 0x00, 0x17, 0x47, 0x00, 0x00, 0x23, 0x22, 0xf7, 0x54,
		0x0d, 0x46, 0x62, 0x4a, 0xf2, 0x49, 0x37, 0xc7, 0x2d, 0x00, 0x13, 0x07,
		0x07, 0x6c, 0x22, 0x97, 0x0e, 0x07, 0x12, 0x04, 0x33, 0x57, 0x87, 0x02,
		0x22, 0x54, 0xb2, 0x50, 0x90, 0xcb, 0xd4, 0x47, 0x93, 0xe6, 0x06, 0x08,
		0xd4, 0xc7, 0x23, 0xa2, 0x07, 0x00, 0x0b, 0x57, 0x99, 0x40, 0x02, 0x59,
		0x92, 0x54, 0xd8, 0x47, 0x13, 0x77, 0xf7, 0xf7, 0xd8, 0xc7, 0xd0, 0xc7,
		0x1d, 0x47, 0x98, 0xc7, 0x45, 0x61, 0x82, 0x80, 0x71, 0x64, 0x13, 0x04,
		0x04, 0x20, 0x71, 0xbf, 0x17, 0x47, 0x00, 0x00, 0x03, 0x27, 0x07, 0x4f,
		0x5c, 0x4b, 0x93, 0xf7, 0x07, 0x04, 0xed, 0xdf, 0x08, 0xc3, 0x82, 0x80,
		0x01, 0x4e, 0x63, 0x14, 0xbe, 0x00, 0x7d, 0x55, 0x82, 0x80, 0x8b, 0x43,
		0xc5, 0x87, 0x8b, 0x1f, 0xc5, 0x07, 0x05, 0x0e, 0xe3, 0x87, 0x03, 0xfe,
		0x93, 0x07, 0x00, 0x03, 0x39, 0x71, 0x6e, 0xc8, 0x6a, 0xca, 0x66, 0xcc,
		0x62, 0xce, 0x5e, 0xd0, 0x5a, 0xd2, 0x56, 0xd4, 0x52, 0xd6, 0x4e, 0xd8,
		0x4a, 0xda, 0x26, 0xdc, 0x22, 0xde, 0x83, 0xc2, 0x1f, 0x00, 0xb3, 0x87,
		0xf3, 0x02, 0xad, 0x46, 0x13, 0xd4, 0x32, 0x00, 0x93, 0xd9, 0x42, 0x00,
		0x0b, 0x97, 0x87, 0x04, 0x93, 0x98, 0x29, 0x00, 0x37, 0x08, 0x00, 0x02,
		0x63, 0xe3, 0x76, 0x12, 0x13, 0x03, 0x48, 0xff, 0x3e, 0x93, 0x93, 0x06,
		0x08, 0xfd, 0x9a, 0x98, 0x13, 0x03, 0x48, 0xfe, 0xba, 0x96, 0x01, 0x18,
		0x1a, 0x97, 0x03, 0xaa, 0x06, 0x00, 0xc2, 0x97, 0x0f, 0x00, 0xa0, 0x0a,
		0x03, 0xaf, 0x08, 0x00, 0x0f, 0x00, 0xa0, 0x0a, 0x83, 0x2e, 0x07, 0x00,
		0x0f, 0x00, 0xa0, 0x0a, 0x03, 0xa3, 0x07, 0x00, 0x0f, 0x00, 0xa0, 0x0a,
		0x13, 0xf9, 0x72, 0x00, 0x0a, 0x09, 0x3d, 0x48, 0x33, 0x18, 0x28, 0x01,
		0x33, 0x78, 0x0a, 0x41, 0x01, 0xca, 0x83, 0xc4, 0x2f, 0x00, 0xbd, 0x88,
		0xb3, 0x94, 0x24, 0x01, 0x33, 0x68, 0x98, 0x00, 0x83, 0x84, 0x3f, 0x00,
		0x63, 0xc0, 0x04, 0x02, 0x93, 0xfa, 0xf2, 0x00, 0x86, 0x0a, 0x0d, 0x4a,
		0x33, 0x1a, 0x5a, 0x01, 0x33, 0x7a, 0x4f, 0x41, 0x13, 0xff, 0x34, 0x00,
		0x33, 0x1f, 0x5f, 0x01, 0x33, 0x6f, 0x4f, 0x01, 0x83, 0x84, 0x4f, 0x00,
		0x63, 0xcd, 0x04, 0x00, 0x0d, 0x4a, 0x33, 0x1a, 0x2a, 0x01, 0x33, 0xfa,
		0x4e, 0x41, 0x93, 0xfe, 0x34, 0x00, 0xb3, 0x9e, 0x2e, 0x01, 0xb3, 0xee,
		0x4e, 0x01, 0x03, 0x8a, 0x2f, 0x00, 0x05, 0x49, 0x81, 0x44, 0x63, 0x1f,
		0x2a, 0x01, 0x83, 0x8f, 0x5f, 0x00, 0x63, 0xcb, 0x0f, 0x00, 0x93, 0xff,
		0x1f, 0x00, 0x33, 0x13, 0x53, 0x48, 0xb3, 0x9f, 0x5f, 0x00, 0x33, 0xe3,
		0x6f, 0x00, 0x85, 0x44, 0xb7, 0x0f, 0x00, 0x02, 0x93, 0x8b, 0x0f, 0xdc,
		0x13, 0x8c, 0x0f, 0xfd, 0x93, 0x8c, 0x4f, 0xfe, 0x81, 0x1f, 0x0b, 0x15,
		0xc5, 0x07, 0x93, 0x0d, 0x00, 0x03, 0x0d, 0x4d, 0x7e, 0xc6, 0x63, 0x6f,
		0xbe, 0x04, 0x0f, 0x00, 0x50, 0x05, 0x23, 0xa0, 0x06, 0x01, 0x0f, 0x00,
		0x50, 0x05, 0x23, 0xa0, 0xe8, 0x01, 0x0f, 0x00, 0x50, 0x05, 0x23, 0x20,
		0xd7, 0x01, 0x89, 0xc4, 0x0f, 0x00, 0x50, 0x05, 0x23, 0xa0, 0x67, 0x00,
		0xe2, 0x54, 0x72, 0x54, 0xc2, 0x4d, 0x52, 0x4d, 0xe2, 0x4c, 0x72, 0x4c,
		0x82, 0x5b, 0x12, 0x5b, 0xa2, 0x5a, 0x32, 0x5a, 0xc2, 0x59, 0x52, 0x59,
		0x01, 0x45, 0x21, 0x61, 0x82, 0x80, 0x13, 0x03, 0x48, 0xde, 0x3e, 0x93,
		0x93, 0x06, 0x08, 0xdc, 0x9a, 0x98, 0x13, 0x03, 0x48, 0xdd, 0xba, 0x96,
		0x13, 0x08, 0x08, 0xdd, 0x1a, 0x97, 0xf1, 0xbd, 0x83, 0x4f, 0x05, 0x00,
		0x83, 0x42, 0x15, 0x00, 0xe3, 0x8f, 0x0f, 0xf8, 0x13, 0xda, 0x42, 0x00,
		0x13, 0xd9, 0x32, 0x00, 0x63, 0x94, 0x49, 0x01, 0x63, 0x8d, 0xf3, 0x11,
		0x0f, 0x00, 0x50, 0x05, 0x23, 0xa0, 0x06, 0x01, 0x0f, 0x00, 0x50, 0x05,
		0x23, 0xa0, 0xe8, 0x01, 0x0f, 0x00, 0x50, 0x05, 0x23, 0x20, 0xd7, 0x01,
		0x89, 0xc4, 0x0f, 0x00, 0x50, 0x05, 0x23, 0xa0, 0x67, 0x00, 0xb3, 0x87,
		0xbf, 0x03, 0x93, 0x18, 0x2a, 0x00, 0x0b, 0x97, 0x27, 0x05, 0xad, 0x46,
		0x63, 0xe4, 0xf6, 0x0d, 0x37, 0x04, 0x00, 0x02, 0x51, 0x14, 0x33, 0x88,
		0x87, 0x00, 0x32, 0x44, 0xb3, 0x06, 0x87, 0x01, 0xc2, 0x98, 0x66, 0x97,
		0xa2, 0x97, 0x03, 0xa8, 0x06, 0x00, 0x0f, 0x00, 0xa0, 0x0a, 0x03, 0xaf,
		0x08, 0x00, 0x0f, 0x00, 0xa0, 0x0a, 0x83, 0x2e, 0x07, 0x00, 0x0f, 0x00,
		0xa0, 0x0a, 0x03, 0xa3, 0x07, 0x00, 0x0f, 0x00, 0xa0, 0x0a, 0x81, 0x44,
		0x93, 0xf3, 0x72, 0x00, 0x83, 0x0a, 0x25, 0x00, 0x8a, 0x03, 0x63, 0xce,
		0x0a, 0x00, 0x3d, 0x44, 0x33, 0x14, 0x74, 0x00, 0x33, 0x78, 0x88, 0x40,
		0x19, 0xc6, 0x13, 0xf4, 0xfa, 0x00, 0x33, 0x14, 0x74, 0x00, 0x33, 0x68,
		0x88, 0x00, 0x03, 0x04, 0x35, 0x00, 0x63, 0x4e, 0x04, 0x00, 0x93, 0xf9,
		0xf2, 0x00, 0x86, 0x09, 0x33, 0x1b, 0x3d, 0x01, 0x0d, 0x88, 0x33, 0x7f,
		0x6f, 0x41, 0x33, 0x14, 0x34, 0x01, 0x33, 0x6f, 0xe4, 0x01, 0x03, 0x04,
		0x45, 0x00, 0x63, 0x4b, 0x04, 0x00, 0xb3, 0x19, 0x7d, 0x00, 0x0d, 0x88,
		0xb3, 0xfe, 0x3e, 0x41, 0x33, 0x14, 0x74, 0x00, 0xb3, 0x6e, 0xd4, 0x01,
		0x05, 0x44, 0x63, 0x9f, 0x8a, 0x00, 0x83, 0x03, 0x55, 0x00, 0x63, 0xcb,
		0x03, 0x00, 0x93, 0xf3, 0x13, 0x00, 0x33, 0x13, 0x53, 0x48, 0xb3, 0x93,
		0x53, 0x00, 0x33, 0xe3, 0x63, 0x00, 0x85, 0x44, 0x05, 0x0e, 0x21, 0x05,
		0xd2, 0x89, 0x4a, 0x84, 0xfe, 0x83, 0x41, 0xbd, 0x37, 0x04, 0x00, 0x02,
		0x93, 0x04, 0x44, 0xde, 0x33, 0x88, 0x97, 0x00, 0x93, 0x04, 0x44, 0xdd,
		0xb3, 0x06, 0x77, 0x01, 0xc2, 0x98, 0x26, 0x97, 0x13, 0x04, 0x04, 0xdd,
		0x15, 0xbf, 0xe3, 0x0b, 0x24, 0xf5, 0x0f, 0x00, 0x50, 0x05, 0x23, 0xa0,
		0x06, 0x01, 0xb3, 0x83, 0xbf, 0x03, 0x13, 0x14, 0x29, 0x00, 0xad, 0x46,
		0x63, 0xe5, 0xf6, 0x03, 0xb3, 0x86, 0x83, 0x01, 0xa2, 0x96, 0x03, 0xa8,
		0x06, 0x00, 0x0f, 0x00, 0xa0, 0x0a, 0x0f, 0x00, 0x50, 0x05, 0xe6, 0x93,
		0x23, 0x20, 0xd7, 0x01, 0x8b, 0xce, 0x23, 0x45, 0x33, 0x87, 0x83, 0x00,
		0x0f, 0x00, 0xa0, 0x0a, 0x21, 0xbf, 0xb3, 0x86, 0x73, 0x01, 0xe9, 0xbf,
		0x01, 0x11, 0x2e, 0xc6, 0x22, 0xcc, 0x06, 0xce, 0x2a, 0x84, 0x37, 0x05,
		0x09, 0x03, 0x13, 0x05, 0x05, 0x10, 0xf1, 0x3c, 0x0f, 0x00, 0x50, 0x05,
		0xb2, 0x45, 0xf2, 0x40, 0x8b, 0x55, 0x85, 0x44, 0x62, 0x44, 0x05, 0x61,
		0x82, 0x80, 0x41, 0x11, 0x22, 0xc4, 0x2a, 0x84, 0x37, 0x05, 0x09, 0x03,
		0x13, 0x05, 0x05, 0x10, 0x06, 0xc6, 0x65, 0x3c, 0x0b, 0x45, 0x85, 0x44,
		0x0f, 0x00, 0xa0, 0x0a, 0x22, 0x44, 0xb2, 0x40, 0x41, 0x01, 0x82, 0x80,
		0x41, 0x11, 0x22, 0xc4, 0x06, 0xc6, 0x2a, 0x84, 0x22, 0x85, 0x81, 0x45,
		0x75, 0x37, 0xef, 0xf0, 0xaf, 0xce, 0x22, 0x85, 0xe9, 0x37, 0x6d, 0xf9,
		0x22, 0x44, 0xb2, 0x40, 0x41, 0x01, 0x82, 0x80, 0x41, 0x11, 0x4a, 0xc0,
		0x26, 0xc2, 0x22, 0xc4, 0x06, 0xc6, 0x01, 0x44, 0x17, 0x39, 0x00, 0x00,
		0x13, 0x09, 0x09, 0xdb, 0xa1, 0x44, 0x22, 0x85, 0x5d, 0x37, 0x2a, 0x86,
		0x01, 0xc5, 0xa2, 0x85, 0x4a, 0x85, 0xb9, 0x3a, 0x05, 0x04, 0xe3, 0x18,
		0x94, 0xfe, 0x09, 0x45, 0x49, 0x3f, 0xb7, 0xa7, 0xa5, 0x5a, 0x93, 0x87,
		0xa7, 0x55, 0x63, 0x1f, 0xf5, 0x00, 0x17, 0x35, 0x00, 0x00, 0x13, 0x05,
		0xa5, 0xd9, 0x3d, 0x3a, 0x85, 0x47, 0x22, 0x44, 0xb2, 0x40, 0x02, 0x49,
		0x92, 0x44, 0x3e, 0x85, 0x41, 0x01, 0x82, 0x80, 0x37, 0x64, 0xa5, 0x5a,
		0x13, 0x07, 0x54, 0xaa, 0x81, 0x47, 0xe3, 0x14, 0xe5, 0xfe, 0x93, 0x05,
		0x64, 0xaa, 0x09, 0x45, 0x05, 0x3f, 0x13, 0x04, 0x74, 0xaa, 0x13, 0x05,
		0x60, 0x09, 0xef, 0xf0, 0xcf, 0xc5, 0x09, 0x45, 0x99, 0x37, 0xe3, 0x1a,
		0x85, 0xfe, 0x17, 0x35, 0x00, 0x00, 0x13, 0x05, 0x65, 0xd6, 0x75, 0xbf,
		0x09, 0x45, 0x99, 0xbf, 0x81, 0x47, 0x17, 0x37, 0x00, 0x00, 0x13, 0x07,
		0x67, 0x8e, 0xa1, 0x46, 0x0b, 0x46, 0xf7, 0x46, 0x63, 0x16, 0xa6, 0x00,
		0x8b, 0x17, 0xf7, 0x06, 0xc8, 0x43, 0x82, 0x80, 0x85, 0x07, 0xe3, 0x97,
		0xd7, 0xfe, 0x17, 0x35, 0x00, 0x00, 0x13, 0x05, 0x25, 0xd5, 0x82, 0x80,
		0xb7, 0x07, 0x09, 0x03, 0x37, 0x07, 0x00, 0x80, 0x23, 0xa8, 0xe7, 0x30,
		0x05, 0x47, 0x23, 0xa2, 0xe7, 0x20, 0x82, 0x80, 0x41, 0x11, 0x22, 0xc4,
		0x06, 0xc6, 0x13, 0x54, 0x25, 0x00, 0xcd, 0x37, 0xb7, 0x66, 0x00, 0x03,
		0xc0, 0xc2, 0x98, 0x42, 0xc1, 0x67, 0xf1, 0x17, 0x7d, 0x8f, 0xb7, 0x07,
		0xbf, 0xad, 0x89, 0x07, 0xd9, 0x8f, 0x9c, 0xc2, 0xb7, 0x67, 0x00, 0x03,
		0x94, 0x43, 0x89, 0x8a, 0xf5, 0xfe, 0x22, 0x44, 0xb2, 0x40, 0x98, 0xc3,
		0xc8, 0x47, 0x41, 0x01, 0x82, 0x80, 0x41, 0x11, 0x22, 0xc4, 0x01, 0x45,
		0x06, 0xc6, 0x7d, 0x3f, 0x0b, 0x34, 0x05, 0x3c, 0x71, 0x45, 0x5d, 0x3f,
		0x91, 0x67, 0x13, 0x87, 0x07, 0x10, 0x93, 0x55, 0xa5, 0x01, 0x63, 0x0c,
		0xe4, 0x00, 0x93, 0x87, 0x07, 0x30, 0x63, 0x0b, 0xf4, 0x02, 0xa2, 0x85,
		0x17, 0x35, 0x00, 0x00, 0x13, 0x05, 0x85, 0xd3, 0x29, 0xa8, 0x99, 0x47,
		0x05, 0x45, 0x63, 0x8d, 0xf5, 0x00, 0x9d, 0x47, 0x15, 0x45, 0x63, 0x89,
		0xf5, 0x00, 0x17, 0x35, 0x00, 0x00, 0x13, 0x05, 0xe5, 0xcb, 0xef, 0xf0,
		0xff, 0x82, 0x01, 0x45, 0x22, 0x44, 0xb2, 0x40, 0x41, 0x01, 0x82, 0x80,
		0x91, 0x47, 0x1d, 0x45, 0xe3, 0x8a, 0xf5, 0xfe, 0x93, 0x87, 0xd5, 0xff,
		0xf5, 0x9b, 0x0d, 0x45, 0xe5, 0xd7, 0x17, 0x35, 0x00, 0x00, 0x13, 0x05,
		0x65, 0xcc, 0xe1, 0xbf, 0x69, 0xc9, 0x18, 0x49, 0x4c, 0x41, 0x95, 0x46,
		0x8b, 0x37, 0x07, 0x3c, 0x63, 0x8b, 0xd5, 0x08, 0x63, 0xe4, 0xb6, 0x02,
		0x85, 0x46, 0x63, 0x83, 0xd5, 0x02, 0x8d, 0x46, 0x63, 0x8c, 0xd5, 0x04,
		0x41, 0x11, 0x06, 0xc6, 0x17, 0x35, 0x00, 0x00, 0x13, 0x05, 0x05, 0xce,
		0xef, 0xf0, 0x8f, 0xfd, 0xb2, 0x40, 0x05, 0x45, 0x41, 0x01, 0x82, 0x80,
		0x9d, 0x46, 0xcd, 0xb7, 0x14, 0x41, 0xfd, 0x16, 0x13, 0x06, 0x80, 0x0e,
		0x63, 0x75, 0xd6, 0x00, 0x93, 0x06, 0x90, 0x0e, 0x14, 0xc1, 0x14, 0x45,
		0x91, 0xe6, 0xb7, 0x86, 0x7b, 0x00, 0x93, 0x86, 0xb6, 0xbf, 0x14, 0xc5,
		0x93, 0x86, 0xf7, 0xff, 0x1d, 0x46, 0x63, 0x73, 0xd6, 0x00, 0xa1, 0x47,
		0xc1, 0x76, 0x75, 0x8f, 0xd9, 0x8f, 0x1c, 0xc9, 0x01, 0x45, 0x82, 0x80,
		0x14, 0x41, 0xfd, 0x16, 0x13, 0x06, 0xb0, 0x0f, 0x63, 0x75, 0xd6, 0x00,
		0x93, 0x06, 0xc0, 0x0f, 0x14, 0xc1, 0x14, 0x45, 0x91, 0xe6, 0xb7, 0x86,
		0x7b, 0x00, 0x93, 0x86, 0xb6, 0xbf, 0x14, 0xc5, 0x93, 0x86, 0xf7, 0xff,
		0x3d, 0x46, 0xe3, 0x77, 0xd6, 0xfc, 0xc1, 0x47, 0xe1, 0xb7, 0x14, 0x41,
		0xfd, 0x16, 0x13, 0x06, 0x80, 0x0e, 0x63, 0x75, 0xd6, 0x00, 0x93, 0x06,
		0x90, 0x0e, 0x14, 0xc1, 0x14, 0x45, 0x91, 0xe6, 0xb7, 0x86, 0x7b, 0x00,
		0x93, 0x86, 0xb6, 0xbf, 0x14, 0xc5, 0x10, 0x41, 0x93, 0x06, 0x80, 0x0c,
		0xe3, 0xfa, 0xc6, 0xf8, 0xb7, 0x06, 0x7c, 0x00, 0x59, 0xb7, 0x05, 0x45,
		0x82, 0x80, 0x83, 0x47, 0x45, 0x03, 0x91, 0xcb, 0xb7, 0x06, 0x00, 0x03,
		0x03, 0xa7, 0x06, 0x15, 0x13, 0x77, 0x07, 0xf0, 0xd9, 0x8f, 0x23, 0xa8,
		0xf6, 0x14, 0xb7, 0x07, 0x00, 0x03, 0x83, 0xa7, 0x07, 0x15, 0x82, 0x80,
		0xb7, 0x27, 0x10, 0x03, 0x7d, 0x57, 0x98, 0xd3, 0x13, 0x07, 0xf0, 0x0f,
		0xd8, 0xd3, 0x41, 0x67, 0x7d, 0x17, 0x98, 0xd7, 0x82, 0x80, 0xb7, 0x27,
		0x10, 0x03, 0x05, 0x47, 0x98, 0xd3, 0x23, 0xa2, 0x07, 0x02, 0x23, 0xa4,
		0x07, 0x02, 0x82, 0x80, 0xb7, 0x27, 0x05, 0x02, 0x13, 0x87, 0x07, 0x20,
		0x14, 0x4b, 0xc1, 0x76, 0x14, 0xcb, 0x58, 0x47, 0x23, 0xa6, 0x07, 0x20,
		0x93, 0x87, 0x07, 0x10, 0xd8, 0x43, 0x41, 0x9b, 0x13, 0x67, 0xd7, 0x00,
		0xd8, 0xc3, 0x82, 0x80, 0x5c, 0x41, 0x05, 0x47, 0x63, 0x9c, 0xe7, 0x02,
		0xb7, 0x07, 0x00, 0xc0, 0x93, 0xf5, 0xf5, 0x0f, 0xdd, 0x8d, 0xb7, 0x27,
		0x05, 0x02, 0x62, 0x06, 0x23, 0xa8, 0xb7, 0x20, 0x23, 0xa6, 0xc7, 0x20,
		0x37, 0x27, 0x05, 0x02, 0x83, 0x27, 0x47, 0x10, 0xc1, 0x9b, 0x93, 0xe7,
		0xd7, 0x00, 0x23, 0x22, 0xf7, 0x10, 0x83, 0x27, 0x87, 0x10, 0x85, 0x8b,
		0xed, 0xff, 0x82, 0x80, 0x13, 0x85, 0xe7, 0xff, 0x63, 0x64, 0xa7, 0x02,
		0x37, 0x27, 0x05, 0x02, 0xb7, 0x07, 0xc0, 0xc0, 0x23, 0x28, 0xf7, 0x20,
		0xc1, 0x67, 0xfd, 0x17, 0x22, 0x06, 0x7d, 0x8e, 0xc2, 0x05, 0xb7, 0x07,
		0xff, 0x00, 0xfd, 0x8d, 0x4d, 0x8e, 0x23, 0x26, 0xc7, 0x20, 0x6d, 0xbf,
		0x13, 0x87, 0xb7, 0xff, 0x0d, 0x45, 0x63, 0x69, 0xe5, 0x02, 0xb7, 0x07,
		0x00, 0x60, 0x37, 0x27, 0x05, 0x02, 0x93, 0x87, 0x07, 0x10, 0x23, 0x28,
		0xf7, 0x20, 0xc1, 0x67, 0xa2, 0x06, 0xfd, 0x17, 0x13, 0x76, 0xf6, 0x0f,
		0xfd, 0x8e, 0xd1, 0x8e, 0xc2, 0x05, 0x37, 0x06, 0xff, 0x00, 0xf1, 0x8d,
		0xcd, 0x8e, 0x23, 0x26, 0xd7, 0x20, 0x49, 0xb7, 0x11, 0x47, 0xe3, 0x9f,
		0xe7, 0xf6, 0x93, 0x97, 0x85, 0x01, 0x37, 0x07, 0x00, 0x07, 0xf9, 0x8f,
		0xc2, 0x05, 0x37, 0x07, 0x07, 0x00, 0xf9, 0x8d, 0x13, 0x76, 0xf6, 0x0f,
		0xcd, 0x8f, 0xd1, 0x8f, 0x37, 0x06, 0xc0, 0xc0, 0x37, 0x27, 0x05, 0x02,
		0xd1, 0x8f, 0x23, 0x28, 0xf7, 0x20, 0x23, 0x26, 0x07, 0x20, 0xb9, 0xb7,
		0x5c, 0x41, 0x05, 0x47, 0x63, 0x9d, 0xe7, 0x00, 0x93, 0xf5, 0xf5, 0x0f,
		0x93, 0x95, 0xe5, 0x29, 0xb7, 0x27, 0x05, 0x02, 0x23, 0xa8, 0xb7, 0x20,
		0x23, 0xa6, 0x07, 0x20, 0x0d, 0xa0, 0x93, 0x86, 0xe7, 0xff, 0x63, 0x6b,
		0xd7, 0x02, 0xb7, 0x27, 0x05, 0x02, 0x37, 0x07, 0x40, 0x40, 0x23, 0xa8,
		0xe7, 0x20, 0xc2, 0x05, 0x37, 0x07, 0xff, 0x00, 0xf9, 0x8d, 0x23, 0xa6,
		0xb7, 0x20, 0x37, 0x27, 0x05, 0x02, 0x83, 0x27, 0x47, 0x10, 0x93, 0xe7,
		0xf7, 0x00, 0x23, 0x22, 0xf7, 0x10, 0x83, 0x27, 0x87, 0x10, 0x85, 0x8b,
		0xed, 0xff, 0x82, 0x80, 0x13, 0x87, 0xb7, 0xff, 0x8d, 0x46, 0x63, 0xe1,
		0xe6, 0x02, 0xb7, 0x07, 0x00, 0xe0, 0x37, 0x27, 0x05, 0x02, 0x93, 0x87,
		0x07, 0x10, 0x23, 0x28, 0xf7, 0x20, 0xc2, 0x05, 0xb7, 0x07, 0xff, 0x00,
		0xfd, 0x8d, 0x23, 0x26, 0xb7, 0x20, 0xc1, 0xb7, 0x11, 0x47, 0xe3, 0x9e,
		0xe7, 0xfa, 0x93, 0x97, 0x85, 0x01, 0x37, 0x07, 0x00, 0x07, 0xf9, 0x8f,
		0xc2, 0x05, 0x37, 0x07, 0x07, 0x00, 0xf9, 0x8d, 0xdd, 0x8d, 0xb7, 0x07,
		0x40, 0x40, 0xdd, 0x8d, 0x85, 0xbf, 0x93, 0x07, 0x80, 0x0c, 0x63, 0xfc,
		0xa7, 0x06, 0xe1, 0x47, 0x33, 0x55, 0xf5, 0x02, 0x37, 0x17, 0x00, 0x02,
		0x14, 0x4b, 0x37, 0x06, 0xff, 0xf7, 0x13, 0x06, 0xc6, 0x0f, 0xf1, 0x8e,
		0x37, 0x06, 0x00, 0x10, 0x93, 0x07, 0xf5, 0xff, 0xa2, 0x07, 0xd5, 0x8f,
		0xb7, 0x06, 0x00, 0xc0, 0xd5, 0x8f, 0x1c, 0xcb, 0x1c, 0x4b, 0xb7, 0x16,
		0x00, 0x02, 0x93, 0x97, 0xd7, 0x49, 0x1c, 0xcb, 0x1c, 0x4b, 0x93, 0x97,
		0xd7, 0x29, 0x1c, 0xcb, 0x9c, 0x4a, 0x13, 0x87, 0x06, 0x01, 0xf1, 0x8f,
		0xe5, 0xdf, 0x1c, 0x43, 0xb7, 0x26, 0x00, 0x02, 0x93, 0x97, 0xb7, 0x29,
		0x1c, 0xc3, 0x83, 0xa7, 0x06, 0x80, 0x37, 0x07, 0x00, 0xf9, 0x13, 0x07,
		0xc7, 0xcf, 0xf9, 0x8f, 0x37, 0x07, 0x00, 0x81, 0xd9, 0x8f, 0x23, 0xa0,
		0xf6, 0x80, 0xe1, 0x47, 0x33, 0x05, 0xf5, 0x02, 0x82, 0x80, 0xb7, 0x27,
		0x00, 0x02, 0x03, 0xa7, 0x07, 0x80, 0x7d, 0x57, 0x23, 0xa0, 0xe7, 0x80,
		0x02, 0x90, 0x01, 0x11, 0x52, 0xc4, 0x4e, 0xc6, 0x4a, 0xc8, 0x37, 0x09,
		0x00, 0x03, 0x83, 0x27, 0x09, 0x1f, 0x26, 0xca, 0x22, 0xcc, 0x06, 0xce,
		0x93, 0xe7, 0x17, 0x00, 0x2a, 0x8a, 0x37, 0x24, 0x00, 0x02, 0x08, 0x41,
		0x23, 0x28, 0xf9, 0x1e, 0x05, 0x09, 0x13, 0x04, 0x04, 0x80, 0x1c, 0x44,
		0x41, 0x77, 0x7d, 0x17, 0xf9, 0x8f, 0x1c, 0xc4, 0xb7, 0x14, 0x00, 0x02,
		0x93, 0x84, 0x04, 0x50, 0xfc, 0x40, 0xb7, 0x09, 0x00, 0x80, 0x06, 0x05,
		0xb3, 0xf7, 0x37, 0x41, 0xfc, 0xc0, 0xb4, 0x40, 0xb7, 0x07, 0x00, 0xc0,
		0xfd, 0x17, 0xfd, 0x8e, 0xb4, 0xc0, 0x54, 0x44, 0xf9, 0x9a, 0x54, 0xc4,
		0x54, 0x44, 0x75, 0x8f, 0x58, 0xc4, 0x18, 0x40, 0xf9, 0x8f, 0x1c, 0xc0,
		0x1c, 0x40, 0xb3, 0xf7, 0x37, 0x41, 0x1c, 0xc0, 0x1c, 0x40, 0x93, 0x97,
		0xb7, 0x29, 0x1c, 0xc0, 0xed, 0x3d, 0x05, 0x81, 0x23, 0x20, 0xaa, 0x00,
		0x99, 0x33, 0xfc, 0x40, 0x22, 0x4a, 0xf2, 0x40, 0x33, 0xe9, 0x27, 0x01,
		0x23, 0xa2, 0x24, 0x05, 0x5c, 0x44, 0x42, 0x49, 0x37, 0x37, 0x10, 0x03,
		0x93, 0x97, 0x07, 0x29, 0x5c, 0xc4, 0xbc, 0x40, 0x93, 0x97, 0xe7, 0x29,
		0xbc, 0xc0, 0x1c, 0x40, 0x93, 0x97, 0xe7, 0x29, 0x1c, 0xc0, 0x1c, 0x44,
		0x93, 0x97, 0x07, 0x29, 0x1c, 0xc4, 0x5c, 0x44, 0x93, 0xe7, 0x17, 0x00,
		0x5c, 0xc4, 0xfc, 0x40, 0xb3, 0xe7, 0x37, 0x01, 0xfc, 0xc0, 0x1c, 0x40,
		0xd2, 0x44, 0xb3, 0xe9, 0x37, 0x01, 0x23, 0x20, 0x34, 0x01, 0x1c, 0x40,
		0xb2, 0x49, 0x93, 0x97, 0xb7, 0x29, 0x1c, 0xc0, 0x5c, 0x47, 0x62, 0x44,
		0x93, 0xf7, 0xf7, 0xfd, 0x93, 0xe7, 0x07, 0x04, 0x5c, 0xc7, 0x5c, 0x47,
		0x93, 0x97, 0xf7, 0x28, 0x5c, 0xc7, 0x05, 0x61, 0x82, 0x80, 0x37, 0x37,
		0x10, 0x03, 0x83, 0x27, 0x07, 0x10, 0x34, 0x49, 0x41, 0x11, 0x22, 0xc4,
		0x93, 0x97, 0xa7, 0x49, 0x06, 0xc6, 0x23, 0x20, 0xf7, 0x10, 0x37, 0x07,
		0x10, 0x00, 0x7c, 0x49, 0x2c, 0x4d, 0x2a, 0x84, 0x17, 0x4e, 0x00, 0x00,
		0x13, 0x0e, 0x0e, 0xb9, 0x97, 0x48, 0x00, 0x00, 0x93, 0x88, 0x88, 0xc0,
		0x75, 0x8f, 0x13, 0x08, 0x00, 0x02, 0x63, 0x0a, 0x07, 0x16, 0x01, 0x47,
		0x13, 0x03, 0x05, 0x08, 0x13, 0x08, 0x05, 0x06, 0x13, 0x06, 0x00, 0x02,
		0x0b, 0x45, 0xe3, 0x80, 0x0b, 0x55, 0xee, 0x44, 0x0b, 0x45, 0xe8, 0x80,
		0x0b, 0xd5, 0xe8, 0x44, 0x05, 0x07, 0xe3, 0x17, 0xc7, 0xfe, 0x37, 0x38,
		0x10, 0x03, 0x71, 0x7f, 0x89, 0x6e, 0x01, 0x47, 0x13, 0x08, 0x08, 0x31,
		0x13, 0x0f, 0x0f, 0x0c, 0x93, 0x8e, 0x0e, 0xe0, 0x93, 0x0f, 0x00, 0x02,
		0x0b, 0x46, 0x07, 0x41, 0x0b, 0xc5, 0xe8, 0x40, 0x33, 0x73, 0xe6, 0x01,
		0x0b, 0x46, 0xee, 0x40, 0x06, 0x05, 0x79, 0x89, 0x26, 0x06, 0x33, 0x76,
		0xd6, 0x01, 0x49, 0x8e, 0x33, 0x66, 0x66, 0x00, 0x0b, 0x56, 0x07, 0x41,
		0x11, 0x07, 0xe3, 0x1d, 0xf7, 0xfd, 0xb7, 0x3e, 0x10, 0x03, 0x71, 0x76,
		0x09, 0x68, 0x93, 0x8f, 0x0e, 0x37, 0x13, 0x06, 0x06, 0x0c, 0x13, 0x03,
		0x08, 0xe0, 0x93, 0x02, 0x00, 0x04, 0x0b, 0x45, 0xf7, 0x41, 0x0b, 0xc8,
		0xe8, 0x40, 0x33, 0x7f, 0xc5, 0x00, 0x0b, 0x45, 0xee, 0x40, 0x06, 0x08,
		0x13, 0x78, 0xe8, 0x01, 0x26, 0x05, 0x33, 0x75, 0x65, 0x00, 0x33, 0x65,
		0x05, 0x01, 0x33, 0x65, 0xe5, 0x01, 0x0b, 0x55, 0xf7, 0x41, 0x11, 0x07,
		0xe3, 0x1b, 0x57, 0xfc, 0x13, 0x85, 0x0e, 0x10, 0x18, 0x41, 0x93, 0x98,
		0x97, 0x00, 0xb3, 0xf8, 0x68, 0x00, 0x13, 0x17, 0xa7, 0x49, 0x18, 0xc1,
		0x13, 0x85, 0x0e, 0x30, 0x03, 0x28, 0x45, 0x03, 0x33, 0x78, 0xc8, 0x00,
		0x33, 0xe8, 0x08, 0x01, 0x23, 0x2a, 0x05, 0x03, 0x18, 0x5d, 0x13, 0x98,
		0x57, 0x00, 0x33, 0x78, 0x68, 0x00, 0x71, 0x8f, 0xb3, 0xe8, 0xe8, 0x00,
		0x23, 0x2c, 0x15, 0x03, 0x13, 0x87, 0x0e, 0x38, 0x83, 0x28, 0x47, 0x03,
		0xb3, 0xf8, 0xc8, 0x00, 0xb3, 0x68, 0x18, 0x01, 0x23, 0x2a, 0x17, 0x03,
		0x83, 0x28, 0x87, 0x03, 0xb3, 0xf8, 0xc8, 0x00, 0x33, 0x68, 0x18, 0x01,
		0x23, 0x2c, 0x07, 0x03, 0x83, 0x28, 0x45, 0x03, 0x13, 0xd8, 0xf5, 0x00,
		0x13, 0x78, 0xe8, 0x01, 0xb3, 0xf8, 0xc8, 0x00, 0xb3, 0x68, 0x18, 0x01,
		0x23, 0x2a, 0x15, 0x03, 0x83, 0x28, 0x85, 0x03, 0xcd, 0x81, 0xf9, 0x89,
		0xb3, 0xf8, 0xc8, 0x00, 0x33, 0x68, 0x18, 0x01, 0x23, 0x2c, 0x05, 0x03,
		0x48, 0x5b, 0x71, 0x8d, 0x4d, 0x8d, 0x48, 0xdb, 0x08, 0x5f, 0x69, 0x8e,
		0xd1, 0x8d, 0x0c, 0xdf, 0x15, 0x46, 0x58, 0x40, 0x63, 0x05, 0xc7, 0x12,
		0x63, 0x60, 0xe6, 0x04, 0x05, 0x46, 0x63, 0x00, 0xc7, 0x12, 0x0d, 0x46,
		0x63, 0x0e, 0xc7, 0x02, 0x17, 0x25, 0x00, 0x00, 0x13, 0x05, 0x05, 0x75,
		0xef, 0xf0, 0x0f, 0xa2, 0x85, 0xa0, 0x13, 0x56, 0x37, 0x00, 0x0a, 0x06,
		0x33, 0xd5, 0xc7, 0x00, 0x33, 0xd6, 0xc5, 0x00, 0x3d, 0x89, 0x3d, 0x8a,
		0x0b, 0x55, 0xee, 0x44, 0x0b, 0xd6, 0xe8, 0x44, 0x05, 0x07, 0xe3, 0x12,
		0x07, 0xff, 0x51, 0xbd, 0x65, 0x17, 0x05, 0x46, 0xe3, 0x66, 0xe6, 0xfc,
		0x05, 0x66, 0x13, 0xd7, 0x87, 0x00, 0x13, 0x06, 0x06, 0xf0, 0x37, 0x35,
		0x05, 0x02, 0xb2, 0x06, 0x37, 0x08, 0xf0, 0x00, 0x71, 0x8f, 0x2c, 0x4d,
		0xb3, 0xf6, 0x06, 0x01, 0xd9, 0x8e, 0x37, 0x07, 0x00, 0x80, 0x13, 0x07,
		0xf7, 0x07, 0xd1, 0x83, 0xa2, 0x07, 0x6d, 0x8f, 0xf1, 0x8f, 0xd9, 0x8e,
		0xd5, 0x8f, 0x3c, 0xcd, 0x7c, 0x48, 0x37, 0x37, 0x10, 0x03, 0x93, 0x05,
		0x07, 0x30, 0xc8, 0x5d, 0x37, 0x06, 0x00, 0x1e, 0x93, 0x96, 0x97, 0x00,
		0xf1, 0x8e, 0xc9, 0x8e, 0xd4, 0xdd, 0x93, 0x06, 0x07, 0x38, 0xcc, 0x5e,
		0x96, 0x07, 0xf1, 0x8f, 0xcd, 0x8f, 0xdc, 0xde, 0x93, 0x06, 0x07, 0x10,
		0x9c, 0x42, 0x37, 0x06, 0x00, 0x06, 0x13, 0x07, 0x07, 0x24, 0xd1, 0x8f,
		0x9c, 0xc2, 0x3c, 0x48, 0x85, 0x66, 0x93, 0x86, 0x06, 0xf0, 0x13, 0x96,
		0x47, 0x00, 0x75, 0x8e, 0xb7, 0x36, 0x10, 0x03, 0x13, 0x85, 0xc6, 0x27,
		0x0c, 0x43, 0xd1, 0x8d, 0x8b, 0x55, 0x47, 0x58, 0xe3, 0x1c, 0xa7, 0xfe,
		0x13, 0x87, 0x86, 0x22, 0xb7, 0x36, 0x10, 0x03, 0x13, 0x85, 0x06, 0x24,
		0x0c, 0x43, 0xd1, 0x8d, 0x8b, 0x55, 0x47, 0x58, 0xe3, 0x1c, 0xa7, 0xfe,
		0x93, 0x85, 0x06, 0x20, 0x88, 0x4d, 0x05, 0x67, 0x13, 0x07, 0x07, 0xf0,
		0x13, 0x96, 0x87, 0x00, 0x79, 0x8e, 0x49, 0x8e, 0x22, 0x44, 0xb2, 0x40,
		0x90, 0xcd, 0xc8, 0x4d, 0x33, 0xf6, 0xe7, 0x00, 0x91, 0x83, 0x49, 0x8e,
		0xd0, 0xcd, 0x93, 0x86, 0x06, 0x28, 0x90, 0x42, 0xf9, 0x8f, 0xd1, 0x8f,
		0x9c, 0xc2, 0x41, 0x01, 0x82, 0x80, 0x37, 0x35, 0x05, 0x02, 0x38, 0x4d,
		0x37, 0x06, 0x00, 0x80, 0x13, 0x06, 0xf6, 0x07, 0x85, 0x65, 0x79, 0x8e,
		0x93, 0x85, 0x05, 0xf0, 0x13, 0xd7, 0x87, 0x00, 0x6d, 0x8f, 0x37, 0x08,
		0xf0, 0x00, 0x93, 0x95, 0xc6, 0x00, 0xb3, 0xf5, 0x05, 0x01, 0x4d, 0x8f,
		0x51, 0x8f, 0x99, 0x83, 0x37, 0xc6, 0x03, 0x00, 0xf1, 0x8f, 0xd9, 0x8f,
		0xba, 0x06, 0x37, 0x07, 0x00, 0x3c, 0xf9, 0x8e, 0x11, 0xbf, 0x78, 0x4d,
		0xb7, 0x07, 0x02, 0x00, 0xf9, 0x8f, 0xb9, 0xe7, 0xb7, 0x37, 0x10, 0x03,
		0x83, 0xa7, 0x07, 0x11, 0xb7, 0x86, 0x80, 0x80, 0x93, 0x86, 0x06, 0x08,
		0xfd, 0x8e, 0x5c, 0x5d, 0x89, 0xe7, 0xb7, 0x57, 0x48, 0x48, 0x93, 0x87,
		0x87, 0x84, 0xd5, 0x8f, 0xb7, 0x36, 0x10, 0x03, 0x23, 0xa8, 0xf6, 0x10,
		0xc1, 0x67, 0x7d, 0x8f, 0x05, 0xe3, 0x83, 0xa7, 0x46, 0x11, 0x38, 0x41,
		0x93, 0xf7, 0x07, 0xf8, 0x13, 0x77, 0xf7, 0x07, 0x19, 0xe3, 0x13, 0x07,
		0x80, 0x04, 0xd9, 0x8f, 0x37, 0x37, 0x10, 0x03, 0x23, 0x2a, 0xf7, 0x10,
		0x82, 0x80, 0x37, 0x27, 0x10, 0x03, 0x13, 0x07, 0x07, 0x51, 0x81, 0x47,
		0x91, 0x46, 0x33, 0x58, 0xf5, 0x48, 0x63, 0x0a, 0x08, 0x00, 0x0b, 0xc8,
		0xf5, 0x44, 0x23, 0x20, 0x07, 0x01, 0x0b, 0x48, 0xf6, 0x44, 0x23, 0x22,
		0x07, 0x01, 0x85, 0x07, 0x21, 0x07, 0xe3, 0x92, 0xd7, 0xfe, 0x37, 0x27,
		0x10, 0x03, 0x83, 0x27, 0x07, 0x50, 0x06, 0x05, 0x79, 0x89, 0x85, 0x9b,
		0x5d, 0x8d, 0x23, 0x20, 0xa7, 0x50, 0x82, 0x80, 0xb7, 0x26, 0x10, 0x03,
		0x9c, 0x46, 0x71, 0x77, 0x13, 0x07, 0xf7, 0x0f, 0xf9, 0x8f, 0x79, 0x71,
		0x26, 0xd2, 0x22, 0xd4, 0x06, 0xd6, 0xaa, 0x84, 0x93, 0x97, 0xc7, 0x28,
		0xd8, 0x48, 0x9c, 0xc6, 0xdc, 0x4a, 0x09, 0x65, 0x93, 0x07, 0x05, 0x02,
		0xdc, 0xca, 0xb7, 0x37, 0x10, 0x03, 0xd0, 0x47, 0xa9, 0x65, 0x93, 0x85,
		0x05, 0x02, 0x4d, 0x8e, 0xd0, 0xc7, 0xd0, 0x46, 0xfd, 0x77, 0x7d, 0x8e,
		0x13, 0x66, 0xf6, 0x18, 0xd0, 0xc6, 0x9c, 0x42, 0xe5, 0x76, 0xfd, 0x16,
		0xf5, 0x8f, 0x93, 0x76, 0x07, 0x01, 0x63, 0x8d, 0x06, 0x14, 0x05, 0x8b,
		0x89, 0x66, 0x11, 0xe3, 0x8d, 0x66, 0xd5, 0x8f, 0x93, 0x97, 0xb7, 0x29,
		0x37, 0x27, 0x10, 0x03, 0x1c, 0xc3, 0x37, 0x34, 0x10, 0x03, 0x7c, 0x40,
		0x37, 0x07, 0xf8, 0xff, 0x13, 0x07, 0x77, 0x03, 0x93, 0xf7, 0x07, 0xfc,
		0x93, 0xe7, 0x37, 0x0c, 0x7c, 0xc0, 0x93, 0x06, 0x04, 0x20, 0x9c, 0x46,
		0x26, 0x85, 0xf9, 0x8f, 0x93, 0x97, 0x07, 0x29, 0x9c, 0xc6, 0xc5, 0x36,
		0x13, 0x07, 0x04, 0x10, 0x1c, 0x47, 0xfd, 0x76, 0x93, 0x86, 0xf6, 0x03,
		0xf5, 0x8f, 0x93, 0xe7, 0x07, 0x38, 0x1c, 0xc7, 0x13, 0x04, 0x04, 0x08,
		0x5c, 0x5c, 0xe1, 0x9b, 0x93, 0xe7, 0x47, 0x10, 0x5c, 0xdc, 0x50, 0x4f,
		0xb7, 0x07, 0x00, 0x01, 0x93, 0x86, 0xf7, 0xff, 0xb3, 0x77, 0xd6, 0x00,
		0x5c, 0xcf, 0x3c, 0x43, 0x98, 0x44, 0x37, 0x06, 0x00, 0xf8, 0x7d, 0x8e,
		0xb3, 0x77, 0xd7, 0x00, 0x89, 0xe7, 0xb7, 0x47, 0x3b, 0x00, 0x93, 0x87,
		0xb7, 0xbb, 0xd1, 0x8f, 0x37, 0x37, 0x10, 0x03, 0x93, 0x97, 0x97, 0x29,
		0x23, 0x20, 0xf7, 0x14, 0x23, 0x22, 0x07, 0x44, 0x23, 0x22, 0x07, 0x4c,
		0x9d, 0x47, 0xd8, 0x40, 0x63, 0x16, 0xf7, 0x02, 0x41, 0x46, 0x97, 0x25,
		0x00, 0x00, 0x93, 0x85, 0xe5, 0xf6, 0x0a, 0x85, 0xef, 0xf0, 0xef, 0x8b,
		0x41, 0x46, 0x97, 0x25, 0x00, 0x00, 0x93, 0x85, 0xe5, 0xf6, 0x08, 0x08,
		0xef, 0xf0, 0xef, 0x8a, 0x10, 0x08, 0x8a, 0x85, 0x05, 0x45, 0x71, 0x3d,
		0xd8, 0x40, 0xa1, 0x47, 0x63, 0x16, 0xf7, 0x02, 0x41, 0x46, 0x97, 0x25,
		0x00, 0x00, 0x93, 0x85, 0xe5, 0xf5, 0x0a, 0x85, 0xef, 0xf0, 0xef, 0x88,
		0x41, 0x46, 0x97, 0x25, 0x00, 0x00, 0x93, 0x85, 0xe5, 0xf3, 0x08, 0x08,
		0xef, 0xf0, 0xef, 0x87, 0x10, 0x08, 0x8a, 0x85, 0x0d, 0x45, 0xb5, 0x35,
		0xb7, 0x37, 0x10, 0x03, 0x03, 0xa7, 0x07, 0x0c, 0xb7, 0x06, 0x00, 0xf0,
		0x75, 0x8f, 0xb7, 0x36, 0x00, 0x01, 0x93, 0x86, 0x76, 0x08, 0x55, 0x8f,
		0x23, 0xa0, 0xe7, 0x0c, 0x98, 0x43, 0x93, 0x66, 0x27, 0x06, 0x94, 0xc3,
		0x13, 0x67, 0x37, 0x06, 0x98, 0xc3, 0x88, 0x4b, 0x05, 0x89, 0x75, 0xdd,
		0x9c, 0x4b, 0x0b, 0xb7, 0x47, 0x6d, 0x0d, 0xc7, 0x37, 0x05, 0x10, 0x00,
		0x7d, 0x8d, 0x0d, 0xc1, 0x17, 0x25, 0x00, 0x00, 0x13, 0x05, 0x05, 0x3f,
		0xef, 0xe0, 0xdf, 0xe9, 0x01, 0x45, 0x92, 0x54, 0x22, 0x54, 0xb2, 0x50,
		0x45, 0x61, 0x82, 0x80, 0x36, 0x07, 0x69, 0x8f, 0xd9, 0x8f, 0x7d, 0xb5,
		0xb7, 0x37, 0x10, 0x03, 0x98, 0x4f, 0x05, 0x8b, 0x75, 0xdf, 0x13, 0x87,
		0x07, 0x08, 0x54, 0x47, 0x37, 0x06, 0x00, 0x80, 0xd1, 0x8e, 0x54, 0xc7,
		0x54, 0x47, 0xb3, 0xf6, 0xc6, 0x40, 0x54, 0xc7, 0x37, 0x27, 0x10, 0x03,
		0x54, 0x4b, 0xd1, 0x8e, 0x54, 0xcb, 0x93, 0x87, 0x07, 0x10, 0xd4, 0x47,
		0x37, 0x06, 0x00, 0xfa, 0x7d, 0x16, 0xf1, 0x8e, 0xd4, 0xc7, 0x34, 0x4b,
		0x1c, 0x43, 0xb1, 0x83, 0x89, 0x8b, 0xb3, 0xf7, 0xf6, 0x40, 0x3c, 0xcb,
		0x5d, 0xb7, 0xb7, 0x37, 0x05, 0x02, 0x03, 0xa7, 0xc7, 0x08, 0xf1, 0x76,
		0x93, 0x86, 0xf6, 0xbf, 0x41, 0x11, 0x4a, 0xc0, 0x75, 0x8f, 0x26, 0xc2,
		0x22, 0xc4, 0x06, 0xc6, 0x23, 0xa6, 0xe7, 0x08, 0x85, 0x46, 0x58, 0x41,
		0x2a, 0x84, 0x63, 0x1e, 0xd7, 0x10, 0x03, 0xa7, 0xc7, 0x08, 0xb7, 0x06,
		0x3f, 0xff, 0xb7, 0x24, 0x05, 0x02, 0x75, 0x8f, 0x13, 0x67, 0xf7, 0x0f,
		0x23, 0xa6, 0xe7, 0x08, 0x9c, 0x40, 0x37, 0x07, 0x00, 0x04, 0x7d, 0x17,
		0x93, 0xe7, 0x77, 0x00, 0x9c, 0xc0, 0xdc, 0x44, 0xb7, 0x06, 0x00, 0x10,
		0xfd, 0x16, 0xf9, 0x8f, 0x37, 0x07, 0x00, 0x90, 0xd9, 0x8f, 0xdc, 0xc4,
		0x93, 0x87, 0x04, 0x10, 0x98, 0x43, 0x37, 0x09, 0x00, 0x01, 0x7d, 0x19,
		0x13, 0x67, 0x27, 0x00, 0x98, 0xc3, 0x98, 0x4f, 0x75, 0x8f, 0xb7, 0x06,
		0x00, 0x80, 0x55, 0x8f, 0x98, 0xcf, 0xd8, 0x4f, 0xb7, 0x86, 0xff, 0x80,
		0x93, 0x86, 0xf6, 0x0f, 0x41, 0x9b, 0xd8, 0xcf, 0xd8, 0x53, 0x6d, 0x9b,
		0xd8, 0xd3, 0xb8, 0x4b, 0x75, 0x8f, 0xb7, 0x16, 0x00, 0x20, 0x93, 0x86,
		0x06, 0x80, 0x55, 0x8f, 0xb8, 0xcb, 0x93, 0x84, 0x04, 0x20, 0x98, 0x40,
		0xe1, 0x76, 0x93, 0x86, 0x06, 0x08, 0x33, 0x77, 0x27, 0x01, 0x13, 0x17,
		0xd7, 0x29, 0x98, 0xc0, 0xd8, 0x48, 0x75, 0x8f, 0x13, 0x67, 0xc7, 0x41,
		0xd8, 0xc8, 0x98, 0x5b, 0x41, 0x9b, 0x13, 0x67, 0x47, 0x00, 0x98, 0xdb,
		0xef, 0xf0, 0xcf, 0xe8, 0x81, 0x46, 0x13, 0x06, 0xf0, 0x03, 0x81, 0x45,
		0x22, 0x85, 0xef, 0xf0, 0x2f, 0xea, 0x81, 0x46, 0x13, 0x06, 0x00, 0x08,
		0x91, 0x45, 0x22, 0x85, 0xef, 0xf0, 0x4f, 0xe9, 0x9c, 0x40, 0x37, 0x07,
		0x00, 0x60, 0xb3, 0xf7, 0x27, 0x01, 0xd9, 0x8f, 0x9c, 0xc0, 0xb7, 0x27,
		0x05, 0x02, 0x03, 0xa7, 0xc7, 0x12, 0x5d, 0x9b, 0x23, 0xa6, 0xe7, 0x12,
		0x37, 0x07, 0x00, 0xff, 0x83, 0xa7, 0x47, 0x15, 0x7d, 0x8f, 0x1c, 0x58,
		0x8b, 0xb6, 0x87, 0x34, 0x63, 0x89, 0x06, 0x66, 0x8d, 0x66, 0x93, 0x86,
		0x06, 0xf0, 0xf5, 0x8f, 0xd9, 0x8f, 0x37, 0x07, 0x8f, 0x00, 0x22, 0x44,
		0xb2, 0x40, 0x15, 0x07, 0xd9, 0x8f, 0x37, 0x27, 0x05, 0x02, 0x02, 0x49,
		0x92, 0x44, 0x23, 0x2a, 0xf7, 0x14, 0x41, 0x01, 0x82, 0x80, 0x11, 0x46,
		0x63, 0x17, 0xc7, 0x1c, 0x03, 0xa7, 0xc7, 0x08, 0xb7, 0x06, 0xff, 0x00,
		0x37, 0x06, 0x00, 0x10, 0x75, 0x8f, 0xb7, 0x06, 0xc0, 0x00, 0x93, 0x86,
		0xf6, 0x0f, 0x55, 0x8f, 0x23, 0xa6, 0xe7, 0x08, 0xb7, 0x27, 0x05, 0x02,
		0x98, 0x43, 0xb7, 0x06, 0x00, 0x04, 0xfd, 0x16, 0x13, 0x67, 0x77, 0x00,
		0x98, 0xc3, 0xd8, 0x43, 0x7d, 0x16, 0x13, 0x77, 0xf7, 0xcf, 0x13, 0x67,
		0x07, 0x20, 0xd8, 0xc3, 0xd8, 0x47, 0x75, 0x8f, 0xb7, 0x06, 0x00, 0x84,
		0x55, 0x8f, 0xd8, 0xc7, 0x13, 0x87, 0x07, 0x10, 0x14, 0x43, 0x93, 0xe6,
		0x26, 0x00, 0x14, 0xc3, 0x14, 0x4f, 0xf1, 0x8e, 0x37, 0x06, 0x00, 0x80,
		0xd1, 0x8e, 0x14, 0xcf, 0x54, 0x4f, 0xc1, 0x9a, 0x54, 0xcf, 0x54, 0x53,
		0xed, 0x9a, 0x54, 0xd3, 0x14, 0x41, 0x13, 0x06, 0xc0, 0x0c, 0x63, 0x6a,
		0xd6, 0x08, 0x34, 0x4b, 0x37, 0x86, 0xff, 0x80, 0x13, 0x06, 0xf6, 0x0f,
		0xf1, 0x8e, 0x37, 0x26, 0x00, 0x18, 0x13, 0x06, 0x06, 0x80, 0xd1, 0x8e,
		0x34, 0xcb, 0x93, 0x87, 0x07, 0x20, 0x94, 0x43, 0x37, 0x16, 0x10, 0x00,
		0x13, 0x06, 0x06, 0x40, 0x93, 0xf6, 0xf6, 0x0f, 0xd1, 0x8e, 0x94, 0xc3,
		0xd4, 0x43, 0x37, 0x16, 0x12, 0x12, 0x13, 0x06, 0x06, 0x20, 0x93, 0xf6,
		0xf6, 0x0f, 0xd1, 0x8e, 0xd4, 0xc3, 0xd4, 0x4b, 0x61, 0x76, 0x13, 0x06,
		0x06, 0x08, 0xf1, 0x8e, 0x93, 0xe6, 0x86, 0x51, 0xd4, 0xcb, 0x1c, 0x5b,
		0xc1, 0x9b, 0x93, 0xe7, 0x27, 0x00, 0x1c, 0xdb, 0xef, 0xf0, 0x0f, 0xd4,
		0x99, 0x45, 0x22, 0x85, 0x81, 0x46, 0x13, 0x06, 0x00, 0x04, 0xef, 0xf0,
		0x6f, 0xd5, 0x99, 0x45, 0x22, 0x85, 0xef, 0xf0, 0x2f, 0xe2, 0xb7, 0x26,
		0x05, 0x02, 0x83, 0xa7, 0x06, 0x20, 0x37, 0x07, 0x00, 0x01, 0x7d, 0x17,
		0xf9, 0x8f, 0x37, 0x07, 0x00, 0x60, 0xd9, 0x8f, 0x23, 0xa0, 0xf6, 0x20,
		0x7d, 0xb5, 0x13, 0x06, 0xc0, 0x0f, 0x63, 0x6f, 0xd6, 0x04, 0x34, 0x4b,
		0x37, 0x86, 0xff, 0x80, 0x13, 0x06, 0xf6, 0x0f, 0xf1, 0x8e, 0x37, 0x26,
		0x00, 0x22, 0x13, 0x06, 0x06, 0x20, 0xd1, 0x8e, 0x34, 0xcb, 0x93, 0x87,
		0x07, 0x20, 0x94, 0x43, 0x37, 0x26, 0x10, 0x00, 0x13, 0x06, 0x06, 0xe0,
		0x93, 0xf6, 0xf6, 0x0f, 0xd1, 0x8e, 0x94, 0xc3, 0xd4, 0x43, 0x37, 0x26,
		0x12, 0x12, 0x13, 0x06, 0x06, 0xa0, 0x93, 0xf6, 0xf6, 0x0f, 0xd1, 0x8e,
		0xd4, 0xc3, 0xd4, 0x4b, 0x61, 0x76, 0x13, 0x06, 0x06, 0x08, 0xf1, 0x8e,
		0x93, 0xe6, 0x26, 0x52, 0xd4, 0xcb, 0x1c, 0x5b, 0xc1, 0x9b, 0x93, 0xe7,
		0x47, 0x00, 0xa5, 0xb7, 0x13, 0x06, 0x80, 0x19, 0xe3, 0x62, 0xd6, 0xf6,
		0x34, 0x4b, 0x37, 0x86, 0xff, 0x80, 0x13, 0x06, 0xf6, 0x0f, 0xf1, 0x8e,
		0x37, 0x36, 0x00, 0x2e, 0x13, 0x06, 0x06, 0xe0, 0xd1, 0x8e, 0x34, 0xcb,
		0x93, 0x87, 0x07, 0x20, 0x94, 0x43, 0x37, 0x36, 0x10, 0x00, 0x13, 0x06,
		0x06, 0xa0, 0x93, 0xf6, 0xf6, 0x0f, 0xd1, 0x8e, 0x94, 0xc3, 0xd4, 0x43,
		0x37, 0x26, 0x12, 0x12, 0x13, 0x06, 0x06, 0x70, 0x93, 0xf6, 0xf6, 0x0f,
		0xd1, 0x8e, 0xd4, 0xc3, 0xd4, 0x4b, 0x61, 0x76, 0x13, 0x06, 0x06, 0x08,
		0xf1, 0x8e, 0x93, 0xe6, 0xe6, 0x52, 0xd4, 0xcb, 0x1c, 0x5b, 0xc1, 0x9b,
		0x93, 0xe7, 0x37, 0x00, 0x19, 0xb7, 0x13, 0x06, 0xe7, 0xff, 0x63, 0xe7,
		0xc6, 0x20, 0x83, 0xa6, 0xc7, 0x08, 0x37, 0x06, 0x3f, 0xff, 0xf1, 0x8e,
		0x37, 0x06, 0xc0, 0x00, 0x13, 0x06, 0x46, 0x08, 0xd1, 0x8e, 0x23, 0xa6,
		0xd7, 0x08, 0xb7, 0x27, 0x05, 0x02, 0x94, 0x43, 0x37, 0x06, 0x00, 0x04,
		0x7d, 0x16, 0x93, 0xe6, 0x76, 0x00, 0x94, 0xc3, 0xd4, 0x47, 0xf1, 0x8e,
		0x37, 0x06, 0x00, 0x80, 0xd1, 0x8e, 0xd4, 0xc7, 0x93, 0x86, 0x07, 0x10,
		0x90, 0x42, 0x13, 0x66, 0x26, 0x00, 0x90, 0xc2, 0x90, 0x4e, 0x37, 0xe6,
		0x95, 0x8d, 0x13, 0x06, 0xf6, 0x4c, 0x90, 0xce, 0xd0, 0x4e, 0x41, 0x9a,
		0xd0, 0xce, 0xd0, 0x52, 0x6d, 0x9a, 0xd0, 0xd2, 0x09, 0x46, 0x63, 0x1b,
		0xc7, 0x08, 0xb8, 0x4a, 0x37, 0x86, 0xff, 0x80, 0x13, 0x06, 0xf6, 0x0f,
		0x71, 0x8f, 0x37, 0x16, 0x00, 0x1e, 0x13, 0x06, 0x06, 0x20, 0x51, 0x8f,
		0xb8, 0xca, 0x93, 0x84, 0x07, 0x20, 0xdc, 0x40, 0x37, 0x07, 0x00, 0xe1,
		0x7d, 0x17, 0xf9, 0x8f, 0x37, 0x07, 0x00, 0x12, 0xd9, 0x8f, 0xdc, 0xc0,
		0xdc, 0x48, 0x61, 0x77, 0x13, 0x07, 0x07, 0x08, 0xf9, 0x8f, 0x93, 0xe7,
		0xe7, 0x50, 0xdc, 0xc8, 0xef, 0xf0, 0x0f, 0xba, 0x81, 0x46, 0x13, 0x06,
		0x10, 0x03, 0x81, 0x45, 0x22, 0x85, 0xef, 0xf0, 0x6f, 0xbb, 0x81, 0x45,
		0x22, 0x85, 0xef, 0xf0, 0x2f, 0xc8, 0x81, 0x46, 0x13, 0x06, 0x00, 0x02,
		0x91, 0x45, 0x22, 0x85, 0xef, 0xf0, 0x0f, 0xba, 0x91, 0x45, 0x22, 0x85,
		0xef, 0xf0, 0xcf, 0xc6, 0x81, 0x46, 0x0d, 0x46, 0xa1, 0x45, 0x22, 0x85,
		0xef, 0xf0, 0xcf, 0xb8, 0xa1, 0x45, 0x22, 0x85, 0xef, 0xf0, 0x8f, 0xc5,
		0x9c, 0x40, 0x37, 0x07, 0x00, 0x10, 0x7d, 0x17, 0xf9, 0x8f, 0x93, 0x97,
		0xd7, 0x29, 0xfd, 0xb1, 0x10, 0x41, 0x13, 0x07, 0xc0, 0x0c, 0x63, 0x69,
		0xc7, 0x0a, 0xb8, 0x4a, 0x37, 0x86, 0xff, 0x80, 0x13, 0x06, 0xf6, 0x0f,
		0x71, 0x8f, 0x37, 0x16, 0x00, 0x20, 0x13, 0x06, 0x06, 0x20, 0x51, 0x8f,
		0xb8, 0xca, 0x93, 0x87, 0x07, 0x20, 0x98, 0x43, 0xb7, 0x06, 0x00, 0x01,
		0xfd, 0x16, 0x75, 0x8f, 0xe1, 0x76, 0x13, 0x17, 0xd7, 0x29, 0x98, 0xc3,
		0xd8, 0x4b, 0x93, 0x86, 0x06, 0x08, 0x75, 0x8f, 0x13, 0x67, 0x27, 0x51,
		0xd8, 0xcb, 0xef, 0xf0, 0x6f, 0xb0, 0x81, 0x46, 0x13, 0x06, 0x10, 0x03,
		0x81, 0x45, 0x22, 0x85, 0xef, 0xf0, 0xcf, 0xb1, 0x81, 0x46, 0x13, 0x06,
		0x00, 0x02, 0x91, 0x45, 0x22, 0x85, 0xef, 0xf0, 0xef, 0xb0, 0x81, 0x46,
		0x13, 0x06, 0x30, 0x04, 0xa1, 0x45, 0x22, 0x85, 0xef, 0xf0, 0x0f, 0xb0,
		0xb7, 0x27, 0x05, 0x02, 0xd8, 0x47, 0xb7, 0x06, 0x00, 0x82, 0x37, 0x06,
		0x00, 0x01, 0x55, 0x8f, 0xd8, 0xc7, 0x93, 0x86, 0x07, 0x10, 0x98, 0x42,
		0x7d, 0x16, 0x13, 0x67, 0x07, 0x10, 0x98, 0xc2, 0x93, 0x85, 0x07, 0x20,
		0x98, 0x41, 0x93, 0x87, 0x07, 0x18, 0x71, 0x8f, 0x37, 0x06, 0x00, 0x60,
		0x51, 0x8f, 0x98, 0xc1, 0xf8, 0x5e, 0x13, 0x67, 0x17, 0x00, 0xf8, 0xde,
		0x13, 0x07, 0x00, 0x7d, 0x98, 0xc3, 0x25, 0xb9, 0x98, 0x5a, 0x37, 0x86,
		0xff, 0x80, 0x13, 0x06, 0xf6, 0x0f, 0x41, 0x9b, 0x13, 0x67, 0x47, 0x00,
		0x98, 0xda, 0xb8, 0x4a, 0x71, 0x8f, 0x37, 0x16, 0x00, 0x28, 0x13, 0x06,
		0x06, 0x60, 0x51, 0x8f, 0xb8, 0xca, 0x93, 0x87, 0x07, 0x20, 0x98, 0x43,
		0xb7, 0x06, 0x00, 0x01, 0xfd, 0x16, 0x75, 0x8f, 0xe1, 0x76, 0x13, 0x17,
		0xd7, 0x29, 0x98, 0xc3, 0xd8, 0x4b, 0x93, 0x86, 0x06, 0x08, 0x75, 0x8f,
		0x13, 0x67, 0x67, 0x51, 0xd8, 0xcb, 0xef, 0xf0, 0xef, 0xa4, 0x81, 0x46,
		0x13, 0x06, 0x90, 0x03, 0x81, 0x45, 0x22, 0x85, 0xef, 0xf0, 0x4f, 0xa6,
		0x81, 0x46, 0x13, 0x06, 0x00, 0x06, 0xa1, 0xb7, 0x93, 0x06, 0xb7, 0xff,
		0x0d, 0x46, 0xe3, 0x68, 0xd6, 0xbc, 0x83, 0xa6, 0xc7, 0x08, 0x41, 0x76,
		0x08, 0x41, 0xf1, 0x8e, 0x37, 0x06, 0xc0, 0x00, 0x13, 0x06, 0xf6, 0x0f,
		0xd1, 0x8e, 0x23, 0xa6, 0xd7, 0x08, 0xb7, 0x27, 0x05, 0x02, 0x94, 0x43,
		0x37, 0x06, 0x00, 0x04, 0x7d, 0x16, 0x93, 0xe6, 0x76, 0x00, 0x94, 0xc3,
		0xd4, 0x43, 0xb7, 0x05, 0x00, 0x10, 0xfd, 0x15, 0x93, 0xf6, 0xf6, 0xcf,
		0xd4, 0xc3, 0xd4, 0x47, 0x69, 0x17, 0xf1, 0x8e, 0x37, 0x06, 0x00, 0x88,
		0xd1, 0x8e, 0xd4, 0xc7, 0xd4, 0x47, 0x93, 0x96, 0x06, 0x29, 0xd4, 0xc7,
		0x93, 0x86, 0x07, 0x10, 0x90, 0x42, 0x13, 0x66, 0x26, 0x00, 0x90, 0xc2,
		0x90, 0x4e, 0x6d, 0x8e, 0x90, 0xce, 0xd0, 0x4e, 0x41, 0x9a, 0x13, 0x66,
		0x86, 0x00, 0xd0, 0xce, 0xd0, 0x52, 0x6d, 0x9a, 0xd0, 0xd2, 0x09, 0x46,
		0x63, 0x63, 0xe6, 0x12, 0x03, 0xa7, 0x87, 0x13, 0x54, 0x54, 0x37, 0x86,
		0x80, 0xff, 0x13, 0x06, 0x06, 0x08, 0x79, 0x8e, 0x0b, 0xb7, 0x86, 0x38,
		0x93, 0x07, 0x00, 0x50, 0x09, 0xc7, 0xa1, 0x67, 0x93, 0x87, 0x07, 0xf0,
		0xf5, 0x8f, 0x8b, 0xb5, 0x06, 0x59, 0x37, 0x07, 0x06, 0x00, 0x81, 0xc5,
		0x37, 0x07, 0x7f, 0x00, 0x75, 0x8f, 0x51, 0x8f, 0xd9, 0x8f, 0x93, 0xe7,
		0xc7, 0x00, 0x37, 0x27, 0x05, 0x02, 0x93, 0x06, 0x07, 0x10, 0x9c, 0xde,
		0xbc, 0x4a, 0x37, 0x86, 0xff, 0x80, 0x13, 0x06, 0xf6, 0x0f, 0xf1, 0x8f,
		0x37, 0x26, 0x00, 0x1e, 0xd1, 0x8f, 0xbc, 0xca, 0x13, 0x06, 0x07, 0x20,
		0x14, 0x42, 0xb7, 0x07, 0x00, 0x01, 0x93, 0x85, 0xf7, 0xff, 0xed, 0x8e,
		0x22, 0x85, 0x93, 0x96, 0xd6, 0x29, 0x14, 0xc2, 0x5c, 0x42, 0xb7, 0x06,
		0x00, 0x13, 0xed, 0x8f, 0xd5, 0x8f, 0x5c, 0xc2, 0xe1, 0x77, 0x93, 0x86,
		0x07, 0x08, 0x83, 0x27, 0x47, 0x21, 0x85, 0x45, 0x13, 0x06, 0x10, 0x0c,
		0xf5, 0x8f, 0x93, 0xe7, 0xc7, 0x52, 0x23, 0x2a, 0xf7, 0x20, 0x93, 0x06,
		0xf0, 0x0a, 0xef, 0xf0, 0xef, 0x93, 0x58, 0x40, 0xa1, 0x47, 0x93, 0x06,
		0x70, 0x08, 0x63, 0x04, 0xf7, 0x00, 0x93, 0x06, 0xf0, 0x08, 0x13, 0x06,
		0xc0, 0x05, 0x81, 0x45, 0x22, 0x85, 0xef, 0xf0, 0x2f, 0x92, 0xb7, 0x27,
		0x05, 0x02, 0x83, 0xa7, 0x07, 0x15, 0x14, 0x54, 0x37, 0x87, 0xff, 0x80,
		0x13, 0x07, 0xf7, 0x0f, 0x7d, 0x8f, 0x8b, 0xb7, 0x86, 0x38, 0xa1, 0xc7,
		0xa1, 0x67, 0x93, 0x87, 0x07, 0xf0, 0xf5, 0x8f, 0x0b, 0xb6, 0x86, 0x79,
		0xd9, 0x8f, 0x37, 0x07, 0x00, 0x2c, 0x01, 0xc6, 0x37, 0x07, 0x00, 0x7f,
		0x75, 0x8f, 0xd9, 0x8f, 0x37, 0x27, 0x05, 0x02, 0x93, 0x06, 0x07, 0x10,
		0xbc, 0xca, 0x9c, 0x5a, 0xc1, 0x9b, 0x93, 0xe7, 0x47, 0x00, 0x9c, 0xda,
		0x93, 0x07, 0x07, 0x20, 0x98, 0x43, 0xb7, 0x06, 0x00, 0x01, 0xfd, 0x16,
		0x75, 0x8f, 0xb7, 0x06, 0x00, 0x60, 0x55, 0x8f, 0x11, 0xb5, 0x8d, 0x67,
		0x93, 0x87, 0x07, 0xc0, 0x75, 0xbf, 0x13, 0x07, 0x60, 0x0a, 0x63, 0x62,
		0xa7, 0x06, 0xb8, 0x4a, 0x37, 0x86, 0xff, 0x80, 0x13, 0x06, 0xf6, 0x0f,
		0x71, 0x8f, 0x37, 0x26, 0x00, 0x19, 0x13, 0x06, 0x06, 0xc0, 0x51, 0x8f,
		0xb8, 0xca, 0x93, 0x87, 0x07, 0x20, 0x90, 0x43, 0x37, 0x07, 0x00, 0x01,
		0x93, 0x05, 0xf7, 0xff, 0x6d, 0x8e, 0x13, 0x16, 0xd6, 0x29, 0x90, 0xc3,
		0xd8, 0x43, 0x37, 0x06, 0x00, 0x13, 0x6d, 0x8f, 0x51, 0x8f, 0xd8, 0xc3,
		0xd8, 0x4b, 0x61, 0x76, 0x13, 0x06, 0x06, 0x08, 0x71, 0x8f, 0x13, 0x67,
		0xc7, 0x51, 0xd8, 0xcb, 0x9c, 0x5a, 0xc1, 0x9b, 0x9c, 0xda, 0x93, 0x06,
		0xf0, 0x08, 0x71, 0x46, 0x81, 0x45, 0x22, 0x85, 0xef, 0xf0, 0x4f, 0x85,
		0x19, 0xb6, 0x13, 0x07, 0x90, 0x0e, 0xe3, 0x66, 0xa7, 0xfe, 0xb8, 0x4a,
		0x37, 0x86, 0xff, 0x80, 0x13, 0x06, 0xf6, 0x0f, 0x71, 0x8f, 0x37, 0x26,
		0x00, 0x1c, 0x13, 0x06, 0x06, 0xc0, 0x51, 0x8f, 0xb8, 0xca, 0x93, 0x87,
		0x07, 0x20, 0x90, 0x43, 0x37, 0x07, 0x00, 0x01, 0x93, 0x05, 0xf7, 0xff,
		0x6d, 0x8e, 0x13, 0x16, 0xd6, 0x29, 0x90, 0xc3, 0xd8, 0x43, 0x37, 0x06,
		0x00, 0x13, 0x6d, 0x8f, 0x51, 0x8f, 0xd8, 0xc3, 0xd8, 0x4b, 0x61, 0x76,
		0x13, 0x06, 0x06, 0x08, 0x71, 0x8f, 0x13, 0x67, 0xc7, 0x51, 0xd8, 0xcb,
		0x9c, 0x5a, 0xc1, 0x9b, 0x93, 0xe7, 0x47, 0x00, 0x51, 0xbf, 0x85, 0x67,
		0x93, 0x87, 0x07, 0xc0, 0x51, 0xba, 0x5c, 0x49, 0x41, 0x11, 0x22, 0xc4,
		0x06, 0xc6, 0x2a, 0x84, 0xc5, 0x8b, 0xc9, 0xef, 0xb7, 0x26, 0x05, 0x02,
		0xdc, 0x46, 0x37, 0x07, 0x00, 0x20, 0x7d, 0x17, 0xf9, 0x8f, 0x37, 0x07,
		0x00, 0x80, 0xd9, 0x8f, 0xdc, 0xc6, 0x58, 0x40, 0x91, 0x47, 0x63, 0x14,
		0xf7, 0x04, 0x1c, 0x40, 0x13, 0x07, 0xc0, 0x0c, 0x63, 0x6e, 0xf7, 0x14,
		0xb7, 0x27, 0x05, 0x02, 0x03, 0xa7, 0x07, 0x20, 0xb7, 0x06, 0x00, 0x01,
		0xfd, 0x16, 0x75, 0x8f, 0x13, 0x17, 0xe7, 0x29, 0x23, 0xa0, 0xe7, 0x20,
		0x58, 0x48, 0x45, 0x8b, 0x7d, 0xe7, 0x03, 0xa7, 0x47, 0x20, 0xb7, 0x06,
		0x00, 0xff, 0x93, 0x86, 0xf6, 0x0f, 0x75, 0x8f, 0xb7, 0x16, 0x12, 0x00,
		0x93, 0x86, 0x06, 0x20, 0x55, 0x8f, 0x23, 0xa2, 0xe7, 0x20, 0x97, 0x37,
		0x00, 0x00, 0x83, 0xa7, 0x67, 0xf2, 0x05, 0x45, 0xdd, 0xcf, 0xb7, 0x27,
		0x05, 0x02, 0x93, 0x87, 0x07, 0x10, 0xf8, 0x4b, 0xb7, 0x06, 0x00, 0x81,
		0xfd, 0x16, 0x75, 0x8f, 0xe1, 0x76, 0x13, 0x17, 0xe7, 0x29, 0xf8, 0xcb,
		0xd8, 0x53, 0x93, 0x86, 0xf6, 0x0f, 0x75, 0x8f, 0x13, 0x17, 0xe7, 0x28,
		0xd8, 0xd3, 0x51, 0xa8, 0x41, 0x47, 0x63, 0x9c, 0xe7, 0x00, 0xb7, 0x26,
		0x05, 0x02, 0xdc, 0x46, 0x37, 0x07, 0x00, 0x20, 0x7d, 0x17, 0xf9, 0x8f,
		0x37, 0x07, 0x00, 0xc0, 0x8d, 0xb7, 0x45, 0x47, 0x63, 0x94, 0xe7, 0x06,
		0xb7, 0x07, 0x00, 0x20, 0x50, 0x41, 0x8d, 0x46, 0x13, 0x87, 0xf7, 0xff,
		0x63, 0x13, 0xd6, 0x04, 0xb7, 0x26, 0x05, 0x02, 0xdc, 0x46, 0x0d, 0x46,
		0xa1, 0x45, 0xf9, 0x8f, 0x37, 0x07, 0x00, 0xe0, 0xd9, 0x8f, 0xdc, 0xc6,
		0x81, 0x46, 0xef, 0xe0, 0xff, 0xef, 0xb7, 0x37, 0x05, 0x02, 0x93, 0x87,
		0x07, 0x08, 0xd8, 0x47, 0xd9, 0x76, 0x93, 0x86, 0x06, 0xf0, 0x75, 0x8f,
		0xa9, 0x66, 0x93, 0x86, 0x96, 0x02, 0x55, 0x8f, 0xd8, 0xc7, 0xd8, 0x4b,
		0x71, 0x9b, 0x13, 0x67, 0x17, 0x00, 0xd8, 0xcb, 0x39, 0xb7, 0xb7, 0x26,
		0x05, 0x02, 0xdc, 0x46, 0xf9, 0x8f, 0x37, 0x07, 0x00, 0xe0, 0xd9, 0x8f,
		0xdc, 0xc6, 0xe1, 0xb7, 0x17, 0x25, 0x00, 0x00, 0x13, 0x05, 0x45, 0xb0,
		0xef, 0xe0, 0x8f, 0xd7, 0x01, 0x45, 0x22, 0x44, 0xb2, 0x40, 0x41, 0x01,
		0x82, 0x80, 0xc1, 0x46, 0x63, 0x19, 0xd7, 0x02, 0x93, 0x87, 0x07, 0x20,
		0x94, 0x43, 0x37, 0x07, 0x00, 0xff, 0x13, 0x06, 0xf7, 0x0f, 0x37, 0x17,
		0x08, 0x00, 0x13, 0x07, 0x07, 0x40, 0xf1, 0x8e, 0xd9, 0x8e, 0x94, 0xc3,
		0xd8, 0x43, 0xb7, 0x16, 0x0a, 0x00, 0x93, 0x86, 0x06, 0x20, 0x71, 0x8f,
		0x55, 0x8f, 0xd8, 0xc3, 0xfd, 0xbd, 0xc5, 0x46, 0xe3, 0x1d, 0xd7, 0xee,
		0x03, 0xa7, 0x47, 0x20, 0xb7, 0x06, 0x00, 0xff, 0x93, 0x86, 0xf6, 0x0f,
		0x75, 0x8f, 0xb7, 0x16, 0x10, 0x00, 0xf9, 0xbd, 0x13, 0x07, 0xc0, 0x0f,
		0x63, 0x6e, 0xf7, 0x06, 0xb7, 0x27, 0x05, 0x02, 0x03, 0xa7, 0x07, 0x20,
		0xb7, 0x06, 0x00, 0x01, 0xfd, 0x16, 0x75, 0x8f, 0x23, 0xa0, 0xe7, 0x20,
		0x58, 0x48, 0x45, 0x8b, 0x05, 0xe7, 0x93, 0x87, 0x07, 0x20, 0x94, 0x43,
		0x37, 0x07, 0x00, 0xff, 0x13, 0x06, 0xf7, 0x0f, 0x37, 0x27, 0x10, 0x00,
		0x13, 0x07, 0x07, 0xc0, 0xf1, 0x8e, 0xd9, 0x8e, 0x94, 0xc3, 0xd8, 0x43,
		0xb7, 0x26, 0x12, 0x00, 0x71, 0x8f, 0x35, 0xa0, 0xc1, 0x46, 0x63, 0x17,
		0xd7, 0x02, 0x93, 0x87, 0x07, 0x20, 0x94, 0x43, 0x37, 0x07, 0x00, 0xff,
		0x13, 0x06, 0xf7, 0x0f, 0x37, 0x27, 0x08, 0x00, 0x13, 0x07, 0x07, 0xc0,
		0xf1, 0x8e, 0xd9, 0x8e, 0x94, 0xc3, 0xd8, 0x43, 0xb7, 0x26, 0x0a, 0x00,
		0x71, 0x8f, 0x93, 0x86, 0x06, 0xa0, 0xad, 0xb7, 0xc5, 0x46, 0xe3, 0x14,
		0xd7, 0xe6, 0x55, 0xb7, 0x13, 0x07, 0x80, 0x19, 0xe3, 0x6f, 0xf7, 0xe4,
		0xb7, 0x27, 0x05, 0x02, 0x03, 0xa7, 0x07, 0x20, 0xb7, 0x06, 0x00, 0x01,
		0xfd, 0x16, 0x75, 0x8f, 0x23, 0xa0, 0xe7, 0x20, 0x58, 0x48, 0x45, 0x8b,
		0x05, 0xe7, 0x93, 0x87, 0x07, 0x20, 0x94, 0x43, 0x37, 0x07, 0x00, 0xff,
		0x13, 0x06, 0xf7, 0x0f, 0xf1, 0x8e, 0x37, 0x37, 0x10, 0x40, 0x13, 0x07,
		0x07, 0xa0, 0xd9, 0x8e, 0x94, 0xc3, 0xd8, 0x43, 0xb7, 0x26, 0x12, 0x00,
		0x71, 0x8f, 0x35, 0xa0, 0xc1, 0x46, 0x63, 0x17, 0xd7, 0x02, 0x93, 0x87,
		0x07, 0x20, 0x94, 0x43, 0x37, 0x07, 0x00, 0xff, 0x13, 0x06, 0xf7, 0x0f,
		0x37, 0x37, 0x08, 0x00, 0x13, 0x07, 0x07, 0xa0, 0xf1, 0x8e, 0xd9, 0x8e,
		0x94, 0xc3, 0xd8, 0x43, 0xb7, 0x26, 0x0a, 0x00, 0x71, 0x8f, 0x93, 0x86,
		0x06, 0x70, 0xed, 0xb5, 0xc5, 0x46, 0xe3, 0x14, 0xd7, 0xde, 0x93, 0x87,
		0x07, 0x20, 0x94, 0x43, 0x37, 0x07, 0x00, 0xff, 0x13, 0x06, 0xf7, 0x0f,
		0xf1, 0x8e, 0x37, 0x37, 0x10, 0x00, 0x55, 0xb7, 0x37, 0x27, 0x10, 0x03,
		0x5c, 0x4b, 0xb7, 0x06, 0x00, 0x80, 0xd5, 0x8f, 0x5c, 0xcb, 0x82, 0x80,
		0x03, 0x2e, 0x45, 0x01, 0x37, 0x33, 0x10, 0x03, 0x86, 0x05, 0x93, 0x77,
		0x1e, 0x00, 0x09, 0x4e, 0x86, 0x06, 0x81, 0x48, 0x13, 0x03, 0x83, 0x30,
		0x93, 0x0f, 0xf0, 0x0f, 0xb7, 0x02, 0x00, 0xff, 0x33, 0x0e, 0xfe, 0x40,
		0x13, 0x9f, 0x78, 0x00, 0x0b, 0x48, 0x6f, 0x40, 0x93, 0x77, 0xf8, 0x0f,
		0x15, 0xce, 0x01, 0x45, 0x63, 0xf4, 0xf5, 0x00, 0x33, 0x85, 0xb7, 0x40,
		0x8b, 0x3e, 0x88, 0x3c, 0x1d, 0xcb, 0x81, 0x47, 0x63, 0xf4, 0xd6, 0x01,
		0xb3, 0x87, 0xde, 0x40, 0x33, 0x78, 0x58, 0x00, 0x33, 0x65, 0x05, 0x01,
		0x13, 0x98, 0x87, 0x00, 0x33, 0x65, 0xa8, 0x00, 0xc2, 0x07, 0xc9, 0x8f,
		0x8b, 0x57, 0x6f, 0x40, 0x85, 0x08, 0xe3, 0x1f, 0x1e, 0xfb, 0x82, 0x80,
		0x33, 0x85, 0xf5, 0x00, 0x33, 0x55, 0xf5, 0x0b, 0xe1, 0xb7, 0xb3, 0x87,
		0xd6, 0x01, 0xb3, 0xd7, 0xf7, 0x0b, 0xf9, 0xb7, 0x01, 0x11, 0x26, 0xca,
		0x22, 0xcc, 0x06, 0xce, 0x2a, 0x84, 0xef, 0xe0, 0x1f, 0xeb, 0x22, 0x85,
		0xef, 0xf0, 0x6f, 0xa9, 0x22, 0x85, 0xef, 0xf0, 0xaf, 0xb2, 0x0c, 0x5c,
		0xaa, 0x84, 0x22, 0x85, 0x0b, 0xb7, 0xf5, 0x3c, 0x8b, 0xb6, 0x85, 0x38,
		0x0b, 0xb6, 0x75, 0x1c, 0x93, 0xf5, 0xf5, 0x07, 0x81, 0x3f, 0x22, 0x85,
		0xef, 0xf0, 0xaf, 0xd0, 0x22, 0x85, 0x51, 0x39, 0x2a, 0xc6, 0x0d, 0x3f,
		0x32, 0x45, 0x62, 0x44, 0xf2, 0x40, 0x65, 0x8d, 0x05, 0x89, 0xd2, 0x44,
		0x05, 0x61, 0x82, 0x80, 0x01, 0x11, 0x26, 0xca, 0x22, 0xcc, 0x06, 0xce,
		0x05, 0x81, 0x37, 0x44, 0x23, 0x01, 0xb7, 0xc6, 0xdc, 0xfe, 0x52, 0x05,
		0x37, 0x07, 0x00, 0x40, 0x81, 0x47, 0x13, 0x04, 0x74, 0x56, 0x93, 0x86,
		0x86, 0xa9, 0x63, 0x93, 0xb7, 0x02, 0x37, 0x77, 0xb9, 0xfd, 0xa2, 0x97,
		0xb7, 0x04, 0x00, 0x40, 0x13, 0x07, 0x17, 0x53, 0x63, 0x94, 0x87, 0x02,
		0x17, 0x25, 0x00, 0x00, 0x13, 0x05, 0xc5, 0x8d, 0xef, 0xe0, 0x8f, 0xae,
		0x01, 0x45, 0xb1, 0xa0, 0x33, 0x86, 0x87, 0x00, 0x10, 0xc3, 0x33, 0x86,
		0xd7, 0x00, 0x0b, 0x56, 0xe5, 0x40, 0x85, 0x07, 0x11, 0x07, 0xe1, 0xb7,
		0x8b, 0x45, 0x95, 0x40, 0xb3, 0x06, 0x95, 0x00, 0x33, 0x06, 0xe4, 0x00,
		0x63, 0x0a, 0xb6, 0x02, 0x17, 0x25, 0x00, 0x00, 0x13, 0x05, 0x45, 0x87,
		0x36, 0xc2, 0x32, 0xc4, 0x2e, 0xc6, 0xef, 0xe0, 0xef, 0xaa, 0x92, 0x46,
		0x22, 0x46, 0xb2, 0x45, 0x17, 0x25, 0x00, 0x00, 0x13, 0x05, 0x85, 0x87,
		0xef, 0xe0, 0xcf, 0xa9, 0x05, 0x45, 0xd2, 0x44, 0x62, 0x44, 0xf2, 0x40,
		0x05, 0x61, 0x82, 0x80, 0xa6, 0x86, 0x8b, 0xc5, 0x46, 0x58, 0x63, 0x8d,
		0x85, 0x00, 0x17, 0x25, 0x00, 0x00, 0x13, 0x05, 0xa5, 0x83, 0x2e, 0xc2,
		0xef, 0xe0, 0x8f, 0xa7, 0x92, 0x45, 0xa6, 0x86, 0x22, 0x86, 0xe9, 0xb7,
		0x05, 0x04, 0xb6, 0x84, 0x95, 0xbf, 0x41, 0x11, 0x22, 0xc4, 0x2a, 0x84,
		0x17, 0x25, 0x00, 0x00, 0x13, 0x05, 0x45, 0x81, 0x06, 0xc6, 0xef, 0xe0,
		0x6f, 0xa5, 0x0c, 0x40, 0x17, 0x25, 0x00, 0x00, 0x13, 0x05, 0x45, 0x85,
		0xef, 0xe0, 0x8f, 0xa4, 0x4c, 0x40, 0x17, 0x25, 0x00, 0x00, 0x13, 0x05,
		0xa5, 0x85, 0xef, 0xe0, 0xaf, 0xa3, 0x0c, 0x44, 0x17, 0x25, 0x00, 0x00,
		0x13, 0x05, 0x05, 0x86, 0xef, 0xe0, 0xcf, 0xa2, 0x4c, 0x44, 0x17, 0x25,
		0x00, 0x00, 0x13, 0x05, 0x65, 0x86, 0xef, 0xe0, 0xef, 0xa1, 0x0c, 0x48,
		0x17, 0x25, 0x00, 0x00, 0x13, 0x05, 0xc5, 0x86, 0xef, 0xe0, 0x0f, 0xa1,
		0x4c, 0x48, 0x17, 0x25, 0x00, 0x00, 0x13, 0x05, 0x25, 0x87, 0xef, 0xe0,
		0x2f, 0xa0, 0x0c, 0x4c, 0x17, 0x25, 0x00, 0x00, 0x13, 0x05, 0x85, 0x87,
		0xef, 0xe0, 0x4f, 0x9f, 0x4c, 0x4c, 0x17, 0x25, 0x00, 0x00, 0x13, 0x05,
		0xe5, 0x87, 0xef, 0xe0, 0x6f, 0x9e, 0x0c, 0x50, 0x17, 0x25, 0x00, 0x00,
		0x13, 0x05, 0x45, 0x88, 0xef, 0xe0, 0x8f, 0x9d, 0x4c, 0x50, 0x17, 0x25,
		0x00, 0x00, 0x13, 0x05, 0xa5, 0x88, 0xef, 0xe0, 0xaf, 0x9c, 0x0c, 0x54,
		0x17, 0x25, 0x00, 0x00, 0x13, 0x05, 0x05, 0x89, 0xef, 0xe0, 0xcf, 0x9b,
		0x4c, 0x54, 0x17, 0x25, 0x00, 0x00, 0x13, 0x05, 0x65, 0x89, 0xef, 0xe0,
		0xef, 0x9a, 0x0c, 0x58, 0x17, 0x25, 0x00, 0x00, 0x13, 0x05, 0xc5, 0x89,
		0xef, 0xe0, 0x0f, 0x9a, 0x4c, 0x58, 0x17, 0x25, 0x00, 0x00, 0x13, 0x05,
		0x25, 0x8a, 0xef, 0xe0, 0x2f, 0x99, 0x0c, 0x5c, 0x17, 0x25, 0x00, 0x00,
		0x13, 0x05, 0x85, 0x8a, 0xef, 0xe0, 0x4f, 0x98, 0x4c, 0x5c, 0x17, 0x25,
		0x00, 0x00, 0x13, 0x05, 0xe5, 0x8a, 0xef, 0xe0, 0x6f, 0x97, 0x2c, 0x40,
		0x17, 0x25, 0x00, 0x00, 0x13, 0x05, 0x45, 0x8b, 0xef, 0xe0, 0x8f, 0x96,
		0x6c, 0x40, 0x17, 0x25, 0x00, 0x00, 0x13, 0x05, 0xa5, 0x8b, 0xef, 0xe0,
		0xaf, 0x95, 0x2c, 0x44, 0x17, 0x25, 0x00, 0x00, 0x13, 0x05, 0x05, 0x8c,
		0xef, 0xe0, 0xcf, 0x94, 0x6c, 0x44, 0x17, 0x25, 0x00, 0x00, 0x13, 0x05,
		0x65, 0x8c, 0xef, 0xe0, 0xef, 0x93, 0x2c, 0x48, 0x17, 0x25, 0x00, 0x00,
		0x13, 0x05, 0xc5, 0x8c, 0xef, 0xe0, 0x0f, 0x93, 0x6c, 0x48, 0x17, 0x25,
		0x00, 0x00, 0x13, 0x05, 0x25, 0x8d, 0xef, 0xe0, 0x2f, 0x92, 0x2c, 0x4c,
		0x17, 0x25, 0x00, 0x00, 0x13, 0x05, 0x85, 0x8d, 0xef, 0xe0, 0x4f, 0x91,
		0x6c, 0x4c, 0x17, 0x25, 0x00, 0x00, 0x13, 0x05, 0xe5, 0x8d, 0xef, 0xe0,
		0x6f, 0x90, 0x22, 0x44, 0xb2, 0x40, 0x17, 0x15, 0x00, 0x00, 0x13, 0x05,
		0x25, 0x6b, 0x41, 0x01, 0x6f, 0xe0, 0x4f, 0x8f, 0x78, 0x4d, 0x41, 0x11,
		0x4a, 0xc0, 0x26, 0xc2, 0x22, 0xc4, 0x06, 0xc6, 0xb7, 0x07, 0x00, 0x20,
		0x2a, 0x84, 0xf9, 0x8f, 0x91, 0xc3, 0x95, 0x3d, 0xb7, 0x07, 0x00, 0x03,
		0x93, 0x87, 0x07, 0x10, 0xb8, 0x53, 0x17, 0x25, 0x00, 0x00, 0x13, 0x05,
		0x25, 0x8b, 0x75, 0x9b, 0xb8, 0xd3, 0xf8, 0x5b, 0x37, 0x07, 0x37, 0x19,
		0x13, 0x07, 0x57, 0x50, 0xf8, 0xdb, 0xec, 0x5b, 0xef, 0xe0, 0x4f, 0x8b,
		0x22, 0x85, 0xef, 0xe0, 0x1f, 0x98, 0x93, 0x07, 0x04, 0x06, 0x13, 0x07,
		0x04, 0x08, 0x23, 0x80, 0x07, 0x02, 0x0b, 0xd0, 0x17, 0x18, 0xe3, 0x9c,
		0xe7, 0xfe, 0x3c, 0x48, 0x63, 0xc1, 0x07, 0x02, 0x37, 0x07, 0x08, 0x00,
		0xf9, 0x8f, 0x81, 0xcf, 0x22, 0x85, 0xef, 0x00, 0x90, 0x55, 0x19, 0xc1,
		0x81, 0x44, 0x81, 0xa8, 0x3c, 0x48, 0x37, 0x07, 0x00, 0x80, 0xd9, 0x8f,
		0x3c, 0xc8, 0x01, 0x45, 0xef, 0xe0, 0xcf, 0xfb, 0x0b, 0x35, 0x05, 0x3c,
		0x0d, 0xc1, 0x7c, 0x4c, 0x85, 0x8b, 0x91, 0xef, 0xef, 0xe0, 0x6f, 0xfe,
		0x48, 0xc0, 0x69, 0xdd, 0x17, 0x25, 0x00, 0x00, 0x13, 0x05, 0x05, 0x85,
		0xef, 0xe0, 0x0f, 0x85, 0x22, 0x85, 0xef, 0xe0, 0x7f, 0x84, 0x22, 0x85,
		0x03, 0x29, 0x04, 0x01, 0xe1, 0x31, 0xaa, 0x84, 0x11, 0xed, 0x17, 0x25,
		0x00, 0x00, 0x13, 0x05, 0x25, 0x85, 0xef, 0xe0, 0x2f, 0x83, 0x22, 0x44,
		0xb2, 0x40, 0x26, 0x85, 0x02, 0x49, 0x92, 0x44, 0x41, 0x01, 0x82, 0x80,
		0xef, 0xe0, 0x5f, 0x91, 0x97, 0x25, 0x00, 0x00, 0x93, 0x85, 0x05, 0x85,
		0x17, 0x25, 0x00, 0x00, 0x13, 0x05, 0x05, 0x85, 0xef, 0xe0, 0xcf, 0x80,
		0x0c, 0x40, 0x17, 0x25, 0x00, 0x00, 0x13, 0x05, 0xe5, 0x85, 0xef, 0xd0,
		0xff, 0xff, 0x48, 0x40, 0xef, 0xe0, 0x4f, 0xf0, 0xaa, 0x85, 0x17, 0x25,
		0x00, 0x00, 0x13, 0x05, 0x25, 0x86, 0xef, 0xd0, 0xbf, 0xfe, 0xb7, 0x37,
		0x10, 0x03, 0x83, 0xa5, 0x07, 0x14, 0xb7, 0x07, 0x00, 0x01, 0xfd, 0x17,
		0xfd, 0x8d, 0x17, 0x25, 0x00, 0x00, 0x13, 0x05, 0xa5, 0x85, 0xef, 0xd0,
		0xff, 0xfc, 0x8b, 0x34, 0x09, 0x3c, 0xa6, 0x85, 0x17, 0x25, 0x00, 0x00,
		0x13, 0x05, 0x05, 0x86, 0xef, 0xd0, 0xdf, 0xfb, 0x85, 0x65, 0x26, 0x85,
		0x71, 0x31, 0x01, 0xc9, 0x17, 0x25, 0x00, 0x00, 0x13, 0x05, 0x45, 0x86,
		0xef, 0xd0, 0x9f, 0xfa, 0x15, 0xb7, 0x78, 0x4c, 0xb7, 0x07, 0x00, 0x20,
		0xf9, 0x8f, 0xb5, 0xd7, 0x22, 0x85, 0x05, 0x3b, 0x9d, 0xb7, 0xb7, 0x27,
		0x00, 0x03, 0x23, 0xa0, 0x07, 0x02, 0x98, 0x53, 0xb7, 0x16, 0x00, 0x02,
		0x13, 0x17, 0x07, 0x29, 0x98, 0xd3, 0x98, 0x53, 0x13, 0x67, 0x17, 0x00,
		0x98, 0xd3, 0x03, 0xa7, 0x46, 0x54, 0x13, 0x17, 0xe7, 0x29, 0x23, 0xa2,
		0xe6, 0x54, 0x23, 0xa0, 0x07, 0x02, 0x82, 0x80, 0x81, 0x47, 0x01, 0x47,
		0x63, 0x94, 0xc7, 0x00, 0x3a, 0x85, 0x82, 0x80, 0x0b, 0x48, 0xf5, 0x44,
		0x8b, 0xc6, 0xf5, 0x44, 0x63, 0x03, 0xd8, 0x00, 0x7d, 0x57, 0x85, 0x07,
		0xe5, 0xb7, 0x79, 0x71, 0x52, 0xcc, 0x4e, 0xce, 0x4a, 0xd0, 0x26, 0xd2,
		0x22, 0xd4, 0x06, 0xd6, 0xaa, 0x89, 0x01, 0x44, 0x41, 0x4a, 0xb3, 0x14,
		0x80, 0x28, 0x21, 0x49, 0xa6, 0x86, 0x81, 0x47, 0x93, 0xc4, 0xf4, 0xff,
		0x63, 0x97, 0xc7, 0x02, 0x4e, 0x85, 0x8b, 0x55, 0xc1, 0xe2, 0x5d, 0x3f,
		0x05, 0xed, 0x8b, 0x45, 0xc1, 0xe2, 0x7d, 0x19, 0xe3, 0x12, 0x09, 0xfe,
		0x05, 0x04, 0xe3, 0x1c, 0x44, 0xfd, 0x22, 0x54, 0xb2, 0x50, 0x62, 0x4a,
		0xf2, 0x49, 0x02, 0x59, 0x92, 0x54, 0x45, 0x61, 0x82, 0x80, 0x13, 0xf5,
		0x17, 0x00, 0x26, 0x87, 0x0b, 0x97, 0xa6, 0x42, 0x0b, 0xd7, 0xf5, 0x44,
		0x0b, 0xd7, 0xf9, 0x44, 0x85, 0x07, 0x7d, 0xbf, 0x7d, 0x55, 0xe1, 0xbf,
		0x59, 0xbf, 0x01, 0x11, 0x26, 0xca, 0x22, 0xcc, 0x06, 0xce, 0x00, 0x49,
		0x0b, 0x56, 0xb1, 0xe2, 0xaa, 0x84, 0x89, 0x3e, 0x1d, 0xcd, 0x0b, 0x46,
		0xb1, 0xe2, 0x26, 0x85, 0x0b, 0x34, 0x14, 0x3c, 0xb3, 0x06, 0xc0, 0x40,
		0xb3, 0x07, 0xb0, 0x40, 0x13, 0x57, 0xf6, 0x01, 0xb3, 0x66, 0xd6, 0x0a,
		0x13, 0xd6, 0xf5, 0x01, 0xb3, 0xe5, 0xf5, 0x0a, 0x75, 0x34, 0x52, 0x04,
		0xb7, 0x05, 0x00, 0x40, 0xa2, 0x95, 0xd2, 0x44, 0x62, 0x44, 0xf2, 0x40,
		0x05, 0x66, 0x37, 0x05, 0x00, 0x40, 0x05, 0x61, 0x45, 0xbf, 0xd2, 0x44,
		0x62, 0x44, 0xf2, 0x40, 0x05, 0x45, 0x05, 0x61, 0x82, 0x80, 0x65, 0x71,
		0x23, 0x2e, 0xb1, 0x15, 0x23, 0x24, 0x81, 0x18, 0x23, 0x26, 0x11, 0x18,
		0x2a, 0x84, 0x41, 0x46, 0x97, 0x15, 0x00, 0x00, 0x93, 0x85, 0x85, 0xee,
		0x88, 0x08, 0x23, 0x20, 0xa1, 0x17, 0x23, 0x22, 0x91, 0x17, 0x23, 0x24,
		0x81, 0x17, 0x23, 0x26, 0x71, 0x17, 0x23, 0x28, 0x61, 0x17, 0x23, 0x2a,
		0x51, 0x17, 0x23, 0x2c, 0x41, 0x17, 0x23, 0x2e, 0x31, 0x17, 0x23, 0x20,
		0x21, 0x19, 0x23, 0x22, 0x91, 0x18, 0xef, 0xd0, 0x9f, 0xfc, 0x13, 0x06,
		0x00, 0x02, 0x81, 0x45, 0x88, 0x18, 0xef, 0xd0, 0x7f, 0xf3, 0x13, 0x06,
		0x00, 0x02, 0x81, 0x45, 0x08, 0x09, 0xef, 0xd0, 0xbf, 0xf2, 0x03, 0x57,
		0x24, 0x05, 0x81, 0x47, 0x01, 0x48, 0x1d, 0x8b, 0xbe, 0xd4, 0xc2, 0xd6,
		0xa9, 0x67, 0x37, 0x36, 0x10, 0x03, 0x93, 0x87, 0x07, 0xc4, 0x33, 0x07,
		0xf7, 0x02, 0x83, 0x27, 0x06, 0x30, 0x04, 0x40, 0xb7, 0x66, 0xcd, 0x1d,
		0x8b, 0xb7, 0x87, 0x3c, 0x93, 0x86, 0x06, 0x50, 0x22, 0x85, 0xb3, 0x87,
		0x97, 0x02, 0xb3, 0xd7, 0xf6, 0x02, 0xb3, 0x57, 0xf7, 0x02, 0xbe, 0xd0,
		0x83, 0x27, 0x06, 0x38, 0x8b, 0xb7, 0x87, 0x3c, 0xb3, 0x87, 0x97, 0x02,
		0xb3, 0xd6, 0xf6, 0x02, 0x7c, 0x48, 0x3e, 0xca, 0x3c, 0x4c, 0x3e, 0xcc,
		0x33, 0x57, 0xd7, 0x02, 0xba, 0xd2, 0xa9, 0x34, 0x09, 0xe9, 0xa6, 0x85,
		0x17, 0x15, 0x00, 0x00, 0x13, 0x05, 0x85, 0x6d, 0xef, 0xd0, 0x5f, 0xdb,
		0x01, 0xa0, 0x05, 0x66, 0xb7, 0x05, 0x40, 0x40, 0x37, 0x05, 0x00, 0x40,
		0xe1, 0x35, 0x0c, 0x40, 0x70, 0x48, 0x34, 0x4c, 0x21, 0xc5, 0x17, 0x15,
		0x00, 0x00, 0x13, 0x05, 0xa5, 0x6c, 0xef, 0xd0, 0x3f, 0xd9, 0x05, 0x45,
		0x83, 0x24, 0x41, 0x18, 0x03, 0x24, 0x81, 0x18, 0x83, 0x20, 0xc1, 0x18,
		0x83, 0x2d, 0xc1, 0x15, 0x03, 0x2d, 0x01, 0x16, 0x83, 0x2c, 0x41, 0x16,
		0x03, 0x2c, 0x81, 0x16, 0x83, 0x2b, 0xc1, 0x16, 0x03, 0x2b, 0x01, 0x17,
		0x83, 0x2a, 0x41, 0x17, 0x03, 0x2a, 0x81, 0x17, 0x83, 0x29, 0xc1, 0x17,
		0x03, 0x29, 0x01, 0x18, 0x59, 0x61, 0x82, 0x80, 0x17, 0x15, 0x00, 0x00,
		0x13, 0x05, 0x85, 0x6e, 0xef, 0xd0, 0xdf, 0xd4, 0x0b, 0x49, 0x34, 0xe5,
		0x4d, 0x3b, 0x22, 0x85, 0x04, 0xc0, 0xd9, 0x32, 0x0c, 0x40, 0x63, 0x1c,
		0x05, 0x10, 0x17, 0x15, 0x00, 0x00, 0x13, 0x05, 0xa5, 0x72, 0xef, 0xd0,
		0xff, 0xd2, 0x93, 0xf9, 0x19, 0x00, 0x89, 0x47, 0xb3, 0x87, 0x37, 0x41,
		0x17, 0x15, 0x00, 0x00, 0x13, 0x05, 0xc5, 0x76, 0x3e, 0xc2, 0x0b, 0x39,
		0x19, 0x3c, 0xef, 0xd0, 0x3f, 0xd1, 0x52, 0x09, 0xb7, 0x07, 0x00, 0x40,
		0xca, 0x97, 0x22, 0x8d, 0xa2, 0x8d, 0xbd, 0x4b, 0x13, 0x03, 0x01, 0x0b,
		0x81, 0x4e, 0x3e, 0xc6, 0x62, 0x47, 0x93, 0x93, 0x2e, 0x00, 0x93, 0x97,
		0x3e, 0x00, 0x93, 0x88, 0x03, 0x01, 0x3e, 0xd0, 0xb3, 0x97, 0x1b, 0x01,
		0x93, 0xc2, 0xf7, 0xff, 0x3e, 0xd2, 0xf9, 0x8f, 0x3e, 0xc8, 0xb3, 0x5c,
		0x17, 0x01, 0x93, 0x87, 0x0d, 0x06, 0x93, 0x0a, 0x01, 0x07, 0x6e, 0x8b,
		0x01, 0x4f, 0x01, 0x4a, 0x01, 0x4c, 0x93, 0xfc, 0xfc, 0x00, 0x3e, 0xce,
		0x82, 0x57, 0x23, 0x00, 0x0b, 0x06, 0x01, 0x4e, 0xe2, 0x97, 0x3e, 0xc4,
		0x01, 0x46, 0x8d, 0x49, 0x81, 0x47, 0xb2, 0x86, 0x03, 0x47, 0x0b, 0x06,
		0x90, 0x08, 0x8b, 0x44, 0x36, 0x45, 0x3d, 0x8b, 0xc1, 0xe7, 0x01, 0x49,
		0x63, 0xf4, 0xe4, 0x00, 0x33, 0x09, 0x97, 0x40, 0x13, 0x76, 0xf9, 0x00,
		0x13, 0x77, 0xf9, 0x0f, 0x23, 0x00, 0xcb, 0x06, 0x22, 0x85, 0x1e, 0xd8,
		0x46, 0xda, 0x1a, 0xdc, 0x16, 0xde, 0xf2, 0xc0, 0xbe, 0xc2, 0xf6, 0xc4,
		0xfa, 0xc6, 0x3a, 0xd4, 0x36, 0xd6, 0xef, 0xe0, 0xdf, 0x8a, 0xb2, 0x45,
		0x05, 0x66, 0x37, 0x05, 0x00, 0x40, 0x69, 0x33, 0xb2, 0x56, 0xc2, 0x53,
		0xd2, 0x58, 0x62, 0x53, 0xf2, 0x52, 0x06, 0x4e, 0x96, 0x47, 0xa6, 0x4e,
		0x36, 0x4f, 0x93, 0x0f, 0x01, 0x09, 0x63, 0x0e, 0x05, 0x2e, 0x22, 0x57,
		0x63, 0x90, 0x07, 0x10, 0x63, 0x93, 0x09, 0x06, 0x83, 0xa7, 0x0a, 0x00,
		0x09, 0x48, 0x95, 0xe7, 0xb3, 0x07, 0xc9, 0x01, 0xca, 0x86, 0x8d, 0x49,
		0xb3, 0xc7, 0x07, 0x03, 0xbd, 0x8b, 0x23, 0x00, 0xfb, 0x06, 0x85, 0x47,
		0xa5, 0xbf, 0x17, 0x15, 0x00, 0x00, 0x13, 0x05, 0x65, 0x64, 0xf5, 0xb5,
		0x33, 0x89, 0xe4, 0x00, 0x33, 0x59, 0x79, 0x0b, 0xb5, 0xbf, 0xfd, 0x17,
		0x23, 0xa0, 0xfa, 0x00, 0x3c, 0x4c, 0x42, 0x47, 0xb3, 0xf7, 0xf2, 0x00,
		0xd9, 0x8f, 0x3c, 0xcc, 0xa1, 0x47, 0x63, 0x87, 0x89, 0x01, 0x72, 0x46,
		0x0b, 0xc7, 0x3f, 0x45, 0x0b, 0x57, 0x36, 0x01, 0x85, 0x09, 0xe3, 0x98,
		0xf9, 0xfe, 0x36, 0x86, 0x8d, 0x49, 0x85, 0x47, 0x0d, 0xbf, 0x4a, 0x86,
		0x63, 0x14, 0x09, 0x08, 0x03, 0xa7, 0x0a, 0x00, 0x29, 0xc3, 0x94, 0x08,
		0xfd, 0x19, 0x0b, 0xc5, 0x36, 0x45, 0x21, 0x48, 0xee, 0x86, 0x09, 0x8f,
		0x23, 0xa0, 0xea, 0x00, 0x01, 0x47, 0x63, 0x07, 0x87, 0x01, 0x83, 0xc5,
		0x06, 0x06, 0x89, 0x8d, 0x23, 0x80, 0xb6, 0x06, 0x05, 0x07, 0x85, 0x06,
		0xe3, 0x17, 0x07, 0xff, 0x03, 0xa7, 0x0a, 0x00, 0x34, 0x4c, 0x66, 0x97,
		0xb3, 0xf6, 0xd2, 0x00, 0x33, 0x17, 0x17, 0x01, 0x55, 0x8f, 0x38, 0xcc,
		0xdd, 0xb5, 0x34, 0x4c, 0xee, 0x85, 0x21, 0x45, 0xb3, 0xd6, 0x16, 0x01,
		0xbd, 0x8a, 0xb3, 0x86, 0x96, 0x41, 0xb6, 0x94, 0xbd, 0x88, 0x23, 0xa0,
		0x9a, 0x00, 0x63, 0x0b, 0x87, 0x01, 0x8b, 0xc6, 0xef, 0x44, 0xa6, 0x96,
		0x93, 0xf6, 0xf6, 0x0f, 0x63, 0xe9, 0xdb, 0x00, 0x23, 0x80, 0xd5, 0x06,
		0x05, 0x07, 0x85, 0x05, 0xe3, 0x13, 0xa7, 0xfe, 0x55, 0xbf, 0x23, 0x80,
		0x75, 0x07, 0xcd, 0xbf, 0xba, 0x94, 0xbd, 0x88, 0x23, 0x00, 0x9b, 0x06,
		0xfd, 0x19, 0x71, 0xbd, 0x63, 0x94, 0x09, 0x1e, 0x03, 0xa6, 0x0a, 0x00,
		0xb3, 0x07, 0xd9, 0x00, 0x01, 0x47, 0x63, 0x75, 0xf6, 0x00, 0x91, 0x8f,
		0x0b, 0xb7, 0x17, 0x10, 0x23, 0x00, 0xeb, 0x06, 0x0b, 0xd7, 0x8f, 0x45,
		0x03, 0xa6, 0x0a, 0x00, 0x33, 0x07, 0x99, 0x41, 0xb3, 0x04, 0xd7, 0x40,
		0x66, 0x96, 0x93, 0x07, 0x16, 0x00, 0xbe, 0x94, 0xb3, 0x07, 0xd7, 0x00,
		0x33, 0x88, 0xc7, 0x40, 0xb3, 0x07, 0xf6, 0x40, 0x3a, 0x9f, 0x33, 0x68,
		0xf8, 0x0a, 0x13, 0x58, 0x18, 0x40, 0x32, 0x9a, 0x33, 0x48, 0x78, 0x0b,
		0x63, 0x74, 0xc7, 0x00, 0x23, 0x00, 0x0b, 0x06, 0xa6, 0x87, 0xa2, 0x45,
		0x17, 0x15, 0x00, 0x00, 0x13, 0x05, 0x05, 0x56, 0x76, 0xdc, 0x7a, 0xde,
		0x1e, 0xd4, 0x46, 0xd6, 0x1a, 0xd8, 0x16, 0xda, 0xef, 0xd0, 0x9f, 0xad,
		0xe2, 0x5e, 0x9c, 0x10, 0x86, 0x04, 0x8b, 0xc6, 0xd7, 0x45, 0x63, 0xeb,
		0xd4, 0x22, 0xa1, 0x47, 0xa2, 0x53, 0xb2, 0x58, 0x42, 0x53, 0xd2, 0x52,
		0x72, 0x5f, 0x05, 0x0c, 0x05, 0x0b, 0x91, 0x0a, 0x93, 0x0f, 0x01, 0x09,
		0xe3, 0x18, 0xfc, 0xde, 0x38, 0x4c, 0x63, 0x55, 0x4f, 0x23, 0x33, 0x0f,
		0xea, 0x41, 0x8b, 0x37, 0x4f, 0x1c, 0x13, 0x7f, 0x8f, 0x00, 0x63, 0x1b,
		0x0f, 0x20, 0x23, 0x28, 0xf3, 0x00, 0x83, 0x27, 0x03, 0x01, 0xb3, 0xf2,
		0xe2, 0x00, 0xbd, 0x8b, 0xb3, 0x98, 0x17, 0x01, 0xb3, 0xe8, 0x58, 0x00,
		0x23, 0x2c, 0x14, 0x05, 0x81, 0x47, 0x94, 0x18, 0x21, 0x47, 0x0b, 0xd0,
		0xf6, 0x44, 0x0b, 0xd0, 0xff, 0x44, 0x85, 0x07, 0xe3, 0x9b, 0xe7, 0xfe,
		0x92, 0x47, 0x85, 0x0e, 0x51, 0x03, 0xa1, 0x0d, 0xe3, 0x94, 0xd7, 0xd7,
		0x2c, 0x4c, 0x17, 0x15, 0x00, 0x00, 0x13, 0x05, 0x25, 0x55, 0xef, 0xd0,
		0x3f, 0xa5, 0x17, 0x15, 0x00, 0x00, 0x13, 0x05, 0x25, 0x58, 0xef, 0xd0,
		0x7f, 0xa4, 0xbd, 0x4b, 0x13, 0x03, 0x01, 0x10, 0x01, 0x4e, 0x93, 0x17,
		0x3e, 0x00, 0x93, 0x13, 0x2e, 0x00, 0x3e, 0xce, 0xd2, 0x47, 0x93, 0x88,
		0x03, 0x01, 0xb3, 0x92, 0x1b, 0x01, 0xb3, 0xdc, 0x17, 0x01, 0xb3, 0xf7,
		0xf2, 0x00, 0x3e, 0xc8, 0x93, 0x07, 0x0d, 0x08, 0x93, 0xcf, 0xf2, 0xff,
		0x93, 0x0a, 0x01, 0x07, 0x6a, 0x8b, 0x81, 0x4d, 0x01, 0x4a, 0x01, 0x4c,
		0x93, 0xfc, 0xfc, 0x00, 0x3e, 0xcc, 0xf2, 0x47, 0x23, 0x00, 0x0b, 0x08,
		0x01, 0x48, 0xe2, 0x97, 0x3e, 0xc4, 0x01, 0x46, 0x8d, 0x49, 0x81, 0x47,
		0xb2, 0x86, 0x03, 0x47, 0x0b, 0x08, 0x90, 0x08, 0x8b, 0x44, 0x36, 0x45,
		0x3d, 0x8b, 0x63, 0x9b, 0x07, 0x18, 0x01, 0x49, 0x63, 0xf4, 0xe4, 0x00,
		0x33, 0x09, 0x97, 0x40, 0x13, 0x76, 0xf9, 0x00, 0x13, 0x77, 0xf9, 0x0f,
		0x23, 0x00, 0xcb, 0x08, 0x22, 0x85, 0x16, 0xd4, 0x7e, 0xd6, 0x46, 0xd8,
		0x42, 0xda, 0x1e, 0xdc, 0x1a, 0xde, 0xbe, 0xc0, 0xf2, 0xc2, 0x3a, 0xd0,
		0x36, 0xd2, 0xef, 0xe0, 0xcf, 0xde, 0xb2, 0x45, 0x05, 0x66, 0x37, 0x05,
		0x00, 0x40, 0xe9, 0x34, 0x92, 0x56, 0xa2, 0x52, 0xb2, 0x5f, 0xc2, 0x58,
		0x52, 0x58, 0xe2, 0x53, 0x72, 0x53, 0x86, 0x47, 0x16, 0x4e, 0x13, 0x0f,
		0x01, 0x09, 0x63, 0x01, 0x05, 0x32, 0x02, 0x57, 0x63, 0x96, 0x07, 0x20,
		0x63, 0x99, 0x09, 0x16, 0x83, 0xa7, 0x0a, 0x00, 0x63, 0x9d, 0x07, 0x12,
		0xb3, 0x07, 0x09, 0x01, 0x09, 0x47, 0xca, 0x86, 0x8d, 0x49, 0xb3, 0xc7,
		0xe7, 0x02, 0xbd, 0x8b, 0x23, 0x00, 0xfb, 0x08, 0x85, 0x47, 0x95, 0xbf,
		0x05, 0x8f, 0x3d, 0x8b, 0x23, 0x00, 0xeb, 0x06, 0xfd, 0x19, 0x36, 0x86,
		0x5d, 0xb1, 0x4a, 0x86, 0xd9, 0xeb, 0xe3, 0x10, 0x09, 0xca, 0x34, 0x4c,
		0x33, 0xf7, 0x56, 0x00, 0xb3, 0xd6, 0x16, 0x01, 0xbd, 0x8a, 0x63, 0x84,
		0x76, 0x07, 0x83, 0xa6, 0x0a, 0x00, 0xb6, 0x94, 0xb3, 0xd4, 0x74, 0x0b,
		0x23, 0xa0, 0x9a, 0x00, 0xe6, 0x94, 0x63, 0xf2, 0x9b, 0x04, 0x92, 0x56,
		0xb3, 0xe4, 0xe6, 0x00, 0x33, 0xd7, 0x14, 0x01, 0x3d, 0x8b, 0x33, 0x07,
		0x97, 0x41, 0x24, 0xcc, 0x23, 0xa0, 0xea, 0x00, 0xee, 0x85, 0x81, 0x46,
		0x21, 0x45, 0x63, 0x8d, 0x86, 0x01, 0x0b, 0xc7, 0xdf, 0x44, 0x03, 0xa8,
		0x0a, 0x00, 0x42, 0x97, 0x13, 0x77, 0xf7, 0x0f, 0x63, 0xee, 0xeb, 0x00,
		0x23, 0x80, 0xe5, 0x06, 0x85, 0x06, 0x85, 0x05, 0xe3, 0x91, 0xa6, 0xfe,
		0x2d, 0xb9, 0xb3, 0x94, 0x14, 0x01, 0xd9, 0x8c, 0x24, 0xcc, 0xf9, 0xb7,
		0x23, 0x80, 0x75, 0x07, 0xe5, 0xb7, 0xc2, 0x46, 0xb3, 0xe4, 0xe6, 0x00,
		0x24, 0xcc, 0x21, 0x47, 0x63, 0x85, 0x87, 0x01, 0xf2, 0x46, 0x0b, 0xd0,
		0xf6, 0x00, 0x85, 0x07, 0xe3, 0x9a, 0xe7, 0xfe, 0xe9, 0xb9, 0x63, 0x11,
		0x79, 0x03, 0x03, 0xa7, 0x0a, 0x00, 0x93, 0x87, 0xf6, 0x00, 0x63, 0x78,
		0xf7, 0x00, 0x99, 0x8f, 0x8b, 0xb7, 0x17, 0x10, 0x23, 0x00, 0xfb, 0x06,
		0xa5, 0xbb, 0x23, 0x00, 0x0b, 0x06, 0x8d, 0xbb, 0x4a, 0x8e, 0x81, 0xb7,
		0x22, 0x46, 0x85, 0x82, 0xf6, 0x85, 0x17, 0x15, 0x00, 0x00, 0x13, 0x05,
		0x25, 0x35, 0xd5, 0xbc, 0x85, 0x07, 0xf5, 0xb3, 0x33, 0x0f, 0x4f, 0x41,
		0x8b, 0x37, 0x4f, 0x1c, 0x13, 0x7f, 0x8f, 0x00, 0x63, 0x12, 0x0f, 0x02,
		0x23, 0x26, 0xf3, 0x00, 0x83, 0x27, 0xc3, 0x00, 0xb3, 0x98, 0x7b, 0x00,
		0xbd, 0x8b, 0xb3, 0x78, 0x17, 0x41, 0xb3, 0x93, 0x77, 0x00, 0xb3, 0xe3,
		0x78, 0x00, 0x23, 0x2c, 0x74, 0x04, 0xd9, 0xbb, 0x85, 0x07, 0xf9, 0xbf,
		0x33, 0x09, 0x97, 0x00, 0x33, 0x59, 0x79, 0x0b, 0x85, 0xbd, 0xfd, 0x17,
		0x23, 0xa0, 0xfa, 0x00, 0x7c, 0x48, 0x42, 0x47, 0xb3, 0xf7, 0xff, 0x00,
		0xd9, 0x8f, 0x7c, 0xc8, 0xa1, 0x47, 0x63, 0x87, 0x89, 0x01, 0x62, 0x46,
		0x0b, 0x47, 0x3f, 0x45, 0x0b, 0x57, 0x36, 0x01, 0x85, 0x09, 0xe3, 0x98,
		0xf9, 0xfe, 0x36, 0x86, 0x8d, 0x49, 0x85, 0x47, 0x15, 0xb5, 0x4a, 0x86,
		0x63, 0x14, 0x09, 0x08, 0x03, 0xa7, 0x0a, 0x00, 0x29, 0xc3, 0x94, 0x08,
		0xfd, 0x19, 0x0b, 0xc5, 0x36, 0x45, 0xa1, 0x44, 0xea, 0x86, 0x09, 0x8f,
		0x23, 0xa0, 0xea, 0x00, 0x01, 0x47, 0x63, 0x07, 0x87, 0x01, 0x83, 0xc5,
		0x06, 0x08, 0x89, 0x8d, 0x23, 0x80, 0xb6, 0x08, 0x05, 0x07, 0x85, 0x06,
		0xe3, 0x17, 0x97, 0xfe, 0x03, 0xa7, 0x0a, 0x00, 0x74, 0x48, 0x66, 0x97,
		0xb3, 0xf6, 0xdf, 0x00, 0x33, 0x17, 0x17, 0x01, 0x55, 0x8f, 0x78, 0xc8,
		0xe1, 0xbb, 0x74, 0x48, 0xea, 0x85, 0x21, 0x45, 0xb3, 0xd6, 0x16, 0x01,
		0xbd, 0x8a, 0xb3, 0x86, 0x96, 0x41, 0xb6, 0x94, 0xbd, 0x88, 0x23, 0xa0,
		0x9a, 0x00, 0x63, 0x0b, 0x87, 0x01, 0x8b, 0x46, 0xef, 0x44, 0xa6, 0x96,
		0x93, 0xf6, 0xf6, 0x0f, 0x63, 0xe9, 0xdb, 0x00, 0x23, 0x80, 0xd5, 0x08,
		0x05, 0x07, 0x85, 0x05, 0xe3, 0x13, 0xa7, 0xfe, 0x55, 0xbf, 0x23, 0x80,
		0x75, 0x09, 0xcd, 0xbf, 0xba, 0x94, 0xbd, 0x88, 0x23, 0x00, 0x9b, 0x08,
		0xfd, 0x19, 0x79, 0xb3, 0x63, 0x91, 0x09, 0x10, 0x03, 0xa6, 0x0a, 0x00,
		0xb3, 0x07, 0xd9, 0x00, 0x01, 0x47, 0xb3, 0x05, 0x96, 0x01, 0x63, 0xf5,
		0xf5, 0x00, 0x91, 0x8f, 0x0b, 0xb7, 0x17, 0x10, 0x23, 0x00, 0xeb, 0x08,
		0x0b, 0x57, 0x8f, 0x45, 0x03, 0xa6, 0x0a, 0x00, 0x33, 0x07, 0x99, 0x41,
		0xb3, 0x04, 0xd7, 0x40, 0x66, 0x96, 0x93, 0x07, 0x16, 0x00, 0xbe, 0x94,
		0xb3, 0x07, 0xd7, 0x00, 0x33, 0x88, 0xc7, 0x40, 0xb3, 0x07, 0xf6, 0x40,
		0xba, 0x9d, 0x33, 0x68, 0xf8, 0x0a, 0x13, 0x58, 0x18, 0x40, 0x32, 0x9a,
		0x33, 0x48, 0x78, 0x0b, 0x63, 0x74, 0xc7, 0x00, 0x23, 0x00, 0x0b, 0x08,
		0xa6, 0x87, 0xa2, 0x45, 0x17, 0x15, 0x00, 0x00, 0x13, 0x05, 0x85, 0x27,
		0x1a, 0xd8, 0x72, 0xda, 0x16, 0xd0, 0x7e, 0xd2, 0x46, 0xd4, 0x1e, 0xd6,
		0xef, 0xd0, 0x8f, 0xf0, 0x52, 0x5e, 0x9c, 0x10, 0x86, 0x04, 0x8b, 0xc6,
		0xc7, 0x45, 0x63, 0xe7, 0xd4, 0x14, 0xa1, 0x47, 0x82, 0x52, 0x92, 0x5f,
		0xa2, 0x58, 0xb2, 0x53, 0x42, 0x53, 0x05, 0x0c, 0x05, 0x0b, 0x91, 0x0a,
		0x13, 0x0f, 0x01, 0x09, 0xe3, 0x1f, 0xfc, 0xcc, 0x78, 0x48, 0x63, 0xd2,
		0x4d, 0x15, 0xb3, 0x0e, 0xba, 0x41, 0x8b, 0xb7, 0x4e, 0x1c, 0x93, 0xfe,
		0x8e, 0x00, 0x63, 0x98, 0x0e, 0x12, 0x23, 0x28, 0xf3, 0x00, 0x83, 0x27,
		0x03, 0x01, 0xb3, 0xff, 0xef, 0x00, 0xbd, 0x8b, 0xb3, 0x98, 0x17, 0x01,
		0xb3, 0xe8, 0xf8, 0x01, 0x23, 0x2a, 0x14, 0x05, 0x81, 0x47, 0x94, 0x18,
		0x21, 0x47, 0x0b, 0xd0, 0xf6, 0x44, 0x0b, 0x50, 0xff, 0x44, 0x85, 0x07,
		0xe3, 0x9b, 0xe7, 0xfe, 0x92, 0x47, 0x05, 0x0e, 0x51, 0x03, 0x21, 0x0d,
		0xe3, 0x9b, 0xc7, 0xc5, 0x6c, 0x48, 0x17, 0x15, 0x00, 0x00, 0x13, 0x05,
		0xa5, 0x26, 0xef, 0xd0, 0x2f, 0xe8, 0x01, 0x45, 0xc5, 0xb8, 0x05, 0x8f,
		0x3d, 0x8b, 0x23, 0x00, 0xeb, 0x08, 0xfd, 0x19, 0x36, 0x86, 0xbd, 0xb9,
		0x4a, 0x86, 0xd1, 0xeb, 0xe3, 0x1c, 0x09, 0xc6, 0x74, 0x48, 0x33, 0xf7,
		0xf6, 0x01, 0xb3, 0xd6, 0x16, 0x01, 0xbd, 0x8a, 0x63, 0x83, 0x76, 0x07,
		0x83, 0xa6, 0x0a, 0x00, 0xb6, 0x94, 0xb3, 0xd4, 0x74, 0x0b, 0x23, 0xa0,
		0x9a, 0x00, 0xe6, 0x94, 0x63, 0xf1, 0x9b, 0x04, 0xb3, 0xe4, 0xe2, 0x00,
		0x33, 0xd7, 0x14, 0x01, 0x3d, 0x8b, 0x33, 0x07, 0x97, 0x41, 0x64, 0xc8,
		0x23, 0xa0, 0xea, 0x00, 0xea, 0x85, 0x81, 0x46, 0x21, 0x45, 0x63, 0x8d,
		0x86, 0x01, 0x0b, 0x47, 0xdf, 0x44, 0x83, 0xa4, 0x0a, 0x00, 0x26, 0x97,
		0x13, 0x77, 0xf7, 0x0f, 0x63, 0xee, 0xeb, 0x00, 0x23, 0x80, 0xe5, 0x08,
		0x85, 0x06, 0x85, 0x05, 0xe3, 0x91, 0xa6, 0xfe, 0x11, 0xb9, 0xb3, 0x94,
		0x14, 0x01, 0xd9, 0x8c, 0x64, 0xc8, 0xf9, 0xb7, 0x23, 0x80, 0x75, 0x09,
		0xe5, 0xb7, 0xc2, 0x46, 0xb3, 0xe4, 0xe6, 0x00, 0x64, 0xc8, 0x21, 0x47,
		0x63, 0x85, 0x87, 0x01, 0xe2, 0x46, 0x0b, 0xd0, 0xf6, 0x00, 0x85, 0x07,
		0xe3, 0x9a, 0xe7, 0xfe, 0xc9, 0xb3, 0x63, 0x13, 0x79, 0x03, 0x03, 0xa7,
		0x0a, 0x00, 0x93, 0x87, 0xf6, 0x00, 0x33, 0x86, 0xec, 0x00, 0x63, 0x78,
		0xf6, 0x00, 0x99, 0x8f, 0x8b, 0xb7, 0x17, 0x10, 0x23, 0x00, 0xfb, 0x08,
		0x85, 0xb5, 0x23, 0x00, 0x0b, 0x08, 0xa9, 0xbd, 0x4a, 0x88, 0x3d, 0xbf,
		0x22, 0x46, 0x85, 0x82, 0xf2, 0x85, 0x17, 0x15, 0x00, 0x00, 0x13, 0x05,
		0x25, 0x15, 0x6f, 0xf0, 0xdf, 0x80, 0x85, 0x07, 0xc9, 0xbd, 0xb3, 0x8e,
		0x4d, 0x41, 0x8b, 0xb7, 0x4e, 0x1c, 0x93, 0xfe, 0x8e, 0x00, 0x63, 0x92,
		0x0e, 0x02, 0x23, 0x26, 0xf3, 0x00, 0x83, 0x27, 0xc3, 0x00, 0xb3, 0x98,
		0x7b, 0x00, 0xbd, 0x8b, 0xb3, 0x78, 0x17, 0x41, 0xb3, 0x93, 0x77, 0x00,
		0xb3, 0xe3, 0x78, 0x00, 0x23, 0x2a, 0x74, 0x04, 0x75, 0xbd, 0x85, 0x07,
		0xf9, 0xbf, 0x01, 0x11, 0x52, 0xc4, 0x01, 0x46, 0x81, 0x45, 0x4e, 0xc6,
		0x4a, 0xc8, 0x26, 0xca, 0x22, 0xcc, 0x06, 0xce, 0x2a, 0x89, 0xef, 0xf0,
		0x4f, 0xe7, 0x0d, 0xc1, 0x17, 0x15, 0x00, 0x00, 0x13, 0x05, 0x45, 0x16,
		0xef, 0xd0, 0x0f, 0xd4, 0x85, 0x49, 0x62, 0x44, 0xf2, 0x40, 0x42, 0x49,
		0xd2, 0x44, 0x4e, 0x85, 0x22, 0x4a, 0xb2, 0x49, 0x05, 0x61, 0x82, 0x80,
		0x17, 0x15, 0x00, 0x00, 0x13, 0x05, 0xc5, 0x16, 0xef, 0xd0, 0x0f, 0xd2,
		0x7d, 0x54, 0x93, 0x04, 0x00, 0xf8, 0x22, 0x86, 0x81, 0x45, 0x4a, 0x85,
		0xef, 0xf0, 0x6f, 0xe3, 0x15, 0xcd, 0x05, 0x04, 0x85, 0x44, 0x93, 0x09,
		0x00, 0x08, 0x26, 0x86, 0x81, 0x45, 0x4a, 0x85, 0xef, 0xf0, 0x2f, 0xe2,
		0x15, 0xc9, 0xfd, 0x14, 0x26, 0x86, 0xa2, 0x85, 0x17, 0x15, 0x00, 0x00,
		0x13, 0x05, 0xc5, 0x15, 0xef, 0xd0, 0x8f, 0xce, 0x63, 0x46, 0x94, 0x02,
		0x17, 0x15, 0x00, 0x00, 0x13, 0x05, 0xc5, 0x17, 0xef, 0xd0, 0x8f, 0xcd,
		0x89, 0x49, 0x61, 0xbf, 0x7d, 0x14, 0xe3, 0x1c, 0x94, 0xfa, 0x13, 0x04,
		0x10, 0xf8, 0x7d, 0xbf, 0x85, 0x04, 0xe3, 0x90, 0x34, 0xfd, 0x93, 0x04,
		0xf0, 0x07, 0xd9, 0xb7, 0x26, 0x94, 0x09, 0x46, 0xfd, 0x54, 0x93, 0x09,
		0x00, 0xf8, 0x33, 0x44, 0xc4, 0x02, 0x22, 0x86, 0xa6, 0x85, 0x4a, 0x85,
		0xef, 0xf0, 0xaf, 0xdc, 0x15, 0xcd, 0x85, 0x04, 0x85, 0x49, 0x13, 0x0a,
		0x00, 0x08, 0x22, 0x86, 0xce, 0x85, 0x4a, 0x85, 0xef, 0xf0, 0x6f, 0xdb,
		0x15, 0xc9, 0xfd, 0x19, 0x4e, 0x86, 0xa6, 0x85, 0x17, 0x15, 0x00, 0x00,
		0x13, 0x05, 0x45, 0x14, 0xef, 0xd0, 0xcf, 0xc7, 0x63, 0xc6, 0x34, 0x03,
		0x17, 0x15, 0x00, 0x00, 0x13, 0x05, 0x05, 0x16, 0xef, 0xd0, 0xcf, 0xc6,
		0x8d, 0x49, 0x35, 0xb7, 0xfd, 0x14, 0xe3, 0x9c, 0x34, 0xfb, 0x93, 0x04,
		0x10, 0xf8, 0x7d, 0xbf, 0x85, 0x09, 0xe3, 0x90, 0x49, 0xfd, 0x93, 0x09,
		0xf0, 0x07, 0xd9, 0xb7, 0xce, 0x94, 0x89, 0x45, 0x22, 0x86, 0x17, 0x15,
		0x00, 0x00, 0x13, 0x05, 0x65, 0x15, 0xb3, 0xc4, 0xb4, 0x02, 0xa6, 0x85,
		0xef, 0xd0, 0x8f, 0xc3, 0x22, 0x86, 0xa6, 0x85, 0x4a, 0x85, 0xef, 0xf0,
		0x4f, 0xd5, 0xaa, 0x89, 0x09, 0xc9, 0x17, 0x15, 0x00, 0x00, 0x13, 0x05,
		0xe5, 0x15, 0xef, 0xd0, 0xef, 0xc1, 0x91, 0x49, 0xf9, 0xbd, 0x17, 0x15,
		0x00, 0x00, 0x13, 0x05, 0x25, 0x17, 0xef, 0xd0, 0xef, 0xc0, 0xb3, 0x07,
		0x80, 0x40, 0x21, 0x67, 0xb3, 0x67, 0xf4, 0x0a, 0x41, 0x84, 0xa2, 0x07,
		0x79, 0x8c, 0x5d, 0x8c, 0xb3, 0x07, 0x90, 0x40, 0xb3, 0xe7, 0xf4, 0x0a,
		0xe1, 0x84, 0x5d, 0x8c, 0x93, 0xf4, 0x04, 0x08, 0xc1, 0x8c, 0x23, 0x2c,
		0x99, 0x02, 0x65, 0xb5, 0x01, 0x11, 0x4e, 0xc6, 0x4a, 0xc8, 0x26, 0xca,
		0xaa, 0x84, 0x17, 0x15, 0x00, 0x00, 0x13, 0x05, 0x65, 0x15, 0x22, 0xcc,
		0x06, 0xce, 0xef, 0xd0, 0xaf, 0xbc, 0x17, 0x15, 0x00, 0x00, 0x13, 0x05,
		0xe5, 0x16, 0xef, 0xd0, 0xef, 0xbb, 0x13, 0x04, 0x10, 0xf8, 0x97, 0x19,
		0x00, 0x00, 0x93, 0x89, 0xe9, 0x17, 0x13, 0x09, 0x00, 0x08, 0x22, 0x86,
		0x81, 0x45, 0x26, 0x85, 0xef, 0xf0, 0xaf, 0xcc, 0x13, 0x06, 0x80, 0x07,
		0x19, 0xe1, 0x13, 0x06, 0x00, 0x03, 0xa2, 0x85, 0x4e, 0x85, 0xef, 0xd0,
		0x2f, 0xb9, 0x05, 0x04, 0xe3, 0x11, 0x24, 0xff, 0x17, 0x15, 0x00, 0x00,
		0x13, 0x05, 0x85, 0x16, 0xef, 0xd0, 0x0f, 0xb8, 0x17, 0x15, 0x00, 0x00,
		0x13, 0x05, 0x45, 0x12, 0xef, 0xd0, 0x4f, 0xb7, 0x13, 0x04, 0x10, 0xf8,
		0x97, 0x19, 0x00, 0x00, 0x93, 0x89, 0x49, 0x13, 0x13, 0x09, 0x00, 0x08,
		0x01, 0x46, 0xa2, 0x85, 0x26, 0x85, 0xef, 0xf0, 0x0f, 0xc8, 0x13, 0x06,
		0x80, 0x07, 0x19, 0xe1, 0x13, 0x06, 0x00, 0x03, 0xa2, 0x85, 0x4e, 0x85,
		0xef, 0xd0, 0x8f, 0xb4, 0x05, 0x04, 0xe3, 0x11, 0x24, 0xff, 0xd2, 0x44,
		0x62, 0x44, 0xf2, 0x40, 0xb2, 0x49, 0x42, 0x49, 0x01, 0x45, 0x05, 0x61,
		0x82, 0x80, 0x79, 0x71, 0x5e, 0xc6, 0x22, 0xd4, 0x06, 0xd6, 0x2a, 0x84,
		0x97, 0x15, 0x00, 0x00, 0x93, 0x85, 0xc5, 0x12, 0x17, 0x15, 0x00, 0x00,
		0x13, 0x05, 0xc5, 0x12, 0x5a, 0xc8, 0x56, 0xca, 0x52, 0xcc, 0x4e, 0xce,
		0x4a, 0xd0, 0x26, 0xd2, 0x01, 0x49, 0xef, 0xd0, 0x6f, 0xb0, 0x95, 0x49,
		0x17, 0x1a, 0x00, 0x00, 0x13, 0x0a, 0x0a, 0x13, 0xb7, 0x0a, 0x00, 0x01,
		0x37, 0x0b, 0x00, 0x02, 0x97, 0x1b, 0x00, 0x00, 0x93, 0x8b, 0x0b, 0x15,
		0x05, 0x09, 0x63, 0x1a, 0x39, 0x01, 0x17, 0x15, 0x00, 0x00, 0x13, 0x05,
		0xe5, 0x19, 0xef, 0xd0, 0xaf, 0xad, 0x85, 0x44, 0xb1, 0xa8, 0xca, 0x85,
		0x52, 0x85, 0xef, 0xd0, 0xef, 0xac, 0x3c, 0x48, 0xb3, 0xf7, 0xfa, 0x00,
		0x99, 0xc3, 0x22, 0x85, 0xb9, 0x3b, 0x3c, 0x48, 0xb3, 0x77, 0xfb, 0x00,
		0x99, 0xc3, 0x22, 0x85, 0xd1, 0x3d, 0x22, 0x85, 0xef, 0xf0, 0x2f, 0xc3,
		0x71, 0xf1, 0x22, 0x85, 0xef, 0xe0, 0x1f, 0xf3, 0x93, 0x34, 0x15, 0x00,
		0x05, 0x66, 0xb7, 0x05, 0x00, 0x42, 0x37, 0x05, 0x00, 0x40, 0xef, 0xf0,
		0xaf, 0xbb, 0xc9, 0x8c, 0x89, 0xc4, 0x5e, 0x85, 0xef, 0xd0, 0xcf, 0xa8,
		0x45, 0xb7, 0x0c, 0x40, 0x17, 0x15, 0x00, 0x00, 0x13, 0x05, 0x05, 0x11,
		0xef, 0xd0, 0xcf, 0xa7, 0x26, 0x85, 0x92, 0x54, 0x22, 0x54, 0xb2, 0x50,
		0xb2, 0x4b, 0x42, 0x4b, 0xd2, 0x4a, 0x62, 0x4a, 0xf2, 0x49, 0x02, 0x59,
		0x45, 0x61, 0x82, 0x80, 0x41, 0x11, 0x22, 0xc4, 0x13, 0x06, 0x80, 0x08,
		0x2a, 0x84, 0x81, 0x45, 0x17, 0xd5, 0xff, 0xff, 0x13, 0x05, 0xc5, 0xc7,
		0x06, 0xc6, 0xef, 0xd0, 0x2f, 0xb5, 0x17, 0xd7, 0xff, 0xff, 0x13, 0x07,
		0xe7, 0x92, 0xb7, 0x57, 0x41, 0x4d, 0x93, 0x87, 0x47, 0x24, 0x13, 0x06,
		0x00, 0x08, 0x23, 0x20, 0xf7, 0x34, 0x23, 0x22, 0x87, 0x34, 0x97, 0xd5,
		0xff, 0xff, 0x93, 0x85, 0xa5, 0x94, 0x17, 0xd5, 0xff, 0xff, 0x13, 0x05,
		0x25, 0xc5, 0xef, 0xd0, 0x8f, 0xba, 0x13, 0x06, 0x00, 0x08, 0x97, 0xd5,
		0xff, 0xff, 0x93, 0x85, 0x25, 0x93, 0x37, 0x05, 0x80, 0x40, 0xef, 0xd0,
		0x4f, 0xb9, 0x22, 0x44, 0xb2, 0x40, 0x37, 0x05, 0x80, 0x40, 0x13, 0x05,
		0x05, 0x08, 0x41, 0x01, 0x6f, 0xd0, 0x2f, 0xc1, 0x41, 0x11, 0x22, 0xc4,
		0x06, 0xc6, 0xef, 0xd0, 0x2f, 0xa9, 0x97, 0xd7, 0xff, 0xff, 0x93, 0x87,
		0xe7, 0x8c, 0x03, 0xa5, 0x87, 0x0b, 0x03, 0xc6, 0xf7, 0x33, 0x89, 0x46,
		0x97, 0xd5, 0xff, 0xff, 0x93, 0x85, 0x85, 0x97, 0xef, 0xd0, 0x6f, 0xc2,
		0x97, 0xd5, 0xff, 0xff, 0x93, 0x85, 0x85, 0xba, 0x17, 0x15, 0x00, 0x00,
		0x13, 0x05, 0x05, 0x0b, 0xef, 0xd0, 0x8f, 0x9b, 0xef, 0xc0, 0x3f, 0xd1,
		0x01, 0x44, 0x1d, 0xed, 0xef, 0xd0, 0x0f, 0xa7, 0x17, 0x15, 0x00, 0x00,
		0x13, 0x05, 0x05, 0x0b, 0xef, 0xd0, 0x0f, 0x9a, 0xef, 0xd0, 0x2f, 0xa5,
		0xef, 0xf0, 0x8f, 0x8a, 0x2a, 0x84, 0xef, 0xd0, 0x3f, 0x81, 0x19, 0xc1,
		0xef, 0xd0, 0x5f, 0x89, 0x0d, 0xc0, 0x05, 0x45, 0x15, 0x37, 0x17, 0x15,
		0x00, 0x00, 0x13, 0x05, 0xe5, 0x09, 0xef, 0xd0, 0xaf, 0x97, 0x29, 0x45,
		0xef, 0xc0, 0x3f, 0xcc, 0x22, 0x85, 0x22, 0x44, 0xb2, 0x40, 0x41, 0x01,
		0x82, 0x80, 0x01, 0x45, 0x11, 0x37, 0x17, 0x15, 0x00, 0x00, 0x13, 0x05,
		0xe5, 0x08, 0xef, 0xd0, 0xaf, 0x95, 0x01, 0xa0, 0xf9, 0xbf, 0x00, 0x00,
		0x00, 0x00, 0x00, 0x00, 0x00, 0x00, 0x00, 0x00, 0x08, 0x08, 0x08, 0x08,
		0x08, 0x08, 0x08, 0x08, 0x08, 0x28, 0x28, 0x28, 0x28, 0x28, 0x08, 0x08,
		0x08, 0x08, 0x08, 0x08, 0x08, 0x08, 0x08, 0x08, 0x08, 0x08, 0x08, 0x08,
		0x08, 0x08, 0x08, 0x08, 0xa0, 0x10, 0x10, 0x10, 0x10, 0x10, 0x10, 0x10,
		0x10, 0x10, 0x10, 0x10, 0x10, 0x10, 0x10, 0x10, 0x04, 0x04, 0x04, 0x04,
		0x04, 0x04, 0x04, 0x04, 0x04, 0x04, 0x10, 0x10, 0x10, 0x10, 0x10, 0x10,
		0x10, 0x41, 0x41, 0x41, 0x41, 0x41, 0x41, 0x01, 0x01, 0x01, 0x01, 0x01,
		0x01, 0x01, 0x01, 0x01, 0x01, 0x01, 0x01, 0x01, 0x01, 0x01, 0x01, 0x01,
		0x01, 0x01, 0x01, 0x10, 0x10, 0x10, 0x10, 0x10, 0x10, 0x42, 0x42, 0x42,
		0x42, 0x42, 0x42, 0x02, 0x02, 0x02, 0x02, 0x02, 0x02, 0x02, 0x02, 0x02,
		0x02, 0x02, 0x02, 0x02, 0x02, 0x02, 0x02, 0x02, 0x02, 0x02, 0x02, 0x10,
		0x10, 0x10, 0x10, 0x08, 0x00, 0x00, 0x00, 0x00, 0x00, 0x00, 0x00, 0x00,
		0x00, 0x00, 0x00, 0x00, 0x00, 0x00, 0x00, 0x00, 0x00, 0x00, 0x00, 0x00,
		0x00, 0x00, 0x00, 0x00, 0x00, 0x00, 0x00, 0x00, 0x00, 0x00, 0x00, 0x00,
		0xa0, 0x10, 0x10, 0x10, 0x10, 0x10, 0x10, 0x10, 0x10, 0x10, 0x10, 0x10,
		0x10, 0x10, 0x10, 0x10, 0x10, 0x10, 0x10, 0x10, 0x10, 0x10, 0x10, 0x10,
		0x10, 0x10, 0x10, 0x10, 0x10, 0x10, 0x10, 0x10, 0x01, 0x01, 0x01, 0x01,
		0x01, 0x01, 0x01, 0x01, 0x01, 0x01, 0x01, 0x01, 0x01, 0x01, 0x01, 0x01,
		0x01, 0x01, 0x01, 0x01, 0x01, 0x01, 0x01, 0x10, 0x01, 0x01, 0x01, 0x01,
		0x01, 0x01, 0x01, 0x02, 0x02, 0x02, 0x02, 0x02, 0x02, 0x02, 0x02, 0x02,
		0x02, 0x02, 0x02, 0x02, 0x02, 0x02, 0x02, 0x02, 0x02, 0x02, 0x02, 0x02,
		0x02, 0x02, 0x02, 0x10, 0x02, 0x02, 0x02, 0x02, 0x02, 0x02, 0x02, 0x02,
		0x69, 0x6e, 0x69, 0x74, 0x5f, 0x44, 0x52, 0x41, 0x4d, 0x00, 0x00, 0x00,
		0x30, 0x31, 0x32, 0x33, 0x34, 0x35, 0x36, 0x37, 0x38, 0x39, 0x61, 0x62,
		0x63, 0x64, 0x65, 0x66, 0x00, 0x00, 0x00, 0x00, 0x00, 0x84, 0x03, 0x00,
		0x00, 0x10, 0x0e, 0x00, 0x40, 0x42, 0x0f, 0x00, 0x60, 0xe3, 0x16, 0x00,
		0xc0, 0xc6, 0x2d, 0x00, 0x70, 0x38, 0x39, 0x00, 0x40, 0x4b, 0x4c, 0x00,
		0x01, 0x00, 0x00, 0x00, 0xec, 0xc1, 0x02, 0x00, 0x02, 0x00, 0x00, 0x00,
		0xf8, 0xc1, 0x02, 0x00, 0x03, 0x00, 0x00, 0x00, 0x00, 0xc2, 0x02, 0x00,
		0x04, 0x00, 0x00, 0x00, 0x08, 0xc2, 0x02, 0x00, 0x05, 0x00, 0x00, 0x00,
		0x14, 0xc2, 0x02, 0x00, 0x06, 0x00, 0x00, 0x00, 0x1c, 0xc2, 0x02, 0x00,
		0x07, 0x00, 0x00, 0x00, 0x24, 0xc2, 0x02, 0x00, 0x08, 0x00, 0x00, 0x00,
		0x2c, 0xc2, 0x02, 0x00, 0x10, 0x32, 0x64, 0x75, 0x10, 0x32, 0x54, 0x76,
		0x00, 0x00, 0x00, 0x00, 0x00, 0x00, 0x00, 0x00, 0x08, 0x00, 0x00, 0x00,
		0x08, 0x00, 0x00, 0x00, 0x08, 0x00, 0x00, 0x00, 0x08, 0x00, 0x00, 0x00,
		0x45, 0x23, 0x67, 0x01, 0x51, 0x73, 0x40, 0x26, 0x00, 0x00, 0x00, 0x00,
		0x00, 0x00, 0x00, 0x00, 0xff, 0xff, 0xff, 0xff, 0xff, 0xff, 0x00, 0x00,
		0xff, 0x00, 0xff, 0x00, 0x0f, 0x0f, 0x0f, 0x0f, 0x5a, 0x5a, 0x5a, 0x5a,
		0x55, 0x55, 0x55, 0x55, 0x01, 0x00, 0x00, 0x00, 0x02, 0x00, 0x00, 0x00,
		0x04, 0x00, 0x00, 0x00, 0x08, 0x00, 0x00, 0x00, 0x78, 0x00, 0xb8, 0x5f,
		0xb0, 0x5f, 0x00, 0x00, 0x80, 0x00, 0x20, 0x80, 0x20, 0x80, 0x00, 0x00,
		0x46, 0x61, 0x69, 0x6c, 0x65, 0x64, 0x20, 0x74, 0x6f, 0x20, 0x6a, 0x75,
		0x6d, 0x70, 0x20, 0x74, 0x6f, 0x20, 0x6f, 0x70, 0x65, 0x6e, 0x73, 0x62,
		0x69, 0x0a, 0x00, 0x00, 0x46, 0x61, 0x69, 0x6c, 0x65, 0x64, 0x20, 0x74,
		0x6f, 0x20, 0x6a, 0x75, 0x6d, 0x70, 0x20, 0x74, 0x6f, 0x20, 0x6f, 0x70,
		0x65, 0x6e, 0x73, 0x62, 0x69, 0x20, 0x76, 0x31, 0x78, 0x0a, 0x00, 0x00,
		0x6f, 0x70, 0x65, 0x6e, 0x73, 0x62, 0x69, 0x20, 0x74, 0x6f, 0x20, 0x4c,
		0x69, 0x6e, 0x75, 0x78, 0x20, 0x28, 0x25, 0x78, 0x29, 0x2e, 0x2e, 0x2e,
		0x2c, 0x64, 0x74, 0x62, 0x20, 0x28, 0x25, 0x78, 0x29, 0x0a, 0x00, 0x00,
		0x69, 0x63, 0x20, 0x62, 0x6f, 0x61, 0x72, 0x64, 0x20, 0x69, 0x6e, 0x69,
		0x74, 0x20, 0x6f, 0x6b, 0x0a, 0x00, 0x00, 0x00, 0x73, 0x65, 0x74, 0x20,
		0x70, 0x6c, 0x6c, 0x20, 0x73, 0x74, 0x61, 0x72, 0x74, 0x0a, 0x00, 0x00,
		0x73, 0x65, 0x74, 0x20, 0x70, 0x6c, 0x6c, 0x20, 0x65, 0x6e, 0x64, 0x0a,
		0x00, 0x00, 0x00, 0x00, 0x5b, 0x25, 0x64, 0x5d, 0x00, 0x00, 0x00, 0x00,
		0x25, 0x73, 0x00, 0x00, 0x74, 0x69, 0x6d, 0x65, 0x20, 0x75, 0x73, 0x65,
		0x64, 0x3a, 0x25, 0x64, 0x0a, 0x00, 0x00, 0x00, 0x6b, 0x65, 0x79, 0x20,
		0x70, 0x72, 0x65, 0x73, 0x73, 0x20, 0x3a, 0x20, 0x25, 0x63, 0x0a, 0x00,
		0x5f, 0x5f, 0x77, 0x65, 0x61, 0x6b, 0x20, 0x25, 0x73, 0x2e, 0x2e, 0x2e,
		0x25, 0x64, 0x0a, 0x00, 0x69, 0x6e, 0x62, 0x75, 0x66, 0x3a, 0x25, 0x78,
		0x0a, 0x00, 0x00, 0x00, 0x25, 0x30, 0x32, 0x78, 0x20, 0x00, 0x00, 0x00,
		0x44, 0x75, 0x6d, 0x70, 0x20, 0x25, 0x73, 0x20, 0x61, 0x64, 0x64, 0x72,
		0x3d, 0x30, 0x78, 0x25, 0x6c, 0x78, 0x2c, 0x20, 0x73, 0x69, 0x7a, 0x65,
		0x3d, 0x30, 0x78, 0x25, 0x78, 0x3a, 0x0a, 0x20, 0x20, 0x00, 0x00, 0x00,
		0x0a, 0x20, 0x20, 0x00, 0x25, 0x73, 0x3a, 0x25, 0x75, 0x3a, 0x20, 0x25,
		0x73, 0x3a, 0x20, 0x41, 0x73, 0x73, 0x65, 0x72, 0x74, 0x69, 0x6f, 0x6e,
		0x20, 0x60, 0x25, 0x73, 0x27, 0x20, 0x66, 0x61, 0x69, 0x6c, 0x65, 0x64,
		0x2e, 0x00, 0x00, 0x00, 0x4c, 0x5a, 0x4d, 0x41, 0x3a, 0x20, 0x49, 0x6d,
		0x61, 0x67, 0x65, 0x20, 0x61, 0x64, 0x64, 0x72, 0x65, 0x73, 0x73, 0x2e,
		0x2e, 0x2e, 0x2e, 0x2e, 0x2e, 0x2e, 0x2e, 0x2e, 0x2e, 0x2e, 0x2e, 0x2e,
		0x2e, 0x2e, 0x20, 0x30, 0x78, 0x25, 0x30, 0x38, 0x6c, 0x78, 0x0a, 0x00,
		0x4c, 0x5a, 0x4d, 0x41, 0x3a, 0x20, 0x50, 0x72, 0x6f, 0x70, 0x65, 0x72,
		0x74, 0x69, 0x65, 0x73, 0x20, 0x61, 0x64, 0x64, 0x72, 0x65, 0x73, 0x73,
		0x2e, 0x2e, 0x2e, 0x2e, 0x2e, 0x2e, 0x2e, 0x2e, 0x2e, 0x2e, 0x20, 0x30,
		0x78, 0x25, 0x30, 0x38, 0x6c, 0x78, 0x0a, 0x00, 0x4c, 0x5a, 0x4d, 0x41,
		0x3a, 0x20, 0x55, 0x6e, 0x63, 0x6f, 0x6d, 0x70, 0x72, 0x65, 0x73, 0x73,
		0x65, 0x64, 0x20, 0x73, 0x69, 0x7a, 0x65, 0x20, 0x61, 0x64, 0x64, 0x72,
		0x65, 0x73, 0x73, 0x2e, 0x2e, 0x2e, 0x20, 0x30, 0x78, 0x25, 0x30, 0x38,
		0x6c, 0x78, 0x0a, 0x00, 0x4c, 0x5a, 0x4d, 0x41, 0x3a, 0x20, 0x43, 0x6f,
		0x6d, 0x70, 0x72, 0x65, 0x73, 0x73, 0x65, 0x64, 0x20, 0x64, 0x61, 0x74,
		0x61, 0x20, 0x61, 0x64, 0x64, 0x72, 0x65, 0x73, 0x73, 0x2e, 0x2e, 0x2e,
		0x2e, 0x2e, 0x20, 0x30, 0x78, 0x25, 0x30, 0x38, 0x6c, 0x78, 0x0a, 0x00,
		0x4c, 0x5a, 0x4d, 0x41, 0x3a, 0x20, 0x44, 0x65, 0x73, 0x74, 0x69, 0x6e,
		0x61, 0x74, 0x69, 0x6f, 0x6e, 0x20, 0x61, 0x64, 0x64, 0x72, 0x65, 0x73,
		0x73, 0x2e, 0x2e, 0x2e, 0x2e, 0x2e, 0x2e, 0x2e, 0x2e, 0x2e, 0x20, 0x30,
		0x78, 0x25, 0x30, 0x38, 0x6c, 0x78, 0x0a, 0x00, 0x4c, 0x5a, 0x4d, 0x41,
		0x3a, 0x20, 0x36, 0x34, 0x62, 0x69, 0x74, 0x20, 0x73, 0x75, 0x70, 0x70,
		0x6f, 0x72, 0x74, 0x20, 0x6e, 0x6f, 0x74, 0x20, 0x65, 0x6e, 0x61, 0x62,
		0x6c, 0x65, 0x64, 0x2e, 0x0a, 0x00, 0x00, 0x00, 0x4c, 0x5a, 0x4d, 0x41,
		0x3a, 0x20, 0x55, 0x6e, 0x63, 0x6f, 0x6d, 0x70, 0x72, 0x65, 0x73, 0x65,
		0x64, 0x20, 0x73, 0x69, 0x7a, 0x65, 0x2e, 0x2e, 0x2e, 0x2e, 0x2e, 0x2e,
		0x2e, 0x2e, 0x2e, 0x2e, 0x2e, 0x2e, 0x20, 0x30, 0x78, 0x25, 0x30, 0x38,
		0x6c, 0x78, 0x0a, 0x00, 0x4c, 0x5a, 0x4d, 0x41, 0x3a, 0x20, 0x43, 0x6f,
		0x6d, 0x70, 0x72, 0x65, 0x73, 0x65, 0x64, 0x20, 0x73, 0x69, 0x7a, 0x65,
		0x2e, 0x2e, 0x2e, 0x2e, 0x2e, 0x2e, 0x2e, 0x2e, 0x2e, 0x2e, 0x2e, 0x2e,
		0x2e, 0x2e, 0x20, 0x30, 0x78, 0x25, 0x30, 0x38, 0x6c, 0x78, 0x0a, 0x00,
		0x4c, 0x5a, 0x4d, 0x41, 0x3a, 0x20, 0x55, 0x6e, 0x63, 0x6f, 0x6d, 0x70,
		0x72, 0x65, 0x73, 0x73, 0x65, 0x64, 0x20, 0x2e, 0x2e, 0x2e, 0x2e, 0x2e,
		0x2e, 0x2e, 0x2e, 0x2e, 0x2e, 0x2e, 0x2e, 0x2e, 0x2e, 0x2e, 0x20, 0x30,
		0x78, 0x25, 0x30, 0x38, 0x6c, 0x78, 0x0a, 0x00, 0x62, 0x6f, 0x6f, 0x74,
		0x70, 0x61, 0x72, 0x61, 0x00, 0x00, 0x00, 0x00, 0x77, 0x6f, 0x72, 0x6b,
		0x6d, 0x6f, 0x64, 0x65, 0x20, 0x30, 0x78, 0x25, 0x78, 0x0a, 0x00, 0x00,
		0x46, 0x61, 0x69, 0x6c, 0x20, 0x74, 0x6f, 0x20, 0x6c, 0x6f, 0x61, 0x64,
		0x20, 0x6b, 0x65, 0x72, 0x6e, 0x65, 0x6c, 0x20, 0x68, 0x65, 0x61, 0x64,
		0x0a, 0x00, 0x00, 0x00, 0x41, 0x4e, 0x44, 0x52, 0x4f, 0x49, 0x44, 0x21,
		0x00, 0x00, 0x00, 0x00, 0x6b, 0x65, 0x72, 0x6e, 0x65, 0x6c, 0x5f, 0x61,
		0x64, 0x64, 0x72, 0x3a, 0x25, 0x78, 0x0a, 0x00, 0x6b, 0x65, 0x72, 0x6e,
		0x65, 0x6c, 0x20, 0x6d, 0x61, 0x67, 0x69, 0x63, 0x20, 0x69, 0x73, 0x20,
		0x65, 0x72, 0x72, 0x6f, 0x72, 0x0a, 0x00, 0x00, 0x6c, 0x6f, 0x61, 0x64,
		0x20, 0x62, 0x6f, 0x6f, 0x74, 0x5f, 0x69, 0x6d, 0x61, 0x67, 0x65, 0x20,
		0x66, 0x61, 0x69, 0x6c, 0x0a, 0x00, 0x00, 0x00, 0x57, 0x61, 0x72, 0x6e,
		0x69, 0x6e, 0x67, 0x3a, 0x50, 0x6c, 0x65, 0x61, 0x73, 0x65, 0x20, 0x63,
		0x68, 0x65, 0x63, 0x6b, 0x20, 0x6d, 0x65, 0x6d, 0x6f, 0x72, 0x79, 0x20,
		0x21, 0x21, 0x21, 0x0a, 0x00, 0x00, 0x00, 0x00, 0x62, 0x6f, 0x6f, 0x74,
		0x2e, 0x69, 0x6d, 0x67, 0x3a, 0x30, 0x78, 0x25, 0x6c, 0x78, 0x2d, 0x30,
		0x78, 0x25, 0x6c, 0x78, 0x0a, 0x00, 0x00, 0x00, 0x6b, 0x65, 0x72, 0x6e,
		0x65, 0x6c, 0x5f, 0x63, 0x6f, 0x64, 0x65, 0x3a, 0x30, 0x78, 0x25, 0x6c,
		0x78, 0x2d, 0x30, 0x78, 0x25, 0x6c, 0x78, 0x0a, 0x00, 0x00, 0x00, 0x00,
		0x6b, 0x65, 0x72, 0x6e, 0x65, 0x6c, 0x3a, 0x25, 0x78, 0x20, 0x25, 0x78,
		0x0a, 0x00, 0x00, 0x00, 0x72, 0x74, 0x63, 0x5b, 0x25, 0x64, 0x5d, 0x20,
		0x76, 0x61, 0x6c, 0x75, 0x65, 0x20, 0x3d, 0x20, 0x30, 0x78, 0x25, 0x78,
		0x0a, 0x00, 0x00, 0x00, 0x65, 0x72, 0x61, 0x6c, 0x79, 0x20, 0x6a, 0x75,
		0x6d, 0x70, 0x20, 0x66, 0x65, 0x6c, 0x0a, 0x00, 0x63, 0x61, 0x72, 0x73,
		0x68, 0x64, 0x75, 0x6d, 0x70, 0x20, 0x6d, 0x6f, 0x64, 0x65, 0x20, 0x2c,
		0x20, 0x6a, 0x75, 0x6d, 0x70, 0x20, 0x66, 0x65, 0x6c, 0x0a, 0x00, 0x00,
		0x55, 0x6e, 0x6b, 0x6e, 0x6f, 0x77, 0x6e, 0x00, 0x5b, 0x45, 0x52, 0x52,
		0x4f, 0x52, 0x5d, 0x20, 0x4e, 0x6f, 0x74, 0x20, 0x73, 0x75, 0x70, 0x70,
		0x6f, 0x72, 0x74, 0x65, 0x64, 0x20, 0x50, 0x53, 0x52, 0x41, 0x4d, 0x20,
		0x74, 0x79, 0x70, 0x65, 0x20, 0x6f, 0x66, 0x20, 0x46, 0x31, 0x30, 0x31,
		0x53, 0x32, 0x3a, 0x20, 0x25, 0x64, 0x0a, 0x00, 0x5b, 0x45, 0x52, 0x52,
		0x4f, 0x52, 0x5d, 0x20, 0x4e, 0x6f, 0x74, 0x20, 0x73, 0x75, 0x70, 0x70,
		0x6f, 0x72, 0x74, 0x65, 0x64, 0x20, 0x50, 0x53, 0x52, 0x41, 0x4d, 0x20,
		0x74, 0x79, 0x70, 0x65, 0x20, 0x6f, 0x66, 0x20, 0x46, 0x31, 0x30, 0x31,
		0x53, 0x33, 0x3a, 0x20, 0x25, 0x64, 0x0a, 0x00, 0x55, 0x6e, 0x6b, 0x6e,
		0x6f, 0x77, 0x6e, 0x20, 0x65, 0x72, 0x72, 0x6f, 0x72, 0x3a, 0x20, 0x30,
		0x78, 0x25, 0x30, 0x34, 0x78, 0x0a, 0x00, 0x00, 0x5b, 0x45, 0x52, 0x52,
		0x4f, 0x52, 0x5d, 0x20, 0x4e, 0x6f, 0x74, 0x20, 0x73, 0x75, 0x70, 0x70,
		0x6f, 0x72, 0x74, 0x65, 0x64, 0x20, 0x50, 0x53, 0x52, 0x41, 0x4d, 0x20,
		0x74, 0x79, 0x70, 0x65, 0x3a, 0x20, 0x25, 0x64, 0x0a, 0x00, 0x00, 0x00,
		0x5b, 0x45, 0x52, 0x52, 0x4f, 0x52, 0x5d, 0x20, 0x4e, 0x6f, 0x74, 0x20,
		0x73, 0x75, 0x70, 0x70, 0x6f, 0x72, 0x74, 0x65, 0x64, 0x20, 0x50, 0x53,
		0x52, 0x41, 0x4d, 0x20, 0x74, 0x79, 0x70, 0x65, 0x21, 0x0a, 0x00, 0x00,
		0x5a, 0x51, 0x20, 0x63, 0x61, 0x6c, 0x69, 0x62, 0x72, 0x61, 0x74, 0x69,
		0x6f, 0x6e, 0x20, 0x65, 0x72, 0x72, 0x6f, 0x72, 0x2c, 0x63, 0x68, 0x65,
		0x63, 0x6b, 0x20, 0x65, 0x78, 0x74, 0x65, 0x72, 0x6e, 0x61, 0x6c, 0x20,
		0x32, 0x34, 0x30, 0x20, 0x6f, 0x68, 0x6d, 0x20, 0x72, 0x65, 0x73, 0x69,
		0x73, 0x74, 0x6f, 0x72, 0x2e, 0x0a, 0x00, 0x00, 0x5b, 0x45, 0x72, 0x72,
		0x6f, 0x72, 0x5d, 0x20, 0x4e, 0x6f, 0x74, 0x20, 0x73, 0x75, 0x70, 0x70,
		0x6f, 0x72, 0x74, 0x65, 0x64, 0x20, 0x64, 0x61, 0x74, 0x61, 0x20, 0x77,
		0x69, 0x64, 0x74, 0x68, 0x20, 0x63, 0x6f, 0x6e, 0x66, 0x69, 0x67, 0x75,
		0x72, 0x61, 0x74, 0x69, 0x6f, 0x6e, 0x20, 0x21, 0x0a, 0x00, 0x00, 0x00,
		0x4c, 0x50, 0x53, 0x52, 0x41, 0x4d, 0x20, 0x73, 0x69, 0x6d, 0x70, 0x6c,
		0x65, 0x20, 0x74, 0x65, 0x73, 0x74, 0x20, 0x46, 0x41, 0x49, 0x4c, 0x2e,
		0x0a, 0x00, 0x00, 0x00, 0x25, 0x78, 0x20, 0x21, 0x3d, 0x20, 0x25, 0x78,
		0x20, 0x61, 0x74, 0x20, 0x61, 0x64, 0x64, 0x72, 0x65, 0x73, 0x73, 0x20,
		0x25, 0x78, 0x0a, 0x00, 0x4c, 0x50, 0x53, 0x52, 0x41, 0x4d, 0x20, 0x73,
		0x69, 0x6d, 0x70, 0x6c, 0x65, 0x20, 0x74, 0x65, 0x73, 0x74, 0x20, 0x4f,
		0x4b, 0x2e, 0x0a, 0x00, 0x64, 0x72, 0x61, 0x6d, 0x5f, 0x63, 0x6c, 0x6b,
		0x20, 0x20, 0x20, 0x20, 0x3d, 0x20, 0x25, 0x64, 0x0a, 0x00, 0x00, 0x00,
		0x64, 0x72, 0x61, 0x6d, 0x5f, 0x74, 0x79, 0x70, 0x65, 0x20, 0x20, 0x20,
		0x3d, 0x20, 0x30, 0x78, 0x25, 0x78, 0x0a, 0x00, 0x64, 0x72, 0x61, 0x6d,
		0x5f, 0x7a, 0x71, 0x20, 0x20, 0x20, 0x20, 0x20, 0x3d, 0x20, 0x30, 0x78,
		0x25, 0x78, 0x0a, 0x00, 0x64, 0x72, 0x61, 0x6d, 0x5f, 0x6f, 0x64, 0x74,
		0x5f, 0x65, 0x6e, 0x20, 0x3d, 0x20, 0x30, 0x78, 0x25, 0x78, 0x0a, 0x00,
		0x64, 0x72, 0x61, 0x6d, 0x5f, 0x70, 0x61, 0x72, 0x61, 0x31, 0x20, 0x20,
		0x3d, 0x20, 0x30, 0x78, 0x25, 0x78, 0x0a, 0x00, 0x64, 0x72, 0x61, 0x6d,
		0x5f, 0x70, 0x61, 0x72, 0x61, 0x32, 0x20, 0x20, 0x3d, 0x20, 0x30, 0x78,
		0x25, 0x78, 0x0a, 0x00, 0x64, 0x72, 0x61, 0x6d, 0x5f, 0x6d, 0x72, 0x30,
		0x20, 0x20, 0x20, 0x20, 0x3d, 0x20, 0x30, 0x78, 0x25, 0x78, 0x0a, 0x00,
		0x64, 0x72, 0x61, 0x6d, 0x5f, 0x6d, 0x72, 0x31, 0x20, 0x20, 0x20, 0x20,
		0x3d, 0x20, 0x30, 0x78, 0x25, 0x78, 0x0a, 0x00, 0x64, 0x72, 0x61, 0x6d,
		0x5f, 0x6d, 0x72, 0x32, 0x20, 0x20, 0x20, 0x20, 0x3d, 0x20, 0x30, 0x78,
		0x25, 0x78, 0x0a, 0x00, 0x64, 0x72, 0x61, 0x6d, 0x5f, 0x6d, 0x72, 0x33,
		0x20, 0x20, 0x20, 0x20, 0x3d, 0x20, 0x30, 0x78, 0x25, 0x78, 0x0a, 0x00,
		0x64, 0x72, 0x61, 0x6d, 0x5f, 0x74, 0x70, 0x72, 0x30, 0x20, 0x20, 0x20,
		0x3d, 0x20, 0x30, 0x78, 0x25, 0x78, 0x0a, 0x00, 0x64, 0x72, 0x61, 0x6d,
		0x5f, 0x74, 0x70, 0x72, 0x31, 0x20, 0x20, 0x20, 0x3d, 0x20, 0x30, 0x78,
		0x25, 0x78, 0x0a, 0x00, 0x64, 0x72, 0x61, 0x6d, 0x5f, 0x74, 0x70, 0x72,
		0x32, 0x20, 0x20, 0x20, 0x3d, 0x20, 0x30, 0x78, 0x25, 0x78, 0x0a, 0x00,
		0x64, 0x72, 0x61, 0x6d, 0x5f, 0x74, 0x70, 0x72, 0x33, 0x20, 0x20, 0x20,
		0x3d, 0x20, 0x30, 0x78, 0x25, 0x78, 0x0a, 0x00, 0x64, 0x72, 0x61, 0x6d,
		0x5f, 0x74, 0x70, 0x72, 0x34, 0x20, 0x20, 0x20, 0x3d, 0x20, 0x30, 0x78,
		0x25, 0x78, 0x0a, 0x00, 0x64, 0x72, 0x61, 0x6d, 0x5f, 0x74, 0x70, 0x72,
		0x35, 0x20, 0x20, 0x20, 0x3d, 0x20, 0x30, 0x78, 0x25, 0x78, 0x0a, 0x00,
		0x64, 0x72, 0x61, 0x6d, 0x5f, 0x74, 0x70, 0x72, 0x36, 0x20, 0x20, 0x20,
		0x3d, 0x20, 0x30, 0x78, 0x25, 0x78, 0x0a, 0x00, 0x64, 0x72, 0x61, 0x6d,
		0x5f, 0x74, 0x70, 0x72, 0x37, 0x20, 0x20, 0x20, 0x3d, 0x20, 0x30, 0x78,
		0x25, 0x78, 0x0a, 0x00, 0x64, 0x72, 0x61, 0x6d, 0x5f, 0x74, 0x70, 0x72,
		0x38, 0x20, 0x20, 0x20, 0x3d, 0x20, 0x30, 0x78, 0x25, 0x78, 0x0a, 0x00,
		0x64, 0x72, 0x61, 0x6d, 0x5f, 0x74, 0x70, 0x72, 0x39, 0x20, 0x20, 0x20,
		0x3d, 0x20, 0x30, 0x78, 0x25, 0x78, 0x0a, 0x00, 0x64, 0x72, 0x61, 0x6d,
		0x5f, 0x74, 0x70, 0x72, 0x31, 0x30, 0x20, 0x20, 0x3d, 0x20, 0x30, 0x78,
		0x25, 0x78, 0x0a, 0x00, 0x64, 0x72, 0x61, 0x6d, 0x5f, 0x74, 0x70, 0x72,
		0x31, 0x31, 0x20, 0x20, 0x3d, 0x20, 0x30, 0x78, 0x25, 0x78, 0x0a, 0x00,
		0x64, 0x72, 0x61, 0x6d, 0x5f, 0x74, 0x70, 0x72, 0x31, 0x32, 0x20, 0x20,
		0x3d, 0x20, 0x30, 0x78, 0x25, 0x78, 0x0a, 0x00, 0x64, 0x72, 0x61, 0x6d,
		0x5f, 0x74, 0x70, 0x72, 0x31, 0x33, 0x20, 0x20, 0x3d, 0x20, 0x30, 0x78,
		0x25, 0x78, 0x0a, 0x00, 0x5a, 0x51, 0x20, 0x76, 0x61, 0x6c, 0x75, 0x65,
		0x20, 0x3d, 0x20, 0x30, 0x78, 0x25, 0x78, 0x0a, 0x00, 0x00, 0x00, 0x00,
		0x4c, 0x50, 0x53, 0x52, 0x41, 0x4d, 0x20, 0x74, 0x79, 0x70, 0x65, 0x20,
		0x64, 0x65, 0x74, 0x65, 0x63, 0x74, 0x69, 0x6f, 0x6e, 0x20, 0x64, 0x6f,
		0x6e, 0x65, 0x2e, 0x0a, 0x00, 0x00, 0x00, 0x00, 0x4c, 0x50, 0x53, 0x52,
		0x41, 0x4d, 0x20, 0x69, 0x6e, 0x69, 0x74, 0x69, 0x61, 0x6c, 0x20, 0x65,
		0x72, 0x72, 0x6f, 0x72, 0x3a, 0x20, 0x31, 0x20, 0x21, 0x0a, 0x00, 0x00,
		0x56, 0x30, 0x2e, 0x34, 0x31, 0x00, 0x00, 0x00, 0x4c, 0x50, 0x53, 0x52,
		0x41, 0x4d, 0x20, 0x42, 0x4f, 0x4f, 0x54, 0x20, 0x44, 0x52, 0x49, 0x56,
		0x45, 0x20, 0x49, 0x4e, 0x46, 0x4f, 0x3a, 0x20, 0x25, 0x73, 0x0a, 0x00,
		0x4c, 0x50, 0x53, 0x52, 0x41, 0x4d, 0x20, 0x43, 0x4c, 0x4b, 0x20, 0x3d,
		0x20, 0x25, 0x64, 0x20, 0x4d, 0x48, 0x7a, 0x0a, 0x00, 0x00, 0x00, 0x00,
		0x4c, 0x50, 0x53, 0x52, 0x41, 0x4d, 0x20, 0x54, 0x79, 0x70, 0x65, 0x20,
		0x3d, 0x20, 0x25, 0x73, 0x0a, 0x00, 0x00, 0x00, 0x4c, 0x50, 0x53, 0x52,
		0x41, 0x4d, 0x20, 0x5a, 0x51, 0x20, 0x50, 0x41, 0x52, 0x41, 0x4d, 0x20,
		0x3d, 0x20, 0x30, 0x78, 0x25, 0x78, 0x0a, 0x00, 0x4c, 0x50, 0x53, 0x52,
		0x41, 0x4d, 0x20, 0x53, 0x49, 0x5a, 0x45, 0x20, 0x3d, 0x20, 0x25, 0x64,
		0x20, 0x4d, 0x42, 0x0a, 0x00, 0x00, 0x00, 0x00, 0x5b, 0x45, 0x52, 0x52,
		0x4f, 0x52, 0x5d, 0x20, 0x4c, 0x53, 0x50, 0x53, 0x52, 0x41, 0x4d, 0x20,
		0x49, 0x4e, 0x49, 0x54, 0x20, 0x66, 0x61, 0x69, 0x6c, 0x65, 0x64, 0x2e,
		0x0a, 0x00, 0x00, 0x00, 0x41, 0x50, 0x53, 0x33, 0x32, 0x30, 0x38, 0x4b,
		0x00, 0x00, 0x00, 0x00, 0x41, 0x50, 0x53, 0x36, 0x34, 0x4d, 0x00, 0x00,
		0x41, 0x50, 0x53, 0x31, 0x32, 0x38, 0x4d, 0x00, 0x41, 0x50, 0x53, 0x33,
		0x32, 0x30, 0x38, 0x45, 0x00, 0x00, 0x00, 0x00, 0x57, 0x39, 0x35, 0x35,
		0x00, 0x00, 0x00, 0x00, 0x57, 0x39, 0x35, 0x36, 0x00, 0x00, 0x00, 0x00,
		0x57, 0x39, 0x35, 0x37, 0x00, 0x00, 0x00, 0x00, 0x57, 0x39, 0x35, 0x38,
		0x00, 0x00, 0x00, 0x00, 0x25, 0x64, 0x4d, 0x20, 0x69, 0x6e, 0x69, 0x74,
		0x20, 0x66, 0x61, 0x69, 0x6c, 0x21, 0x21, 0x21, 0x00, 0x00, 0x00, 0x00,
		0x5b, 0x45, 0x52, 0x52, 0x4f, 0x52, 0x20, 0x53, 0x4f, 0x46, 0x54, 0x20,
		0x54, 0x52, 0x41, 0x49, 0x4e, 0x49, 0x4e, 0x47, 0x5d, 0x20, 0x53, 0x74,
		0x61, 0x62, 0x6c, 0x65, 0x20, 0x74, 0x65, 0x73, 0x74, 0x2c, 0x20, 0x64,
		0x72, 0x61, 0x6d, 0x5f, 0x63, 0x6c, 0x6b, 0x3d, 0x25, 0x64, 0x2c, 0x20,
		0x64, 0x72, 0x61, 0x6d, 0x5f, 0x74, 0x70, 0x72, 0x31, 0x31, 0x3d, 0x30,
		0x78, 0x25, 0x30, 0x38, 0x78, 0x2c, 0x20, 0x64, 0x72, 0x61, 0x6d, 0x5f,
		0x74, 0x70, 0x72, 0x31, 0x32, 0x3d, 0x30, 0x78, 0x25, 0x30, 0x38, 0x78,
		0x2c, 0x20, 0x6d, 0x65, 0x6d, 0x74, 0x65, 0x73, 0x74, 0x20, 0x66, 0x61,
		0x69, 0x6c, 0x0a, 0x00, 0x5b, 0x53, 0x4f, 0x46, 0x54, 0x20, 0x54, 0x52,
		0x41, 0x49, 0x4e, 0x49, 0x4e, 0x47, 0x5d, 0x20, 0x53, 0x74, 0x61, 0x62,
		0x6c, 0x65, 0x20, 0x74, 0x65, 0x73, 0x74, 0x2c, 0x20, 0x64, 0x72, 0x61,
		0x6d, 0x5f, 0x63, 0x6c, 0x6b, 0x3d, 0x25, 0x64, 0x2c, 0x20, 0x64, 0x72,
		0x61, 0x6d, 0x5f, 0x74, 0x70, 0x72, 0x31, 0x31, 0x3d, 0x30, 0x78, 0x25,
		0x30, 0x38, 0x78, 0x2c, 0x20, 0x64, 0x72, 0x61, 0x6d, 0x5f, 0x74, 0x70,
		0x72, 0x31, 0x32, 0x3d, 0x30, 0x78, 0x25, 0x30, 0x38, 0x78, 0x2c, 0x20,
		0x6d, 0x65, 0x6d, 0x74, 0x65, 0x73, 0x74, 0x20, 0x70, 0x61, 0x73, 0x73,
		0x0a, 0x00, 0x00, 0x00, 0x5b, 0x53, 0x4f, 0x46, 0x54, 0x20, 0x54, 0x52,
		0x41, 0x49, 0x4e, 0x49, 0x4e, 0x47, 0x5d, 0x20, 0x63, 0x68, 0x61, 0x6e,
		0x67, 0x65, 0x20, 0x64, 0x72, 0x61, 0x6d, 0x5f, 0x63, 0x6c, 0x6b, 0x20,
		0x74, 0x6f, 0x20, 0x25, 0x64, 0x20, 0x66, 0x61, 0x69, 0x6c, 0x21, 0x0a,
		0x00, 0x00, 0x00, 0x00, 0x5b, 0x53, 0x4f, 0x46, 0x54, 0x20, 0x54, 0x52,
		0x41, 0x49, 0x4e, 0x49, 0x4e, 0x47, 0x5d, 0x20, 0x63, 0x68, 0x61, 0x6e,
		0x67, 0x65, 0x20, 0x64, 0x72, 0x61, 0x6d, 0x5f, 0x63, 0x6c, 0x6b, 0x20,
		0x74, 0x6f, 0x20, 0x25, 0x64, 0x0a, 0x00, 0x00, 0x5b, 0x53, 0x4f, 0x46,
		0x54, 0x20, 0x54, 0x52, 0x41, 0x49, 0x4e, 0x49, 0x4e, 0x47, 0x5d, 0x20,
		0x73, 0x74, 0x61, 0x72, 0x74, 0x20, 0x72, 0x64, 0x71, 0x20, 0x62, 0x69,
		0x74, 0x20, 0x74, 0x72, 0x61, 0x69, 0x6e, 0x69, 0x6e, 0x67, 0x0a, 0x00,
		0x5b, 0x53, 0x4f, 0x46, 0x54, 0x20, 0x54, 0x52, 0x41, 0x49, 0x4e, 0x49,
		0x4e, 0x47, 0x5d, 0x20, 0x72, 0x64, 0x71, 0x25, 0x30, 0x32, 0x64, 0x20,
		0x64, 0x71, 0x73, 0x5f, 0x6d, 0x6f, 0x76, 0x65, 0x3a, 0x20, 0x25, 0x64,
		0x2c, 0x20, 0x72, 0x61, 0x6e, 0x67, 0x65, 0x3a, 0x20, 0x25, 0x64, 0x7e,
		0x25, 0x64, 0x2c, 0x20, 0x77, 0x69, 0x64, 0x74, 0x68, 0x3d, 0x25, 0x64,
		0x2c, 0x20, 0x63, 0x65, 0x6e, 0x74, 0x65, 0x72, 0x3d, 0x30, 0x78, 0x25,
		0x30, 0x32, 0x78, 0x0a, 0x00, 0x00, 0x00, 0x00, 0x5b, 0x45, 0x52, 0x52,
		0x4f, 0x52, 0x20, 0x53, 0x4f, 0x46, 0x54, 0x20, 0x54, 0x52, 0x41, 0x49,
		0x4e, 0x49, 0x4e, 0x47, 0x5d, 0x20, 0x44, 0x62, 0x79, 0x74, 0x65, 0x25,
		0x64, 0x20, 0x72, 0x64, 0x71, 0x25, 0x64, 0x20, 0x77, 0x69, 0x64, 0x74,
		0x68, 0x20, 0x3c, 0x3d, 0x20, 0x25, 0x64, 0x0a, 0x00, 0x00, 0x00, 0x00,
		0x5b, 0x53, 0x4f, 0x46, 0x54, 0x20, 0x54, 0x52, 0x41, 0x49, 0x4e, 0x49,
		0x4e, 0x47, 0x5d, 0x20, 0x41, 0x66, 0x74, 0x65, 0x72, 0x20, 0x72, 0x64,
		0x71, 0x20, 0x74, 0x72, 0x61, 0x69, 0x6e, 0x69, 0x6e, 0x67, 0x2c, 0x20,
		0x64, 0x72, 0x61, 0x6d, 0x5f, 0x74, 0x70, 0x72, 0x31, 0x32, 0x20, 0x3d,
		0x20, 0x30, 0x78, 0x25, 0x30, 0x38, 0x78, 0x0a, 0x00, 0x00, 0x00, 0x00,
		0x5b, 0x53, 0x4f, 0x46, 0x54, 0x20, 0x54, 0x52, 0x41, 0x49, 0x4e, 0x49,
		0x4e, 0x47, 0x5d, 0x20, 0x73, 0x74, 0x61, 0x72, 0x74, 0x20, 0x77, 0x64,
		0x71, 0x20, 0x62, 0x69, 0x74, 0x20, 0x74, 0x72, 0x61, 0x69, 0x6e, 0x69,
		0x6e, 0x67, 0x0a, 0x00, 0x5b, 0x53, 0x4f, 0x46, 0x54, 0x20, 0x54, 0x52,
		0x41, 0x49, 0x4e, 0x49, 0x4e, 0x47, 0x5d, 0x20, 0x77, 0x64, 0x71, 0x25,
		0x30, 0x32, 0x64, 0x20, 0x64, 0x71, 0x73, 0x5f, 0x6d, 0x6f, 0x76, 0x65,
		0x3a, 0x20, 0x25, 0x64, 0x2c, 0x20, 0x72, 0x61, 0x6e, 0x67, 0x65, 0x3a,
		0x20, 0x25, 0x64, 0x7e, 0x25, 0x64, 0x2c, 0x20, 0x77, 0x69, 0x64, 0x74,
		0x68, 0x3d, 0x25, 0x64, 0x2c, 0x20, 0x63, 0x65, 0x6e, 0x74, 0x65, 0x72,
		0x3d, 0x30, 0x78, 0x25, 0x30, 0x32, 0x78, 0x0a, 0x00, 0x00, 0x00, 0x00,
		0x5b, 0x45, 0x52, 0x52, 0x4f, 0x52, 0x20, 0x53, 0x4f, 0x46, 0x54, 0x20,
		0x54, 0x52, 0x41, 0x49, 0x4e, 0x49, 0x4e, 0x47, 0x5d, 0x20, 0x44, 0x62,
		0x79, 0x74, 0x65, 0x25, 0x64, 0x20, 0x77, 0x64, 0x71, 0x25, 0x64, 0x20,
		0x77, 0x69, 0x64, 0x74, 0x68, 0x20, 0x3c, 0x3d, 0x20, 0x25, 0x64, 0x0a,
		0x00, 0x00, 0x00, 0x00, 0x5b, 0x53, 0x4f, 0x46, 0x54, 0x20, 0x54, 0x52,
		0x41, 0x49, 0x4e, 0x49, 0x4e, 0x47, 0x5d, 0x20, 0x41, 0x66, 0x74, 0x65,
		0x72, 0x20, 0x77, 0x64, 0x71, 0x20, 0x74, 0x72, 0x61, 0x69, 0x6e, 0x69,
		0x6e, 0x67, 0x2c, 0x20, 0x64, 0x72, 0x61, 0x6d, 0x5f, 0x74, 0x70, 0x72,
		0x31, 0x31, 0x20, 0x3d, 0x20, 0x30, 0x78, 0x25, 0x30, 0x38, 0x78, 0x0a,
		0x00, 0x00, 0x00, 0x00, 0x5b, 0x55, 0x49, 0x20, 0x44, 0x4c, 0x59, 0x20,
		0x54, 0x52, 0x41, 0x49, 0x4e, 0x5d, 0x20, 0x62, 0x61, 0x73, 0x65, 0x20,
		0x70, 0x6f, 0x69, 0x6e, 0x74, 0x20, 0x28, 0x30, 0x2c, 0x30, 0x29, 0x20,
		0x66, 0x61, 0x69, 0x6c, 0x0a, 0x00, 0x00, 0x00, 0x5b, 0x55, 0x49, 0x20,
		0x44, 0x4c, 0x59, 0x20, 0x54, 0x52, 0x41, 0x49, 0x4e, 0x5d, 0x20, 0x62,
		0x61, 0x73, 0x65, 0x20, 0x70, 0x6f, 0x69, 0x6e, 0x74, 0x20, 0x28, 0x30,
		0x2c, 0x30, 0x29, 0x20, 0x70, 0x61, 0x73, 0x73, 0x0a, 0x00, 0x00, 0x00,
		0x5b, 0x55, 0x49, 0x20, 0x44, 0x4c, 0x59, 0x20, 0x54, 0x52, 0x41, 0x49,
		0x4e, 0x5d, 0x20, 0x52, 0x44, 0x51, 0x53, 0x20, 0x77, 0x69, 0x6e, 0x64,
		0x6f, 0x77, 0x20, 0x6c, 0x65, 0x66, 0x74, 0x3d, 0x25, 0x64, 0x20, 0x72,
		0x69, 0x67, 0x68, 0x74, 0x3d, 0x25, 0x64, 0x0a, 0x00, 0x00, 0x00, 0x00,
		0x5b, 0x55, 0x49, 0x20, 0x44, 0x4c, 0x59, 0x20, 0x54, 0x52, 0x41, 0x49,
		0x4e, 0x5d, 0x20, 0x52, 0x44, 0x51, 0x53, 0x20, 0x77, 0x69, 0x6e, 0x64,
		0x6f, 0x77, 0x20, 0x69, 0x6e, 0x76, 0x61, 0x6c, 0x69, 0x64, 0x0a, 0x00,
		0x5b, 0x55, 0x49, 0x20, 0x44, 0x4c, 0x59, 0x20, 0x54, 0x52, 0x41, 0x49,
		0x4e, 0x5d, 0x20, 0x57, 0x44, 0x51, 0x20, 0x77, 0x69, 0x6e, 0x64, 0x6f,
		0x77, 0x20, 0x6c, 0x65, 0x66, 0x74, 0x3d, 0x25, 0x64, 0x20, 0x72, 0x69,
		0x67, 0x68, 0x74, 0x3d, 0x25, 0x64, 0x0a, 0x00, 0x5b, 0x55, 0x49, 0x20,
		0x44, 0x4c, 0x59, 0x20, 0x54, 0x52, 0x41, 0x49, 0x4e, 0x5d, 0x20, 0x57,
		0x44, 0x51, 0x20, 0x77, 0x69, 0x6e, 0x64, 0x6f, 0x77, 0x20, 0x69, 0x6e,
		0x76, 0x61, 0x6c, 0x69, 0x64, 0x0a, 0x00, 0x00, 0x5b, 0x55, 0x49, 0x20,
		0x44, 0x4c, 0x59, 0x20, 0x54, 0x52, 0x41, 0x49, 0x4e, 0x5d, 0x20, 0x63,
		0x65, 0x6e, 0x74, 0x65, 0x72, 0x20, 0x77, 0x64, 0x71, 0x3d, 0x25, 0x64,
		0x20, 0x72, 0x64, 0x71, 0x73, 0x3d, 0x25, 0x64, 0x0a, 0x00, 0x00, 0x00,
		0x5b, 0x55, 0x49, 0x20, 0x44, 0x4c, 0x59, 0x20, 0x54, 0x52, 0x41, 0x49,
		0x4e, 0x5d, 0x20, 0x63, 0x65, 0x6e, 0x74, 0x65, 0x72, 0x20, 0x76, 0x65,
		0x72, 0x69, 0x66, 0x79, 0x20, 0x66, 0x61, 0x69, 0x6c, 0x0a, 0x00, 0x00,
		0x5b, 0x55, 0x49, 0x20, 0x44, 0x4c, 0x59, 0x20, 0x54, 0x52, 0x41, 0x49,
		0x4e, 0x5d, 0x20, 0x63, 0x65, 0x6e, 0x74, 0x65, 0x72, 0x20, 0x76, 0x65,
		0x72, 0x69, 0x66, 0x79, 0x20, 0x70, 0x61, 0x73, 0x73, 0x0a, 0x00, 0x00,
		0x5b, 0x55, 0x49, 0x20, 0x44, 0x4c, 0x59, 0x20, 0x53, 0x43, 0x41, 0x4e,
		0x5d, 0x3d, 0x3d, 0x3d, 0x3d, 0x20, 0x52, 0x44, 0x51, 0x53, 0x20, 0x28,
		0x77, 0x64, 0x71, 0x3d, 0x30, 0x29, 0x20, 0x3d, 0x3d, 0x3d, 0x3d, 0x0a,
		0x00, 0x00, 0x00, 0x00, 0x5b, 0x55, 0x49, 0x20, 0x44, 0x4c, 0x59, 0x20,
		0x53, 0x43, 0x41, 0x4e, 0x5d, 0x20, 0x64, 0x65, 0x6c, 0x74, 0x61, 0x3a,
		0x20, 0x72, 0x65, 0x73, 0x75, 0x6c, 0x74, 0x0a, 0x00, 0x00, 0x00, 0x00,
		0x5b, 0x55, 0x49, 0x20, 0x44, 0x4c, 0x59, 0x20, 0x53, 0x43, 0x41, 0x4e,
		0x5d, 0x20, 0x25, 0x34, 0x64, 0x3a, 0x20, 0x25, 0x63, 0x0a, 0x00, 0x00,
		0x5b, 0x55, 0x49, 0x20, 0x44, 0x4c, 0x59, 0x20, 0x53, 0x43, 0x41, 0x4e,
		0x5d, 0x3d, 0x3d, 0x3d, 0x3d, 0x20, 0x57, 0x44, 0x51, 0x20, 0x28, 0x72,
		0x64, 0x71, 0x73, 0x3d, 0x30, 0x29, 0x20, 0x3d, 0x3d, 0x3d, 0x3d, 0x0a,
		0x00, 0x00, 0x00, 0x00, 0x54, 0x32, 0x2e, 0x34, 0x00, 0x00, 0x00, 0x00,
		0x5b, 0x53, 0x4f, 0x46, 0x54, 0x20, 0x54, 0x52, 0x41, 0x49, 0x4e, 0x49,
		0x4e, 0x47, 0x5d, 0x20, 0x56, 0x65, 0x72, 0x73, 0x69, 0x6f, 0x6e, 0x3a,
		0x20, 0x25, 0x73, 0x0a, 0x00, 0x00, 0x00, 0x00, 0x5b, 0x53, 0x4f, 0x46,
		0x54, 0x20, 0x54, 0x52, 0x41, 0x49, 0x4e, 0x49, 0x4e, 0x47, 0x5d, 0x20,
		0x4c, 0x70, 0x73, 0x72, 0x61, 0x6d, 0x20, 0x53, 0x6f, 0x66, 0x74, 0x20,
		0x54, 0x72, 0x61, 0x69, 0x6e, 0x69, 0x6e, 0x67, 0x20, 0x4c, 0x6f, 0x6f,
		0x70, 0x25, 0x64, 0x0a, 0x00, 0x00, 0x00, 0x00, 0x5b, 0x45, 0x52, 0x52,
		0x4f, 0x52, 0x20, 0x53, 0x4f, 0x46, 0x54, 0x20, 0x54, 0x52, 0x41, 0x49,
		0x4e, 0x49, 0x4e, 0x47, 0x5d, 0x20, 0x53, 0x74, 0x61, 0x62, 0x6c, 0x65,
		0x20, 0x6d, 0x65, 0x6d, 0x74, 0x65, 0x73, 0x74, 0x20, 0x66, 0x61, 0x69,
		0x6c, 0x0a, 0x00, 0x00, 0x5b, 0x53, 0x4f, 0x46, 0x54, 0x20, 0x54, 0x52,
		0x41, 0x49, 0x4e, 0x49, 0x4e, 0x47, 0x5d, 0x20, 0x43, 0x4c, 0x4b, 0x3d,
		0x25, 0x64, 0x4d, 0x20, 0x53, 0x74, 0x61, 0x62, 0x6c, 0x65, 0x20, 0x6d,
		0x65, 0x6d, 0x74, 0x65, 0x73, 0x74, 0x20, 0x70, 0x61, 0x73, 0x73, 0x0a,
		0x00, 0x00, 0x00, 0x00, 0x5b, 0x45, 0x52, 0x52, 0x4f, 0x52, 0x20, 0x53,
		0x4f, 0x46, 0x54, 0x20, 0x54, 0x52, 0x41, 0x49, 0x4e, 0x49, 0x4e, 0x47,
		0x5d, 0x20, 0x4c, 0x70, 0x73, 0x72, 0x61, 0x6d, 0x20, 0x53, 0x6f, 0x66,
		0x74, 0x20, 0x54, 0x72, 0x61, 0x69, 0x6e, 0x69, 0x6e, 0x67, 0x20, 0x66,
		0x61, 0x69, 0x6c, 0x0a, 0x00, 0x00, 0x00, 0x00, 0x66, 0x65, 0x73, 0x20,
		0x62, 0x65, 0x67, 0x69, 0x6e, 0x20, 0x63, 0x6f, 0x6d, 0x6d, 0x69, 0x74,
		0x3a, 0x25, 0x73, 0x0a, 0x00, 0x00, 0x00, 0x00, 0x62, 0x65, 0x69, 0x67,
		0x6e, 0x20, 0x74, 0x6f, 0x20, 0x69, 0x6e, 0x69, 0x74, 0x20, 0x64, 0x72,
		0x61, 0x6d, 0x0a, 0x00, 0x69, 0x6e, 0x69, 0x74, 0x20, 0x64, 0x72, 0x61,
		0x6d, 0x20, 0x6f, 0x6b, 0x0a, 0x00, 0x00, 0x00, 0x69, 0x6e, 0x69, 0x74,
		0x20, 0x64, 0x72, 0x61, 0x6d, 0x20, 0x66, 0x61, 0x69, 0x6c, 0x0a, 0x00,
		0x00, 0x00, 0x00, 0x00, 0x00, 0x00, 0x00, 0x00, 0x00, 0x00, 0x00, 0x00,
		0x18, 0x00, 0x00, 0x00, 0x8a, 0x02, 0x00, 0x00, 0x03, 0x14, 0x3a, 0x77,
		0xc0, 0xd3, 0x2c, 0x17, 0x53, 0xd6, 0x76, 0x65, 0xac, 0xd2, 0xe9, 0x27,
		0x75, 0xdb, 0x33, 0x0f, 0x37, 0x19, 0x75, 0x78,
	};
	if(type)
	{
		if(strcmp(type, "f101-s2") == 0)
		{
			fel_write(ctx, 0x00028000, (void *)&f101_s2_payload[0], sizeof(f101_s2_payload));
			fel_exec(ctx, 0x00028000);
			return 1;
		}
		else if(strcmp(type, "f101-s3") == 0)
		{
			fel_write(ctx, 0x00028000, (void *)&f101_s3_payload[0], sizeof(f101_s3_payload));
			fel_exec(ctx, 0x00028000);
			return 1;
		}
	}
	printf("usage:\r\n");
	printf("    xfel ddr f101-s2 - Initial PSRAM controller for F101-S2\r\n");
	printf("    xfel ddr f101-s3 - Initial PSRAM controller for F101-S3\r\n");
	return 0;
}

static int chip_spi_init(struct xfel_ctx_t * ctx, uint32_t * swapbuf, uint32_t * swaplen, uint32_t * cmdlen)
{
	static const uint8_t payload[] = {
		0x37, 0x03, 0x40, 0x00, 0x73, 0x20, 0x03, 0x7c, 0x0f, 0x10, 0x00, 0x00,
		0x09, 0xa0, 0x01, 0x11, 0x22, 0xc4, 0x26, 0xc8, 0x06, 0xcc, 0x2a, 0x84,
		0x37, 0x95, 0x02, 0x00, 0xef, 0x00, 0x40, 0x01, 0xe2, 0x40, 0x22, 0x44,
		0xc2, 0x44, 0x05, 0x61, 0x82, 0x80, 0x00, 0x00, 0x00, 0x00, 0x00, 0x00,
		0x79, 0x71, 0x62, 0xc6, 0x4e, 0xd0, 0x4a, 0xd2, 0x26, 0xd4, 0x22, 0xd6,
		0x5e, 0xc8, 0x5a, 0xca, 0x56, 0xcc, 0x52, 0xce, 0xaa, 0x88, 0xb7, 0x57,
		0x02, 0x04, 0x0b, 0xc7, 0x18, 0x98, 0xb7, 0x05, 0x00, 0x80, 0x31, 0x6f,
		0x7d, 0x79, 0xc5, 0x74, 0x37, 0x04, 0xf1, 0xff, 0xb7, 0x03, 0x10, 0xff,
		0xb7, 0x02, 0x00, 0xfd, 0x85, 0x46, 0x89, 0x4e, 0x3d, 0x0f, 0x13, 0x88,
		0x07, 0x03, 0x09, 0x46, 0x7d, 0x53, 0x7d, 0x5e, 0x13, 0x09, 0xf9, 0x0f,
		0xfd, 0x14, 0x7d, 0x14, 0xfd, 0x13, 0xfd, 0x12, 0x93, 0x89, 0x35, 0x08,
		0x63, 0x08, 0xd7, 0x0a, 0x63, 0x03, 0xd7, 0x19, 0x0d, 0x4a, 0x63, 0x06,
		0x47, 0x19, 0x11, 0x4a, 0x63, 0x0b, 0x47, 0x19, 0x15, 0x4a, 0x63, 0x01,
		0x47, 0x21, 0x19, 0x4a, 0x63, 0x06, 0x47, 0x29, 0x1d, 0x45, 0x63, 0x05,
		0xa7, 0x32, 0x21, 0x45, 0x63, 0x18, 0xa7, 0x38, 0x41, 0x77, 0xb3, 0xff,
		0xef, 0x00, 0xb3, 0xef, 0xef, 0x01, 0x13, 0x75, 0xff, 0x0f, 0x0b, 0x3a,
		0x8f, 0x3c, 0x01, 0x00, 0x13, 0x00, 0x00, 0x00, 0x23, 0x20, 0xc8, 0x00,
		0xd0, 0xdb, 0x90, 0xdf, 0x23, 0x80, 0xa7, 0x20, 0x23, 0x80, 0x47, 0x21,
		0x98, 0x47, 0x4d, 0x8f, 0x98, 0xc7, 0x01, 0x00, 0x98, 0x47, 0xe3, 0x4f,
		0x07, 0xfe, 0x01, 0x00, 0xd8, 0x4f, 0x13, 0x77, 0xe7, 0x0f, 0x6d, 0xdf,
		0x03, 0xc7, 0x07, 0x30, 0x03, 0xc7, 0x07, 0x30, 0x23, 0x20, 0xd8, 0x00,
		0xd4, 0xdb, 0x94, 0xdf, 0x23, 0x80, 0x67, 0x20, 0x98, 0x47, 0x4d, 0x8f,
		0x98, 0xc7, 0x01, 0x00, 0x13, 0x00, 0x00, 0x00, 0x98, 0x47, 0xe3, 0x4f,
		0x07, 0xfe, 0x01, 0x00, 0xd8, 0x4f, 0x13, 0x77, 0xf7, 0x0f, 0x6d, 0xdf,
		0x03, 0xc7, 0x07, 0x30, 0x05, 0x8b, 0x4d, 0xf3, 0x46, 0x85, 0xaa, 0x88,
		0x0b, 0xc7, 0x18, 0x98, 0xe3, 0x1c, 0xd7, 0xf4, 0x37, 0x05, 0x00, 0x02,
		0x38, 0x51, 0x8d, 0x6a, 0x41, 0x9b, 0x13, 0x67, 0x37, 0x00, 0x38, 0xd1,
		0x37, 0x27, 0x00, 0x02, 0x03, 0x2a, 0x05, 0x06, 0x13, 0x7a, 0xfa, 0xf0,
		0x13, 0x6a, 0x0a, 0x03, 0x23, 0x20, 0x45, 0x07, 0x03, 0x2a, 0x05, 0x06,
		0x33, 0x7a, 0x2a, 0x01, 0x13, 0x6a, 0x0a, 0x30, 0x23, 0x20, 0x45, 0x07,
		0x03, 0x2a, 0x05, 0x06, 0x33, 0x7a, 0x9a, 0x00, 0x33, 0x6a, 0x5a, 0x01,
		0x23, 0x20, 0x45, 0x07, 0xb7, 0x0a, 0x03, 0x00, 0x03, 0x2a, 0x05, 0x06,
		0x33, 0x7a, 0x8a, 0x00, 0x33, 0x6a, 0x5a, 0x01, 0x23, 0x20, 0x45, 0x07,
		0xb7, 0x0a, 0x30, 0x00, 0x03, 0x2a, 0x05, 0x06, 0x33, 0x7a, 0x7a, 0x00,
		0x33, 0x6a, 0x5a, 0x01, 0x23, 0x20, 0x45, 0x07, 0x03, 0x25, 0xc7, 0x96,
		0x13, 0x15, 0x05, 0x29, 0x23, 0x26, 0xa7, 0x96, 0x03, 0x25, 0xc7, 0x96,
		0x13, 0x65, 0x15, 0x00, 0x23, 0x26, 0xa7, 0x96, 0x03, 0x25, 0x07, 0x94,
		0x4d, 0x8d, 0x23, 0x20, 0xa7, 0x94, 0x03, 0x25, 0x07, 0x94, 0x33, 0x75,
		0x55, 0x00, 0x23, 0x20, 0xa7, 0x94, 0x03, 0x25, 0x07, 0x94, 0x13, 0x75,
		0xf5, 0xcf, 0x23, 0x20, 0xa7, 0x94, 0x03, 0x25, 0x07, 0x94, 0x41, 0x99,
		0x23, 0x20, 0xa7, 0x94, 0x05, 0x67, 0xd8, 0xd3, 0xd8, 0x43, 0x33, 0x67,
		0x37, 0x01, 0xd8, 0xc3, 0xd8, 0x43, 0xe3, 0x4f, 0x07, 0xfe, 0x98, 0x47,
		0x37, 0x85, 0x00, 0x80, 0x71, 0x9b, 0x13, 0x67, 0x47, 0x04, 0x98, 0xc7,
		0x98, 0x4f, 0x49, 0x8f, 0x98, 0xcf, 0x46, 0x85, 0x39, 0xbf, 0x98, 0x47,
		0x46, 0x85, 0x13, 0x77, 0xf7, 0xf4, 0x98, 0xc7, 0x09, 0xbf, 0x98, 0x47,
		0x46, 0x85, 0x13, 0x77, 0xf7, 0xf4, 0x13, 0x67, 0x07, 0x08, 0x98, 0xc7,
		0x09, 0xb7, 0x03, 0x4b, 0x15, 0x00, 0x09, 0x05, 0x93, 0x0b, 0x00, 0x04,
		0xda, 0x8a, 0x63, 0x0f, 0x0b, 0x04, 0x33, 0xda, 0x7a, 0x0b, 0x23, 0x20,
		0x48, 0x01, 0x01, 0x47, 0x23, 0xaa, 0x47, 0x03, 0x23, 0xac, 0x47, 0x03,
		0x13, 0x00, 0x00, 0x00, 0x0b, 0x4c, 0xe5, 0x80, 0x23, 0x80, 0x87, 0x21,
		0x05, 0x07, 0xe3, 0x4b, 0x47, 0xff, 0x98, 0x47, 0x4d, 0x8f, 0x98, 0xc7,
		0x13, 0x00, 0x00, 0x00, 0x98, 0x47, 0xe3, 0x4f, 0x07, 0xfe, 0x01, 0x00,
		0xd8, 0x4f, 0x13, 0x77, 0xf7, 0x0f, 0xe3, 0x6d, 0x47, 0xff, 0x01, 0x47,
		0x13, 0x00, 0x00, 0x00, 0x03, 0xcc, 0x07, 0x30, 0x05, 0x07, 0xe3, 0x4d,
		0x47, 0xff, 0xb3, 0x8a, 0x4a, 0x41, 0x52, 0x95, 0xe3, 0x95, 0x0a, 0xfa,
		0x05, 0x0b, 0xda, 0x98, 0x46, 0x85, 0x41, 0xbd, 0x83, 0x2a, 0x15, 0x00,
		0x03, 0x2b, 0x55, 0x00, 0x93, 0x0b, 0x00, 0x04, 0x63, 0x05, 0x0b, 0x06,
		0xb3, 0x58, 0x7b, 0x0b, 0x23, 0x20, 0x18, 0x01, 0x01, 0x47, 0x23, 0xaa,
		0x17, 0x03, 0x23, 0xac, 0x17, 0x03, 0x63, 0x8e, 0x0a, 0x04, 0x01, 0x00,
		0x13, 0x00, 0x00, 0x00, 0x0b, 0xca, 0xea, 0x80, 0x23, 0x80, 0x47, 0x21,
		0x05, 0x07, 0xe3, 0x4b, 0x17, 0xff, 0x98, 0x47, 0x4d, 0x8f, 0x98, 0xc7,
		0x13, 0x00, 0x00, 0x00, 0x98, 0x47, 0xe3, 0x4f, 0x07, 0xfe, 0x01, 0x00,
		0xd8, 0x4f, 0x13, 0x77, 0xf7, 0x0f, 0xe3, 0x6d, 0x17, 0xff, 0x01, 0x47,
		0x13, 0x00, 0x00, 0x00, 0x03, 0xca, 0x07, 0x30, 0x05, 0x07, 0xe3, 0x4d,
		0x17, 0xff, 0x33, 0x87, 0x1a, 0x01, 0x33, 0x0b, 0x1b, 0x41, 0x8b, 0x1a,
		0x57, 0x43, 0xe3, 0x1f, 0x0b, 0xf8, 0x93, 0x08, 0x95, 0x00, 0x46, 0x85,
		0x09, 0xbd, 0x13, 0x8a, 0x07, 0x20, 0x01, 0x00, 0x23, 0x00, 0xca, 0x01,
		0x05, 0x07, 0xe3, 0x4d, 0x17, 0xff, 0x75, 0xb7, 0x03, 0x2b, 0x15, 0x00,
		0x83, 0x2b, 0x55, 0x00, 0x13, 0x0c, 0x00, 0x04, 0xe3, 0x8d, 0x0b, 0xfc,
		0xb3, 0xd8, 0x8b, 0x0b, 0x23, 0x20, 0x18, 0x01, 0x01, 0x47, 0x23, 0xaa,
		0x17, 0x03, 0x23, 0xac, 0x17, 0x03, 0x13, 0x8a, 0x07, 0x20, 0x23, 0x00,
		0xca, 0x01, 0x05, 0x07, 0xe3, 0x4d, 0x17, 0xff, 0x98, 0x47, 0x4d, 0x8f,
		0x98, 0xc7, 0x01, 0x00, 0x13, 0x00, 0x00, 0x00, 0x98, 0x47, 0xe3, 0x4f,
		0x07, 0xfe, 0x01, 0x00, 0xd8, 0x4f, 0x13, 0x77, 0xf7, 0x0f, 0xe3, 0x6d,
		0x17, 0xff, 0x01, 0x47, 0x13, 0x00, 0x00, 0x00, 0x83, 0xca, 0x07, 0x30,
		0x5a, 0x8a, 0x93, 0xfa, 0xfa, 0x0f, 0x63, 0x0f, 0x0b, 0x00, 0x8b, 0x5a,
		0x1a, 0x18, 0x05, 0x07, 0x52, 0x8b, 0xe3, 0x45, 0x17, 0xff, 0xb3, 0x8b,
		0x1b, 0x41, 0xe3, 0x9f, 0x0b, 0xf8, 0x93, 0x08, 0x95, 0x00, 0x85, 0xbf,
		0x13, 0x0a, 0x17, 0x00, 0xe3, 0x57, 0x1a, 0xff, 0x03, 0xca, 0x07, 0x30,
		0x09, 0x07, 0xe3, 0x52, 0x17, 0xff, 0x03, 0xca, 0x07, 0x30, 0x13, 0x0a,
		0x17, 0x00, 0xe3, 0x47, 0x1a, 0xff, 0xb3, 0x8b, 0x1b, 0x41, 0xe3, 0x99,
		0x0b, 0xf6, 0xd1, 0xbf, 0x93, 0xff, 0x0f, 0xf0, 0x93, 0xef, 0x5f, 0x00,
		0x15, 0x45, 0x01, 0x00, 0x13, 0x00, 0x00, 0x00, 0x23, 0x20, 0xd8, 0x00,
		0xd4, 0xdb, 0x94, 0xdf, 0x23, 0x80, 0xa7, 0x20, 0x98, 0x47, 0x4d, 0x8f,
		0x98, 0xc7, 0x01, 0x00, 0x13, 0x00, 0x00, 0x00, 0x98, 0x47, 0xe3, 0x4f,
		0x07, 0xfe, 0x01, 0x00, 0xd8, 0x4f, 0x13, 0x77, 0xf7, 0x0f, 0x6d, 0xdf,
		0x03, 0xc7, 0x07, 0x30, 0x23, 0x20, 0xd8, 0x00, 0xd4, 0xdb, 0x94, 0xdf,
		0x23, 0x80, 0x67, 0x20, 0x98, 0x47, 0x4d, 0x8f, 0x98, 0xc7, 0x01, 0x00,
		0x98, 0x47, 0xe3, 0x4f, 0x07, 0xfe, 0x01, 0x00, 0xd8, 0x4f, 0x13, 0x77,
		0xf7, 0x0f, 0x6d, 0xdf, 0x03, 0xc7, 0x07, 0x30, 0x05, 0x8b, 0x4d, 0xf7,
		0x46, 0x85, 0xc5, 0xb9, 0x32, 0x54, 0x32, 0x4c, 0xc2, 0x4b, 0x52, 0x4b,
		0xe2, 0x4a, 0x72, 0x4a, 0x82, 0x59, 0x12, 0x59, 0xa2, 0x54, 0x45, 0x61,
		0x82, 0x80, 0x00, 0x00, 0x00, 0x00, 0x00, 0x00,
	};
	fel_write(ctx, 0x00028000, (void *)&payload[0], sizeof(payload));
	if(swapbuf)
		*swapbuf = 0x0002a000;
	if(swaplen)
		*swaplen = 8192;
	if(cmdlen)
		*cmdlen = 4096;
	return 1;
}

static int chip_spi_run(struct xfel_ctx_t * ctx, uint8_t * cbuf, uint32_t clen)
{
	fel_write(ctx, 0x00029000, (void *)cbuf, clen);
	fel_exec(ctx, 0x00028000);
	return 1;
}

static const struct sid_section_t {
	char * name;
	uint32_t offset;
	uint32_t size_bits;
} sids[] = {
	{ "chipid",    0x0000, 128 },
	{ "brom_conf", 0x0010, 32 },
	{ "thermal",   0x0014, 32 },
	{ "res",       0x0018, 32 },
	{ "sec_ctrl",  0x001c, 32 },
	{ "ssk",       0x0020, 128 },
	{ "oem1",      0x0030, 96 },
	{ "ft_zone",   0x003c, 32 },
};

static int chip_extra(struct xfel_ctx_t * ctx, int argc, char * argv[])
{
	if(argc > 0)
	{
		if(!strcmp(argv[0], "efuse"))
		{
			argc -= 1;
			argv += 1;
			if(argc > 0)
			{
				if(!strcmp(argv[0], "dump") && (argc == 1))
				{
					uint32_t buffer[512 / 4];
					for(int n = 0; n < ARRAY_SIZE(sids); n++)
					{
						uint32_t count = sids[n].size_bits / 32;
						for(int i = 0; i < count; i++)
							buffer[i] = efuse_read(ctx, sids[n].offset + i * 4);
						printf("%s:(0x%04x %d-bits)", sids[n].name, sids[n].offset, sids[n].size_bits);
						for(int i = 0; i < count; i++)
						{
							if(i >= 0 && ((i % 8) == 0))
								printf("\r\n%-4s", "");
							printf("%08x ", buffer[i]);
						}
						printf("\r\n");
					}
					return 1;
				}
				else if(!strcmp(argv[0], "read32") && (argc == 2))
				{
					uint32_t offset = strtoul(argv[1], NULL, 0);
					printf("0x%08x\r\n", efuse_read(ctx, offset));
					return 1;
				}
				else if(!strcmp(argv[0], "write32") && (argc == 3))
				{
					uint32_t offset = strtoul(argv[1], NULL, 0);
					size_t value = strtoul(argv[2], NULL, 0);
					efuse_write(ctx, offset, value);
					return 1;
				}
				else if(!strcmp(argv[0], "write") && (argc == 3))
				{
					uint32_t offset = strtoul(argv[1], NULL, 0);
					uint64_t len;
					void * buf = file_load(argv[2], &len);
					if(buf && (len > 0))
					{
						uint8_t * p = buf;
						uint32_t l = len;
						uint32_t o = 0;
						uint32_t v;
						while(l >= 4)
						{
							v = *((uint32_t *)p);
							efuse_write(ctx, offset + o, v);
							l -= 4;
							o += 4;
							p += 4;
						}
						if(l > 0)
						{
							uint32_t v = 0;
							for(int i = 0; i < l; i++)
								v = ((v << 8) & 0xffffff00) | p[i];
							efuse_write(ctx, offset + o, v);
						}
						free(buf);
						return 1;
					}
				}
			}
		}
	}
	printf("usage:\r\n");
	printf("    xfel extra efuse dump                     - Dump all of the efuse information\r\n");
	printf("    xfel extra efuse read32 <offset>          - Read 32-bits value from efuse\r\n");
	printf("    xfel extra efuse write32 <offset> <value> - Write 32-bits value to efuse\r\n");
	printf("    xfel extra efuse write <offset> <file>    - Write file to efuse\r\n");
	return 0;
}

struct chip_t f101 = {
	.name = "F101",
	.detect = chip_detect,
	.reset = chip_reset,
	.sid = chip_sid,
	.jtag = chip_jtag,
	.ddr = chip_ddr,
	.spi_init = chip_spi_init,
	.spi_run = chip_spi_run,
	.extra = chip_extra,
};
